id,numeroSerie,typeOperation,dateHeure,latitude,longitude,structure,typeStructure,ville,etiquette
7a2260ebfa6b48e9ba49241c4fa39145,DQ5CYMVPCARZ,expedition,2026-08-03 09:24:00,14.717954,-17.468934,Laboratoire Historique,fabricant,Dakar,normal
3e592e6b2a0d4141b3b22d25ad39450e,4VJTBSYM26Q4,expedition,2026-08-03 09:24:11.935654,14.716563,-17.469658,Laboratoire Historique,fabricant,Dakar,normal
400360ba5e0244358c4affdceb0eb5fb,R9QKV33YNR69,expedition,2026-08-03 09:24:26.413598,14.717639,-17.468926,Laboratoire Historique,fabricant,Dakar,normal
b6021b3220914a66b96ff6c999188628,N9U8N864J3Y8,expedition,2026-08-03 09:24:40.517460,14.717058,-17.470479,Laboratoire Historique,fabricant,Dakar,normal
3a7cf4073a73455daf61263254526824,9RF9RPJAYYA8,expedition,2026-08-03 09:24:48.511624,14.717866,-17.469493,Laboratoire Historique,fabricant,Dakar,normal
4266587484d147d0baf7a126228edb2d,N7VDES5XTZW6,expedition,2026-08-03 09:25:01.451003,14.716583,-17.468754,Laboratoire Historique,fabricant,Dakar,normal
ee853f86da564a78a034e00586d9f38e,87SUB7Y2TQAV,expedition,2026-08-03 09:25:08.070349,14.719151,-17.470112,Laboratoire Historique,fabricant,Dakar,normal
1ad1ba9be67c43be8f13d9a81b0926cc,S8HWK5XURY2V,expedition,2026-08-03 09:25:14.686660,14.716428,-17.47114,Laboratoire Historique,fabricant,Dakar,normal
b009249f57634e8d94087141d7e731db,YMEH4DRDRJS9,expedition,2026-08-03 09:25:20.812344,14.719226,-17.469779,Laboratoire Historique,fabricant,Dakar,normal
75142b22e57840be9fc81e710869f11a,ZD7EDJPFG7D9,expedition,2026-08-03 09:25:28.969916,14.716646,-17.469872,Laboratoire Historique,fabricant,Dakar,normal
591a0b76f8d64bc1a6eabdcbdc7e5b57,RPEY8R8WXYGV,expedition,2026-08-03 09:25:38.479046,14.716885,-17.47067,Laboratoire Historique,fabricant,Dakar,normal
f82b6e89438b470eaecae46396cbe3e0,RR9SA29R469K,expedition,2026-08-03 09:25:51.286983,14.716496,-17.469113,Laboratoire Historique,fabricant,Dakar,normal
ef8a0325ec9f40b4a6186cad727fc08e,WDKXWFX7EWBM,expedition,2026-08-03 09:26:05.518957,14.719011,-17.471176,Laboratoire Historique,fabricant,Dakar,normal
11f3739757144893bfcf200262b83586,B8V4EYSH93TA,expedition,2026-08-03 09:26:18.725757,14.718479,-17.471365,Laboratoire Historique,fabricant,Dakar,normal
dba7f80b53eb4556b1f18e98535d4632,KJQT7J6J93X2,expedition,2026-08-03 09:26:26.030442,14.717554,-17.470233,Laboratoire Historique,fabricant,Dakar,normal
46a9326fbd6b4bf58da36526c590ea2d,RBEXVAKDKXTA,expedition,2026-08-03 09:26:38.037549,14.718256,-17.469731,Laboratoire Historique,fabricant,Dakar,normal
6b707cda34874151991a17294622834b,4W9RKY32C7BX,expedition,2026-08-03 09:26:46.182412,14.719328,-17.468854,Laboratoire Historique,fabricant,Dakar,normal
1c502a270cc04013850c558e11e1ae7f,RRYQBGQQKV62,expedition,2026-08-03 09:26:54.576959,14.719098,-17.469137,Laboratoire Historique,fabricant,Dakar,normal
54ae367381194f96b516b15602937618,J3873EYEEUDX,expedition,2026-08-03 09:27:03.491680,14.718911,-17.469587,Laboratoire Historique,fabricant,Dakar,normal
8d8ad168f95e43a7a58c723d1e477605,9NRCU2KN5H7J,expedition,2026-08-03 09:27:14.823210,14.71743,-17.471465,Laboratoire Historique,fabricant,Dakar,normal
9954ba6b07e54a99afbdb4cf99b1a7d6,3QREYYCXFUXD,expedition,2026-08-03 09:27:29.037292,14.719099,-17.469892,Laboratoire Historique,fabricant,Dakar,normal
657aa3cd1b7a4ebaa875843007a64cae,GAN38W2AANPJ,expedition,2026-08-03 09:27:40.741047,14.718759,-17.471525,Laboratoire Historique,fabricant,Dakar,normal
1d5e3f531831420fb1c612acb315a05b,36XD46Y6KJ4W,expedition,2026-08-03 09:27:48.726038,14.716613,-17.468623,Laboratoire Historique,fabricant,Dakar,normal
5e2c2a1b75e34d37bee6feb1ceed8b4f,QUQ7TNEDS3TC,expedition,2026-08-03 09:27:58.945917,14.717541,-17.469177,Laboratoire Historique,fabricant,Dakar,normal
19ba577d819b40b1b92bafa602bb5b9d,NBHXYQJB97BH,expedition,2026-08-03 09:28:09.346902,14.718009,-17.46866,Laboratoire Historique,fabricant,Dakar,normal
9510fcd7a4a142b08393a532f53a82ad,CUKGNU95DRGN,expedition,2026-08-03 09:28:20.891801,14.717571,-17.470313,Laboratoire Historique,fabricant,Dakar,normal
1f96f744209644cc9721f7aee985348a,W8JAVUR3HBSW,expedition,2026-08-03 09:28:32.541507,14.717624,-17.469989,Laboratoire Historique,fabricant,Dakar,normal
bbb8ffd2cae441e2b2f6e255983d01d7,MNU44NP68BHX,expedition,2026-08-03 09:28:44.463673,14.717617,-17.469375,Laboratoire Historique,fabricant,Dakar,normal
81b90f2787124672839ed1d38b72fa61,HDF58BVXWGEE,expedition,2026-08-03 09:28:59.364487,14.719227,-17.471269,Laboratoire Historique,fabricant,Dakar,normal
120e4b739bf14f93a6d9ecc0825143f8,H2A34H4MWQ95,expedition,2026-08-03 09:29:12.099005,14.717577,-17.469912,Laboratoire Historique,fabricant,Dakar,normal
1a474d6cdb1846208171a8a334779a67,GE4MSKTCJVK4,expedition,2026-08-03 09:29:18.653024,14.719289,-17.469004,Laboratoire Historique,fabricant,Dakar,normal
8fcfcd054f824b2e9694ee14a70ceac0,38TDR5U8UXZY,expedition,2026-08-03 09:29:32.993605,14.71675,-17.470454,Laboratoire Historique,fabricant,Dakar,normal
1da0fd0365504ed7ba995f4263f72251,WGRERNAUD9H7,expedition,2026-08-03 09:29:43.277300,14.717794,-17.469021,Laboratoire Historique,fabricant,Dakar,normal
f962df8a58444944a1a0f8c69b1c9fd5,CYCP4T7YT4DQ,expedition,2026-08-03 09:29:54.860668,14.719019,-17.471458,Laboratoire Historique,fabricant,Dakar,normal
d375131d1ada4d2d9e80769559341479,MNMS86T78GVX,expedition,2026-08-03 09:30:03.066160,14.716838,-17.468864,Laboratoire Historique,fabricant,Dakar,normal
4fc1d8eab72c4f91bb7dd81efc6bec30,W5GSC636YVCP,expedition,2026-08-03 09:30:16.774827,14.718398,-17.470959,Laboratoire Historique,fabricant,Dakar,normal
e13121f2820341abac1879e86c1f45e8,RNEGUP8DQNPV,expedition,2026-08-03 09:30:29.401164,14.718246,-17.469333,Laboratoire Historique,fabricant,Dakar,normal
1fb13f33503d4f7aa8808c1e5c38f529,9FG972YHYDZK,expedition,2026-08-03 09:30:39.350501,14.718424,-17.468638,Laboratoire Historique,fabricant,Dakar,normal
a0538a6edb0546f5947bb36b4d441369,C335TC4JPWMM,expedition,2026-08-03 09:30:54.173967,14.71912,-17.471398,Laboratoire Historique,fabricant,Dakar,normal
f9814b7e4b7c48fba01eecdebb45cdd4,5CEM3YFJ7TN2,expedition,2026-08-03 09:31:06.689737,14.716888,-17.470727,Laboratoire Historique,fabricant,Dakar,normal
e04c1b40ab314dbdb397db51d7348295,GKJ8Y9SDWXQ9,expedition,2026-08-03 09:31:17.492306,14.718917,-17.468885,Laboratoire Historique,fabricant,Dakar,normal
e881f45f16bc4eb18d9aa84c388f0926,G2FXCM82Z3HQ,expedition,2026-08-03 09:31:26.915917,14.719078,-17.470099,Laboratoire Historique,fabricant,Dakar,normal
c7c570c8893c4daf9f98d529433873ad,7ST2CJQCBPXB,expedition,2026-08-03 09:31:32.920346,14.71882,-17.470114,Laboratoire Historique,fabricant,Dakar,normal
aa04d05b01074a0e9e1733899f5eec86,DWNYK33SP3PP,expedition,2026-08-03 09:31:41.301719,14.716811,-17.469919,Laboratoire Historique,fabricant,Dakar,normal
12b0cad1e67d4c62bc4e3bbabea95543,NEKBH879G5ZJ,expedition,2026-08-03 09:31:53.411273,14.71935,-17.468953,Laboratoire Historique,fabricant,Dakar,normal
965f2f9d2a824df3ac917ea17dfc665b,GNVK3965X8H4,expedition,2026-08-03 09:32:05.701796,14.718197,-17.471085,Laboratoire Historique,fabricant,Dakar,normal
f2aaed3d3e8f4d2cb6051caf12f72087,R36HMC5669JK,expedition,2026-08-03 09:32:18.232769,14.717148,-17.470093,Laboratoire Historique,fabricant,Dakar,normal
fd9679cc44634e0da144587ad5ecc198,Q9M6ENUGFRXK,expedition,2026-08-03 09:32:32.554124,14.718395,-17.470748,Laboratoire Historique,fabricant,Dakar,normal
25b7cce5b28e4d1ab6acf315bb065797,MJDTG47W2EXW,expedition,2026-08-03 09:32:44.966910,14.717474,-17.469117,Laboratoire Historique,fabricant,Dakar,normal
64a36440a59a45ecb193af3a47388e1a,WNV7QBA3X8GD,expedition,2026-08-03 09:32:54.209487,14.718397,-17.470346,Laboratoire Historique,fabricant,Dakar,normal
3ee6763bfc204d49afe8577a07b9a811,DQ5CYMVPCARZ,reception,2026-08-03 16:56:42.865151,14.156846,-16.098978,Grossiste Kaolack,grossisteRepartiteur,Kaolack,normal
1ea577adac924367bbd72c2986f273b0,4VJTBSYM26Q4,reception,2026-08-03 16:56:53.365244,14.158529,-16.100296,Grossiste Kaolack,grossisteRepartiteur,Kaolack,normal
a6bf523cc70e4a2981f349bb8d0e0985,R9QKV33YNR69,reception,2026-08-03 16:57:06.370388,14.158803,-16.098778,Grossiste Kaolack,grossisteRepartiteur,Kaolack,normal
3cb4a45ac54b46969bb3efab5d920e69,N9U8N864J3Y8,reception,2026-08-03 16:57:18.356958,14.157352,-16.100437,Grossiste Kaolack,grossisteRepartiteur,Kaolack,normal
cd90f07479164f0683ce1ce43e405c44,9RF9RPJAYYA8,reception,2026-08-03 16:57:26.718702,14.158963,-16.099196,Grossiste Kaolack,grossisteRepartiteur,Kaolack,normal
73f5391c5f5d4880948d92012fe96313,N7VDES5XTZW6,reception,2026-08-03 16:57:39.575380,14.156919,-16.101609,Grossiste Kaolack,grossisteRepartiteur,Kaolack,normal
d99091ee9f32408c82e312a6b42b29c4,87SUB7Y2TQAV,reception,2026-08-03 16:57:50.537745,14.156773,-16.099703,Grossiste Kaolack,grossisteRepartiteur,Kaolack,normal
0c9901dfa6734cc892c4ddfbeca845e1,S8HWK5XURY2V,reception,2026-08-03 16:57:57.130449,14.157303,-16.099612,Grossiste Kaolack,grossisteRepartiteur,Kaolack,normal
af8c3c675bbd40aea9398ce6161cdbeb,YMEH4DRDRJS9,reception,2026-08-03 16:58:06.944758,14.158003,-16.100786,Grossiste Kaolack,grossisteRepartiteur,Kaolack,normal
a90d1927542846beae348a10b84e4eb6,ZD7EDJPFG7D9,reception,2026-08-03 16:58:16.923650,14.158857,-16.099058,Grossiste Kaolack,grossisteRepartiteur,Kaolack,normal
784735ecfc09456d8f7b139bd7a56ffd,RPEY8R8WXYGV,reception,2026-08-03 16:58:29.967609,14.157261,-16.099521,Grossiste Kaolack,grossisteRepartiteur,Kaolack,normal
3654350428864c0da831ae53ec41d32a,RR9SA29R469K,reception,2026-08-03 16:58:41.001407,14.156672,-16.098856,Grossiste Kaolack,grossisteRepartiteur,Kaolack,normal
2037162423fc4e128bed86c5591a393f,WDKXWFX7EWBM,reception,2026-08-03 16:58:49.440336,14.157714,-16.098887,Grossiste Kaolack,grossisteRepartiteur,Kaolack,normal
9265a9a958924b4ab81f6912f8208eea,B8V4EYSH93TA,reception,2026-08-03 16:59:01.521584,14.158965,-16.098936,Grossiste Kaolack,grossisteRepartiteur,Kaolack,normal
5b0560ebbe5445dc8e5e2894c4a91182,KJQT7J6J93X2,reception,2026-08-03 16:59:11.547199,14.157503,-16.099872,Grossiste Kaolack,grossisteRepartiteur,Kaolack,normal
34529b6e902f4fce8514dd0a51a358bd,RBEXVAKDKXTA,reception,2026-08-03 16:59:24.809095,14.156932,-16.099991,Grossiste Kaolack,grossisteRepartiteur,Kaolack,normal
d8089f4f337748fbbb78c030a67d7b29,4W9RKY32C7BX,reception,2026-08-03 16:59:31.184595,14.156693,-16.101508,Grossiste Kaolack,grossisteRepartiteur,Kaolack,normal
0da8a3cdcadb4e9b8427a8ea9acd7c21,RRYQBGQQKV62,reception,2026-08-03 16:59:39.552431,14.156764,-16.099223,Grossiste Kaolack,grossisteRepartiteur,Kaolack,normal
edd26090da5a466c905de496e7cd9a69,J3873EYEEUDX,reception,2026-08-03 16:59:48.570314,14.156459,-16.1013,Grossiste Kaolack,grossisteRepartiteur,Kaolack,normal
26752cedc012490a841d5999bf40705e,9NRCU2KN5H7J,reception,2026-08-03 17:00:02.727593,14.157259,-16.099291,Grossiste Kaolack,grossisteRepartiteur,Kaolack,normal
8011652e4b1f4a29b025d1f31d5119ad,3QREYYCXFUXD,reception,2026-08-03 17:00:11.394542,14.157019,-16.099294,Grossiste Kaolack,grossisteRepartiteur,Kaolack,normal
53ad056ee79a4723a1c395e867529896,GAN38W2AANPJ,reception,2026-08-03 17:00:19.511231,14.158902,-16.099892,Grossiste Kaolack,grossisteRepartiteur,Kaolack,normal
c27dce23617a47468c1f8538a43eb111,36XD46Y6KJ4W,reception,2026-08-03 17:00:26.391001,14.158142,-16.099955,Grossiste Kaolack,grossisteRepartiteur,Kaolack,normal
7ad5a56ea65c4bfd87bcccdf2e5369c9,QUQ7TNEDS3TC,reception,2026-08-03 17:00:35.824872,14.158157,-16.101421,Grossiste Kaolack,grossisteRepartiteur,Kaolack,normal
526e2214c2e9450db98b813894896231,NBHXYQJB97BH,reception,2026-08-03 17:00:47.145619,14.159082,-16.10167,Grossiste Kaolack,grossisteRepartiteur,Kaolack,normal
f9ab30b241e4461191dd7b29438e0b99,CUKGNU95DRGN,reception,2026-08-03 17:00:59.539546,14.15765,-16.099058,Grossiste Kaolack,grossisteRepartiteur,Kaolack,normal
953e615ea5da4fc4b49c1423623d4748,W8JAVUR3HBSW,reception,2026-08-03 17:01:07.677670,14.156222,-16.101681,Grossiste Kaolack,grossisteRepartiteur,Kaolack,normal
c3686ecfe7234421b3ff47162ace47c1,MNU44NP68BHX,reception,2026-08-03 17:01:17.520461,14.156649,-16.100037,Grossiste Kaolack,grossisteRepartiteur,Kaolack,normal
e360f57842714965923071d49d6eaa2b,HDF58BVXWGEE,reception,2026-08-03 17:01:27.091781,14.157097,-16.099348,Grossiste Kaolack,grossisteRepartiteur,Kaolack,normal
e77c538f77e046058bfb4c08832bf6b4,H2A34H4MWQ95,reception,2026-08-03 17:01:33.913167,14.156151,-16.101005,Grossiste Kaolack,grossisteRepartiteur,Kaolack,normal
5b713cd1d98e4ec09eda95151d5d3913,GE4MSKTCJVK4,reception,2026-08-03 17:01:41.807738,14.157121,-16.100803,Grossiste Kaolack,grossisteRepartiteur,Kaolack,normal
a8a7cc1b9e1547b787913ee95faff830,38TDR5U8UXZY,reception,2026-08-03 17:01:48.368470,14.157033,-16.099589,Grossiste Kaolack,grossisteRepartiteur,Kaolack,normal
2d8b8eeed9454c44a68cf94c11b82b63,WGRERNAUD9H7,reception,2026-08-03 17:01:54.453414,14.156826,-16.100827,Grossiste Kaolack,grossisteRepartiteur,Kaolack,normal
15ac52944aef47efb127efac8413b146,CYCP4T7YT4DQ,reception,2026-08-03 17:02:07.048514,14.157081,-16.100419,Grossiste Kaolack,grossisteRepartiteur,Kaolack,normal
bad12947722f40139bccfc0bb7d5e926,MNMS86T78GVX,reception,2026-08-03 17:02:15.445731,14.157179,-16.09896,Grossiste Kaolack,grossisteRepartiteur,Kaolack,normal
17218b98fff64516beaf653227c7d974,W5GSC636YVCP,reception,2026-08-03 17:02:30.053054,14.158324,-16.10059,Grossiste Kaolack,grossisteRepartiteur,Kaolack,normal
32a0012fa0944a34b21abde26f1ea0df,RNEGUP8DQNPV,reception,2026-08-03 17:02:37.938388,14.157098,-16.101024,Grossiste Kaolack,grossisteRepartiteur,Kaolack,normal
804032c400374fdb9d1d7975a541a159,9FG972YHYDZK,reception,2026-08-03 17:02:46.842486,14.156192,-16.099818,Grossiste Kaolack,grossisteRepartiteur,Kaolack,normal
c9ffaf0ae1b14ec8be91b3bb88646a52,C335TC4JPWMM,reception,2026-08-03 17:02:57.359118,14.15841,-16.101489,Grossiste Kaolack,grossisteRepartiteur,Kaolack,normal
691192f0afd44ea28e90d51bcbbac60a,5CEM3YFJ7TN2,reception,2026-08-03 17:03:06.340264,14.157538,-16.101202,Grossiste Kaolack,grossisteRepartiteur,Kaolack,normal
7f3a2bcc9ed04714982108b2b05b8f27,GKJ8Y9SDWXQ9,reception,2026-08-03 17:03:18.404090,14.1591,-16.100804,Grossiste Kaolack,grossisteRepartiteur,Kaolack,normal
167f8c0aac214eaf811c87ffcc42b4e0,G2FXCM82Z3HQ,reception,2026-08-03 17:03:27.070497,14.156155,-16.101426,Grossiste Kaolack,grossisteRepartiteur,Kaolack,normal
ea576491719f46db9b3b36ee6cd89c60,7ST2CJQCBPXB,reception,2026-08-03 17:03:39.982705,14.15836,-16.099384,Grossiste Kaolack,grossisteRepartiteur,Kaolack,normal
3f2fb2cfa9bf45e3ae1597e85d2c2e2b,DWNYK33SP3PP,reception,2026-08-03 17:03:50.199489,14.158976,-16.09908,Grossiste Kaolack,grossisteRepartiteur,Kaolack,normal
241b382092d4423092accf3b45366b44,NEKBH879G5ZJ,reception,2026-08-03 17:03:58.000532,14.157178,-16.100479,Grossiste Kaolack,grossisteRepartiteur,Kaolack,normal
e1a047e02e97427e8428653b2853091f,GNVK3965X8H4,reception,2026-08-03 17:04:07.753169,14.157749,-16.100068,Grossiste Kaolack,grossisteRepartiteur,Kaolack,normal
3aed9d24a00a43b592a4017830cf8c50,R36HMC5669JK,reception,2026-08-03 17:04:13.754653,14.158166,-16.100824,Grossiste Kaolack,grossisteRepartiteur,Kaolack,normal
4f86e4e7b9894b7bb95cc02ff1c02167,Q9M6ENUGFRXK,reception,2026-08-03 17:04:24.446085,14.156529,-16.099006,Grossiste Kaolack,grossisteRepartiteur,Kaolack,normal
28366e58b5cc4332bcebe476953455b8,MJDTG47W2EXW,reception,2026-08-03 17:04:31.168873,14.157066,-16.101525,Grossiste Kaolack,grossisteRepartiteur,Kaolack,normal
fcad57319d774714abb259778b66e186,WNV7QBA3X8GD,reception,2026-08-03 17:04:41.110314,14.158768,-16.101663,Grossiste Kaolack,grossisteRepartiteur,Kaolack,normal
fcf27a53cae54aca89e99508d04e2d31,DQ5CYMVPCARZ,expedition,2026-08-04 08:33:00,14.156328,-16.100127,Grossiste Kaolack,grossisteRepartiteur,Kaolack,normal
a3194fd9aea148c488a169bd2bc6bc91,J3873EYEEUDX,expedition,2026-08-04 08:33:12.000481,14.158577,-16.101355,Grossiste Kaolack,grossisteRepartiteur,Kaolack,normal
890205d7df7f4ab791b853d33041e1b2,RNEGUP8DQNPV,expedition,2026-08-04 08:33:21.452094,14.157028,-16.100473,Grossiste Kaolack,grossisteRepartiteur,Kaolack,normal
09d9d70f45a746f287f85bb4acb79231,9FG972YHYDZK,expedition,2026-08-04 08:33:31.352889,14.156716,-16.099547,Grossiste Kaolack,grossisteRepartiteur,Kaolack,normal
90d6abd956fb43db9084b7dd046a4e5a,4VJTBSYM26Q4,expedition,2026-08-04 14:11:35.170982,14.158735,-16.099644,Grossiste Kaolack,grossisteRepartiteur,Kaolack,normal
b7c77d897dda4f34a50b3bbfdcd36df9,N9U8N864J3Y8,expedition,2026-08-04 14:11:42.143544,14.157085,-16.099353,Grossiste Kaolack,grossisteRepartiteur,Kaolack,normal
a673bd2549b9447f9c77a2c0a5660d41,87SUB7Y2TQAV,expedition,2026-08-04 14:11:51.457389,14.158,-16.100213,Grossiste Kaolack,grossisteRepartiteur,Kaolack,normal
8d9e6013fbe84a4ab3c11deed27adc90,GNVK3965X8H4,expedition,2026-08-04 14:12:02.770046,14.157056,-16.100509,Grossiste Kaolack,grossisteRepartiteur,Kaolack,normal
b139a2877e524d68a23e4e2c7827496a,RPEY8R8WXYGV,expedition,2026-08-04 17:08:33.881469,14.156847,-16.099062,Grossiste Kaolack,grossisteRepartiteur,Kaolack,normal
ff742aa0797f41eb9e353e20ce357cc7,4W9RKY32C7BX,expedition,2026-08-04 17:08:44.631076,14.157818,-16.100226,Grossiste Kaolack,grossisteRepartiteur,Kaolack,normal
4a23f202ef7a461ba0a49f0af05f206a,9NRCU2KN5H7J,expedition,2026-08-04 17:08:57.715293,14.157046,-16.099813,Grossiste Kaolack,grossisteRepartiteur,Kaolack,normal
b8ec004e3c9a4b14a04119c61110a0e2,36XD46Y6KJ4W,expedition,2026-08-04 17:09:06.211579,14.157664,-16.100437,Grossiste Kaolack,grossisteRepartiteur,Kaolack,normal
3ec59fdf8bf54683892e8403fbaf60ed,H2A34H4MWQ95,expedition,2026-08-04 17:09:14.841143,14.157803,-16.10132,Grossiste Kaolack,grossisteRepartiteur,Kaolack,normal
4c39f1f79b7c416db3a4440c8a7d76c4,MJDTG47W2EXW,expedition,2026-08-04 17:09:22.383906,14.157933,-16.101148,Grossiste Kaolack,grossisteRepartiteur,Kaolack,normal
a2ed138640d943f29832a7b07a7bc5d9,N7VDES5XTZW6,expedition,2026-08-05 08:21:00,14.157549,-16.101554,Grossiste Kaolack,grossisteRepartiteur,Kaolack,normal
075f9dabaa8a4c7d871d81456530f3ae,RR9SA29R469K,expedition,2026-08-05 08:21:11.004132,14.157374,-16.099066,Grossiste Kaolack,grossisteRepartiteur,Kaolack,normal
e497155f2717410994c072da196354a6,KJQT7J6J93X2,expedition,2026-08-05 08:21:19.363599,14.15856,-16.101219,Grossiste Kaolack,grossisteRepartiteur,Kaolack,normal
2d74853639aa4f3fb0b7be366af13185,MNU44NP68BHX,expedition,2026-08-05 08:21:26.170716,14.157798,-16.100582,Grossiste Kaolack,grossisteRepartiteur,Kaolack,normal
f1b83d5a03b14e97a72e182f51dd2644,HDF58BVXWGEE,expedition,2026-08-05 08:21:39.632914,14.156423,-16.101191,Grossiste Kaolack,grossisteRepartiteur,Kaolack,normal
c84eb1df278b4ef183c5559003a46c06,W5GSC636YVCP,expedition,2026-08-05 08:21:54.526090,14.156474,-16.100258,Grossiste Kaolack,grossisteRepartiteur,Kaolack,normal
c3bfbd98776543c482dd55ebc4af00f7,5CEM3YFJ7TN2,expedition,2026-08-05 08:22:05.329126,14.15889,-16.098798,Grossiste Kaolack,grossisteRepartiteur,Kaolack,normal
35f5969f2be64423a59871c2a85a8a61,GKJ8Y9SDWXQ9,expedition,2026-08-05 08:22:11.403273,14.158016,-16.099042,Grossiste Kaolack,grossisteRepartiteur,Kaolack,normal
1e78bfd515ac41ffba094762cf125d2a,DWNYK33SP3PP,expedition,2026-08-05 08:22:26.282579,14.156352,-16.101255,Grossiste Kaolack,grossisteRepartiteur,Kaolack,normal
db3e85920c8b43bb850e31c7d5e95b89,NBHXYQJB97BH,expedition,2026-08-05 08:27:00,14.157346,-16.100014,Grossiste Kaolack,grossisteRepartiteur,Kaolack,normal
057511d0c43a4dd6b93a535e260e7797,CUKGNU95DRGN,expedition,2026-08-05 08:27:14.426568,14.158695,-16.09983,Grossiste Kaolack,grossisteRepartiteur,Kaolack,normal
85f6c8199fb34bbca9324bd6a5930cc0,G2FXCM82Z3HQ,expedition,2026-08-05 08:27:21.783662,14.156991,-16.099306,Grossiste Kaolack,grossisteRepartiteur,Kaolack,normal
f9130dc574314511a404022e50a498b4,NEKBH879G5ZJ,expedition,2026-08-05 08:27:35.875217,14.158028,-16.09901,Grossiste Kaolack,grossisteRepartiteur,Kaolack,normal
ef4c4086d6b74d1b91b9466d80968a1f,38TDR5U8UXZY,expedition,2026-08-05 08:27:47.696890,14.158501,-16.09975,Grossiste Kaolack,grossisteRepartiteur,Kaolack,normal
c0f4e593971145ab91c5c2f5c1e6df9c,C335TC4JPWMM,expedition,2026-08-05 08:27:58.708530,14.157191,-16.100225,Grossiste Kaolack,grossisteRepartiteur,Kaolack,normal
b1faa75acb074e529658f51cff28568e,DQ5CYMVPCARZ,reception,2026-08-05 08:36:00,12.606867,-16.269713,SR Ziguinchor,SR,Ziguinchor,normal
f15cd6446e07439caa070f17eda07562,J3873EYEEUDX,reception,2026-08-05 08:36:12.662392,12.607606,-16.27015,SR Ziguinchor,SR,Ziguinchor,normal
ae873be4d9dc4ad09b60f1b65306f2c1,RNEGUP8DQNPV,reception,2026-08-05 08:36:19.849150,12.607681,-16.271614,SR Ziguinchor,SR,Ziguinchor,normal
26788256ff244c03ab86d490d2ace515,9FG972YHYDZK,reception,2026-08-05 08:36:32.026426,12.606966,-16.269535,SR Ziguinchor,SR,Ziguinchor,normal
25ffa9e18b5b485eb73029b8104799bb,S8HWK5XURY2V,expedition,2026-08-05 08:50:00,14.158403,-16.099683,Grossiste Kaolack,grossisteRepartiteur,Kaolack,normal
7f646eb8485d4561a480810c84a0e5f9,YMEH4DRDRJS9,expedition,2026-08-05 08:50:14.854683,14.158759,-16.100171,Grossiste Kaolack,grossisteRepartiteur,Kaolack,normal
424a9b2275e6415680b01299615e82c8,WDKXWFX7EWBM,expedition,2026-08-05 08:50:28.875449,14.15615,-16.101433,Grossiste Kaolack,grossisteRepartiteur,Kaolack,normal
20cda4bc8304471e9738cd1c619a870c,RBEXVAKDKXTA,expedition,2026-08-05 08:50:36.239756,14.156802,-16.099328,Grossiste Kaolack,grossisteRepartiteur,Kaolack,normal
3c19120e4a4442d7a2d5c9545a41c0ff,GAN38W2AANPJ,expedition,2026-08-05 08:50:44.253410,14.158849,-16.100095,Grossiste Kaolack,grossisteRepartiteur,Kaolack,normal
460389fac92749cbbd2c646c3c255d24,W8JAVUR3HBSW,expedition,2026-08-05 08:50:51.365097,14.158502,-16.100071,Grossiste Kaolack,grossisteRepartiteur,Kaolack,normal
efa0b30b62f04f878939d8ce1fcce036,WGRERNAUD9H7,expedition,2026-08-05 08:51:03.045035,14.157648,-16.10024,Grossiste Kaolack,grossisteRepartiteur,Kaolack,normal
82538c1486f5400488f50e89732c2968,CYCP4T7YT4DQ,expedition,2026-08-05 08:51:16.701524,14.156366,-16.099884,Grossiste Kaolack,grossisteRepartiteur,Kaolack,normal
83473bbcef1645bb8db3bbb2540cc1cf,MNMS86T78GVX,expedition,2026-08-05 08:51:24.300300,14.156359,-16.098973,Grossiste Kaolack,grossisteRepartiteur,Kaolack,normal
e2e33a53cf21459f856191d621851603,Q9M6ENUGFRXK,expedition,2026-08-05 08:51:37.777346,14.158213,-16.099804,Grossiste Kaolack,grossisteRepartiteur,Kaolack,normal
c13387cf2f4c4fb798020cc5a5f256d2,R9QKV33YNR69,expedition,2026-08-05 09:24:00,14.158874,-16.100937,Grossiste Kaolack,grossisteRepartiteur,Kaolack,normal
f3642ca04a954602b390c8c402312861,3QREYYCXFUXD,expedition,2026-08-05 09:24:09.330188,14.158846,-16.099686,Grossiste Kaolack,grossisteRepartiteur,Kaolack,normal
94be362673b84bccbcdbe577d1554f4c,QUQ7TNEDS3TC,expedition,2026-08-05 09:24:20.500107,14.15822,-16.101221,Grossiste Kaolack,grossisteRepartiteur,Kaolack,normal
08f54bed870a42e2812254ae6e7e0ea8,9RF9RPJAYYA8,expedition,2026-08-05 09:24:32.887017,14.158556,-16.100334,Grossiste Kaolack,grossisteRepartiteur,Kaolack,normal
49f3d36e34e7412c94627eb390003840,B8V4EYSH93TA,expedition,2026-08-05 09:24:42.020340,14.15913,-16.099712,Grossiste Kaolack,grossisteRepartiteur,Kaolack,normal
cc00745926e147078471d22c366f5cc2,RRYQBGQQKV62,expedition,2026-08-05 09:24:53.927282,14.157152,-16.099129,Grossiste Kaolack,grossisteRepartiteur,Kaolack,normal
eaaad6b9a544492887aeea206a842df5,WNV7QBA3X8GD,expedition,2026-08-05 09:25:07.952881,14.156379,-16.101258,Grossiste Kaolack,grossisteRepartiteur,Kaolack,normal
5eeeaccc78734dc5ab83e6a052f504b0,DQ5CYMVPCARZ,expedition,2026-08-05 13:33:23.235628,12.608505,-16.271843,SR Ziguinchor,SR,Ziguinchor,normal
6bd9ae6f52134bf788bd8d5d85f453ff,J3873EYEEUDX,expedition,2026-08-05 13:33:34.296984,12.605906,-16.271479,SR Ziguinchor,SR,Ziguinchor,normal
5549609bcb0649639274ab400bbc5f90,RNEGUP8DQNPV,expedition,2026-08-05 13:33:46.111945,12.605793,-16.271313,SR Ziguinchor,SR,Ziguinchor,normal
fa13272f352c4905b3fd187a359bfaea,9FG972YHYDZK,expedition,2026-08-05 13:33:54.070638,12.607019,-16.270592,SR Ziguinchor,SR,Ziguinchor,normal
5f3b6309a64d4b4a8d7eef314b20572a,ZD7EDJPFG7D9,expedition,2026-08-05 17:15:10.337596,14.158668,-16.100889,Grossiste Kaolack,grossisteRepartiteur,Kaolack,normal
4b1e99c9198e4971bc0b07778b4c2d44,GE4MSKTCJVK4,expedition,2026-08-05 17:15:22.736990,14.158085,-16.099779,Grossiste Kaolack,grossisteRepartiteur,Kaolack,normal
f5e2d23b15d74196bda5e0b74bbe8490,R36HMC5669JK,expedition,2026-08-05 17:15:29.015887,14.157475,-16.099683,Grossiste Kaolack,grossisteRepartiteur,Kaolack,normal
67a128632fb84f20a1b0369cca1d34da,7ST2CJQCBPXB,expedition,2026-08-05 17:15:42.432547,14.158356,-16.099847,Grossiste Kaolack,grossisteRepartiteur,Kaolack,normal
dce0cf32d21e459fbafe81713968b511,DQ5CYMVPCARZ,reception,2026-08-06 08:05:00,12.588006,-16.266783,Officine off.ziguinchor1,officine,Ziguinchor,normal
a6ac38b5edcb4645bf59563636d30b50,J3873EYEEUDX,reception,2026-08-06 08:05:12.656136,12.589183,-16.265608,Officine off.ziguinchor1,officine,Ziguinchor,normal
c974cf6b4192459bb74b882244b8f057,RNEGUP8DQNPV,reception,2026-08-06 08:05:19.462149,12.587771,-16.264835,Officine off.ziguinchor1,officine,Ziguinchor,normal
bd7c92962ea2437b8275b60a4f309a7e,9FG972YHYDZK,reception,2026-08-06 08:05:33.295588,12.589513,-16.266282,Officine off.ziguinchor1,officine,Ziguinchor,normal
c73eddef62f54cca8d9a500232175bff,4VJTBSYM26Q4,reception,2026-08-06 08:10:00,14.683078,-16.241961,SR Diourbel,SR,Diourbel,normal
899dfa09249c401db7cd8c7a3daec8ec,N9U8N864J3Y8,reception,2026-08-06 08:10:08.851627,14.683379,-16.242684,SR Diourbel,SR,Diourbel,normal
fa38065d36bc4eb28b227e45735959db,87SUB7Y2TQAV,reception,2026-08-06 08:10:20.345681,14.68323,-16.241805,SR Diourbel,SR,Diourbel,normal
6ae34c0ab13e4a378e61a4a059e885d7,GNVK3965X8H4,reception,2026-08-06 08:10:33.680563,14.685271,-16.242229,SR Diourbel,SR,Diourbel,normal
998e11de98dd451d9ed8d357a8bd18ad,NBHXYQJB97BH,reception,2026-08-06 08:22:00,14.153546,-16.043928,SR Kaolack,SR,Kaolack,normal
f7a062069066477ca2aba6779da3050c,CUKGNU95DRGN,reception,2026-08-06 08:22:08.958909,14.152668,-16.042344,SR Kaolack,SR,Kaolack,normal
b8de7f961c134bdc9af2f8d0810f30a5,G2FXCM82Z3HQ,reception,2026-08-06 08:22:21.933718,14.151887,-16.042746,SR Kaolack,SR,Kaolack,normal
11d953b18f3047db98a9cdacf4e76055,NEKBH879G5ZJ,reception,2026-08-06 08:22:31.971068,14.152282,-16.042106,SR Kaolack,SR,Kaolack,normal
ec65d5ae85b441aab5c0caf2b9fb0d54,38TDR5U8UXZY,reception,2026-08-06 08:22:43.614172,14.152308,-16.042687,SR Kaolack,SR,Kaolack,normal
54da6a476af04990a8161bc711532cca,C335TC4JPWMM,reception,2026-08-06 08:22:50.030286,14.151074,-16.042922,SR Kaolack,SR,Kaolack,normal
61c0f74aa54e4057b7ab7c506ac00a61,S8HWK5XURY2V,reception,2026-08-06 08:23:00,16.014467,-16.514583,SR Saint-Louis,SR,Saint-Louis,normal
989a483d637b49ce9360e1502abb9984,YMEH4DRDRJS9,reception,2026-08-06 08:23:12.110236,16.012101,-16.514016,SR Saint-Louis,SR,Saint-Louis,normal
8eca743bb1e8482aa2f7689731feceac,WDKXWFX7EWBM,reception,2026-08-06 08:23:25.598037,16.014607,-16.513019,SR Saint-Louis,SR,Saint-Louis,normal
e3dafe2b87534ad597cb577387221671,RBEXVAKDKXTA,reception,2026-08-06 08:23:40.174860,16.014807,-16.51385,SR Saint-Louis,SR,Saint-Louis,normal
29ec6ed18635469a8760b154f57591ea,GAN38W2AANPJ,reception,2026-08-06 08:23:51.360750,16.013983,-16.51427,SR Saint-Louis,SR,Saint-Louis,normal
76d1882d6e684fd9890ef13d76188718,W8JAVUR3HBSW,reception,2026-08-06 08:24:06.188845,16.013035,-16.513338,SR Saint-Louis,SR,Saint-Louis,normal
c02fc17e1934470996a332c4ae7b65a7,WGRERNAUD9H7,reception,2026-08-06 08:24:16.225165,16.01308,-16.513634,SR Saint-Louis,SR,Saint-Louis,normal
8a775ea1cf8744ccb660350495010df1,CYCP4T7YT4DQ,reception,2026-08-06 08:24:22.891667,16.013173,-16.513634,SR Saint-Louis,SR,Saint-Louis,normal
57cab4d002de433a812e2916569c4193,MNMS86T78GVX,reception,2026-08-06 08:24:32.348625,16.011889,-16.512025,SR Saint-Louis,SR,Saint-Louis,normal
e5c92e01395f4a4390f0db1fa9b08f46,Q9M6ENUGFRXK,reception,2026-08-06 08:24:38.952582,16.014527,-16.51246,SR Saint-Louis,SR,Saint-Louis,normal
27e09ed5a61e4ce58a5c0afc767065dd,ZD7EDJPFG7D9,reception,2026-08-06 08:34:00,14.665547,-17.464575,SR Dakar,SR,Dakar,normal
3ed26af00e274dbd8dc7c31270998495,GE4MSKTCJVK4,reception,2026-08-06 08:34:08.781965,14.66798,-17.462982,SR Dakar,SR,Dakar,normal
d9f211b67cbf4ca88740c1568ed7b5a6,R36HMC5669JK,reception,2026-08-06 08:34:20.730541,14.667681,-17.46459,SR Dakar,SR,Dakar,normal
dfc5393fcfc844ad8f83679d05ca04c6,7ST2CJQCBPXB,reception,2026-08-06 08:34:28.477293,14.665357,-17.464663,SR Dakar,SR,Dakar,normal
54d9f5997eeb42cea7501997e39ccca1,N7VDES5XTZW6,reception,2026-08-06 08:44:00,15.628067,-16.241995,SR Louga,SR,Louga,normal
5596707de6d54928b80dbd504948c461,RR9SA29R469K,reception,2026-08-06 08:44:14.304279,15.62763,-16.24203,SR Louga,SR,Louga,normal
39af6efe34c1431fa94a363b7b3c6926,KJQT7J6J93X2,reception,2026-08-06 08:44:24.137120,15.626929,-16.241426,SR Louga,SR,Louga,normal
9ce825b3df774cd99cd4255465bf6ce3,MNU44NP68BHX,reception,2026-08-06 08:44:36.404376,15.626926,-16.242475,SR Louga,SR,Louga,normal
1b1e9b10410049ee9b66906bada87650,HDF58BVXWGEE,reception,2026-08-06 08:44:47.584274,15.62688,-16.240971,SR Louga,SR,Louga,normal
b2f6dd9d945e4c279944f86a7d1fd46c,W5GSC636YVCP,reception,2026-08-06 08:45:01.355014,15.627047,-16.243105,SR Louga,SR,Louga,normal
caf666006f774df3ae6dd6613f3f67db,5CEM3YFJ7TN2,reception,2026-08-06 08:45:08.680160,15.627783,-16.24188,SR Louga,SR,Louga,normal
464e55e15c584ce1bc5d200c585f0f2b,GKJ8Y9SDWXQ9,reception,2026-08-06 08:45:20.856255,15.626431,-16.242671,SR Louga,SR,Louga,normal
e4e25db816924671af0b611a4f692d8f,DWNYK33SP3PP,reception,2026-08-06 08:45:31.664305,15.626773,-16.243156,SR Louga,SR,Louga,normal
c31b5defcd744d86b73ad1c2c89cc0dd,RPEY8R8WXYGV,reception,2026-08-06 08:58:00,13.759182,-13.679887,SR Tambacounda,SR,Tambacounda,normal
bf9acc57a2904213a991a8bfdc72d9d3,4W9RKY32C7BX,reception,2026-08-06 08:58:07.520514,13.75686,-13.679951,SR Tambacounda,SR,Tambacounda,normal
a14954366a1f4400975c7c368c48f121,9NRCU2KN5H7J,reception,2026-08-06 08:58:19.769760,13.758541,-13.680344,SR Tambacounda,SR,Tambacounda,normal
9181dad175ad4af8954a23ece338b3e8,36XD46Y6KJ4W,reception,2026-08-06 08:58:26.988387,13.759211,-13.678658,SR Tambacounda,SR,Tambacounda,normal
ae1442733dc446d3a583a6b809317b57,H2A34H4MWQ95,reception,2026-08-06 08:58:35.584959,13.756487,-13.679641,SR Tambacounda,SR,Tambacounda,normal
93fb18a25c5e4885b0f18bc0fd56d69e,MJDTG47W2EXW,reception,2026-08-06 08:58:49.347279,13.758356,-13.679132,SR Tambacounda,SR,Tambacounda,normal
d4e3e6d80fd344268202096f68d7dcab,R9QKV33YNR69,reception,2026-08-06 09:04:00,14.760887,-16.915532,SR Thies,SR,Thies,normal
cfe0bd73e98a41e4bcffbf435ee4bec8,3QREYYCXFUXD,reception,2026-08-06 09:04:06.067852,14.763063,-16.915081,SR Thies,SR,Thies,normal
96eecbd39ca44b45b90f905487c6c3f4,QUQ7TNEDS3TC,reception,2026-08-06 09:04:20.137395,14.762857,-16.915014,SR Thies,SR,Thies,normal
c752773a399348e497bfe06c8d8fccfa,9RF9RPJAYYA8,reception,2026-08-06 09:04:29.939684,14.760737,-16.91449,SR Thies,SR,Thies,normal
6dc70f5f5aa54bab92f4679acaa85dec,B8V4EYSH93TA,reception,2026-08-06 09:04:36.765843,14.762624,-16.915221,SR Thies,SR,Thies,normal
617045c16d8243c687b6ed3d31c4c2e9,RRYQBGQQKV62,reception,2026-08-06 09:04:45.978489,14.761518,-16.914518,SR Thies,SR,Thies,normal
0d759072600d416892483c5d365e619a,WNV7QBA3X8GD,reception,2026-08-06 09:04:52.845917,14.760833,-16.91656,SR Thies,SR,Thies,normal
9936af871d9841289aa5da1724f203fd,ZD7EDJPFG7D9,expedition,2026-08-06 14:27:12.020049,14.666577,-17.46279,SR Dakar,SR,Dakar,normal
d0def6559855480ca4f696ccd57943b2,ZD7EDJPFG7D9,reception,2026-08-07 08:11:00,14.700488,-17.438256,Officine off.dakar1,officine,Dakar,normal
a911e09da1f9402ba6fd44419384d964,NBHXYQJB97BH,expedition,2026-08-07 08:17:00,14.152402,-16.042539,SR Kaolack,SR,Kaolack,normal
f949e5fd07414824afd8b60da8d1c56a,CUKGNU95DRGN,expedition,2026-08-07 08:17:07.623566,14.153848,-16.043358,SR Kaolack,SR,Kaolack,normal
a9c82808eae34a0e9722eb9ad992f070,G2FXCM82Z3HQ,expedition,2026-08-07 08:17:17.881316,14.151416,-16.04243,SR Kaolack,SR,Kaolack,normal
60bf439e01a44f79a0a63cdd897658c3,NEKBH879G5ZJ,expedition,2026-08-07 08:17:29.720053,14.151119,-16.042779,SR Kaolack,SR,Kaolack,normal
542b0720f7674560966baf7cb3eecb9f,8GJVXEGU3NE2,expedition,2026-08-07 08:28:00,14.716539,-17.469478,Laboratoire Historique,fabricant,Dakar,normal
98557b38a9c34082abaed71bbc48bed8,DKEFQXXSSPQY,expedition,2026-08-07 08:28:07.532837,14.719031,-17.470731,Laboratoire Historique,fabricant,Dakar,normal
fa4ee9aa4acb4f3bb7b2b0466ddf1ddd,NHKCKPFRFEUF,expedition,2026-08-07 08:28:14.273639,14.718626,-17.468974,Laboratoire Historique,fabricant,Dakar,normal
a278f061727b4fbdba192a1ced82da99,VCZBB4RPNPC2,expedition,2026-08-07 08:28:25.872571,14.719201,-17.470219,Laboratoire Historique,fabricant,Dakar,normal
4176287921eb4bc2877db4944ab869e7,5EKC4YQGWSSJ,expedition,2026-08-07 08:28:33.985977,14.717852,-17.471476,Laboratoire Historique,fabricant,Dakar,normal
26562479bf834fc99700ebd23f6b4d43,NHFUF6S2Q84N,expedition,2026-08-07 08:28:46.051078,14.717538,-17.470448,Laboratoire Historique,fabricant,Dakar,normal
e8649172df1049fabc12666a785d94e1,E7ZVJYH3AQGY,expedition,2026-08-07 08:28:53.508849,14.716978,-17.470268,Laboratoire Historique,fabricant,Dakar,normal
3506283d75384e6badb9f3972317a9d4,7QJT4236PBYY,expedition,2026-08-07 08:29:03.172701,14.718979,-17.471199,Laboratoire Historique,fabricant,Dakar,normal
d7d50edbefb24cdb98fc3e0f4b3524ee,AK5UX2AFAGS8,expedition,2026-08-07 08:29:10.407454,14.718501,-17.471171,Laboratoire Historique,fabricant,Dakar,normal
520f3fdee48848fdb6f036f068115f5e,K4QJHYEKTJ8F,expedition,2026-08-07 08:29:24.804195,14.719274,-17.471322,Laboratoire Historique,fabricant,Dakar,normal
76574d66cbe44cd4a3dd40d07102265c,7UTHYZWSQDAH,expedition,2026-08-07 08:29:39.691049,14.717489,-17.470549,Laboratoire Historique,fabricant,Dakar,normal
65b83f421c27493f9acf98237b8266c3,GYS7PPEUUN9B,expedition,2026-08-07 08:29:54.204596,14.719235,-17.470053,Laboratoire Historique,fabricant,Dakar,normal
2667d517e49943de86bcf8fc7967e223,NCDJSPUS6ZAV,expedition,2026-08-07 08:30:03.781257,14.71891,-17.4714,Laboratoire Historique,fabricant,Dakar,normal
2bfe9f8bcd9846d8a3c1c9376c73e80a,MSJ9C24WKMQD,expedition,2026-08-07 08:30:16.685097,14.718877,-17.47142,Laboratoire Historique,fabricant,Dakar,normal
2925ae693a3341b49d5efdfe836a28a9,PJVMAAYNKD7K,expedition,2026-08-07 08:30:25.835750,14.718034,-17.469255,Laboratoire Historique,fabricant,Dakar,normal
817f26b784bb483aa55f9f01f1c4324e,MS25GR9ZK9D8,expedition,2026-08-07 08:30:31.968272,14.718233,-17.470845,Laboratoire Historique,fabricant,Dakar,normal
f6d1e45f8b084d1f809ed711836dd5fd,BWTMKPV33PQN,expedition,2026-08-07 08:30:41.673753,14.718055,-17.471106,Laboratoire Historique,fabricant,Dakar,normal
3a7744695e734c0185714aaf3b5c7f98,K5KCW6J6CRSR,expedition,2026-08-07 08:30:47.982587,14.718257,-17.469575,Laboratoire Historique,fabricant,Dakar,normal
4e47bf3567fb49db824e51f849b50e0a,3UYSW8C9VUZX,expedition,2026-08-07 08:30:57.037179,14.716758,-17.468868,Laboratoire Historique,fabricant,Dakar,normal
22aea9db5bfd4318b815341a9ccbdd9a,ENPREG2QY32V,expedition,2026-08-07 08:31:10.989802,14.7166,-17.468977,Laboratoire Historique,fabricant,Dakar,normal
854ae3edc7e44c57b10208d53d56045b,A7JWFRUAFFXK,expedition,2026-08-07 08:31:19.700246,14.71659,-17.470111,Laboratoire Historique,fabricant,Dakar,normal
d8c9cb50933f4dee91ae4d03db2e43b0,5ANQDAKYAZAN,expedition,2026-08-07 08:31:31.542411,14.717816,-17.470468,Laboratoire Historique,fabricant,Dakar,normal
1f2055e3079e441bbddd0dc3b879c339,KE4Q4CA74V57,expedition,2026-08-07 08:31:45.343059,14.717311,-17.471115,Laboratoire Historique,fabricant,Dakar,normal
97d35fb71f5a4a57a78e6934bafc3d20,SEV79BUVCVKW,expedition,2026-08-07 08:31:55.819934,14.717643,-17.469019,Laboratoire Historique,fabricant,Dakar,normal
cbaa17ce11a94a7aa89b1930ee491dc8,DMZC9XJ5ZZWF,expedition,2026-08-07 08:32:07.291304,14.717045,-17.468576,Laboratoire Historique,fabricant,Dakar,normal
03eb2648258847b3aaa94df3324a66b5,8QCT7CWXZJ38,expedition,2026-08-07 08:32:15.402290,14.716934,-17.469255,Laboratoire Historique,fabricant,Dakar,normal
38929b0772af458f842b0aeb44d6ff94,HRQWGP6YV3ME,expedition,2026-08-07 08:32:25.172739,14.717984,-17.469958,Laboratoire Historique,fabricant,Dakar,normal
5e44854e49c14a45b64949d999bf186d,346G672AMMQY,expedition,2026-08-07 08:32:39.669808,14.719318,-17.469394,Laboratoire Historique,fabricant,Dakar,normal
24df8f7ce27b402290f52e2c327aa0ef,2VDWDBNZVD66,expedition,2026-08-07 08:32:52.648631,14.719231,-17.470114,Laboratoire Historique,fabricant,Dakar,normal
f6aa6fa0afff40a38c234675c6454220,CSG3DCMKFWRH,expedition,2026-08-07 08:33:03.636571,14.719345,-17.470305,Laboratoire Historique,fabricant,Dakar,normal
c950f970dec944a59a1d500799c20d0c,CEZA5P73BMAW,expedition,2026-08-07 08:33:13.126871,14.717954,-17.470571,Laboratoire Historique,fabricant,Dakar,normal
4aee9f5d76144783a9382c3743f7c6ad,ETZYE7CVNXUA,expedition,2026-08-07 08:33:22.450480,14.717413,-17.470745,Laboratoire Historique,fabricant,Dakar,normal
3f35a512328f4c32a3a168da0ece3a5c,FYVDFN7WPGPM,expedition,2026-08-07 08:33:30.529670,14.718035,-17.471453,Laboratoire Historique,fabricant,Dakar,normal
b10ccaba47f54a19bf8ff0c5c640256f,X3MATXRARV4U,expedition,2026-08-07 08:33:40.168953,14.718504,-17.468799,Laboratoire Historique,fabricant,Dakar,normal
198f5a93876643958109f6cd74261633,RRB8TX8472VJ,expedition,2026-08-07 08:33:54.000144,14.719311,-17.47085,Laboratoire Historique,fabricant,Dakar,normal
eff18687563e4ef89e0f4628ee071a59,28TNR4M6K67A,expedition,2026-08-07 08:34:04.002671,14.71706,-17.46997,Laboratoire Historique,fabricant,Dakar,normal
7ce2f082c8024b7baf43d60e938cf1d4,F7W824S3NZNW,expedition,2026-08-07 08:34:12.929105,14.718437,-17.469407,Laboratoire Historique,fabricant,Dakar,normal
8e2e5c81bc1c48dea68d766c8978f933,GCP8KRD6XZE2,expedition,2026-08-07 08:34:26.619759,14.716557,-17.471292,Laboratoire Historique,fabricant,Dakar,normal
87e49b4069424940954972c4c99e9780,QF7FBUKWEBMP,expedition,2026-08-07 08:34:38.837396,14.716701,-17.470924,Laboratoire Historique,fabricant,Dakar,normal
573960cb836a484d8c61372a6eba08dc,NNBRAMP6FND6,expedition,2026-08-07 08:34:50.031740,14.718216,-17.470947,Laboratoire Historique,fabricant,Dakar,normal
9f2000857f774b67ac5368150abb89c8,226RZYP38KP6,expedition,2026-08-07 08:34:56.610165,14.718405,-17.46878,Laboratoire Historique,fabricant,Dakar,normal
dd9f3e0459d84aba942441ca032d5fcb,XF8AUV8XADT5,expedition,2026-08-07 08:35:08.611361,14.71843,-17.469779,Laboratoire Historique,fabricant,Dakar,normal
31230704664d48d0a671339b94cdfa6c,X574AQ2HX33H,expedition,2026-08-07 08:35:16.172829,14.716839,-17.470729,Laboratoire Historique,fabricant,Dakar,normal
cf694d8cfebb482f93a9e72f99395188,P6BYX7FQNA5F,expedition,2026-08-07 08:35:23.430942,14.718989,-17.469851,Laboratoire Historique,fabricant,Dakar,normal
07c7aa1a18ac4600a105bfdeac708d30,4J5BU9FDSTQ4,expedition,2026-08-07 08:35:34.519163,14.718777,-17.469111,Laboratoire Historique,fabricant,Dakar,normal
d9655ac19c104074846c605c97f55772,85M27QSFARNJ,expedition,2026-08-07 08:35:45.648109,14.718324,-17.47098,Laboratoire Historique,fabricant,Dakar,normal
b2762183d49e462ba6de8a3667d8b8d1,D6PNBMY9VVQU,expedition,2026-08-07 08:35:57.890679,14.7165,-17.46928,Laboratoire Historique,fabricant,Dakar,normal
9a4fc47558174250b0171ee365f1e8fc,3FY4V39XA8EE,expedition,2026-08-07 08:36:06.380900,14.718473,-17.470522,Laboratoire Historique,fabricant,Dakar,normal
e4c4fabb1a8c4100a5c578058fab6560,XBFKJBBR2ZJU,expedition,2026-08-07 08:36:13.651141,14.71757,-17.471256,Laboratoire Historique,fabricant,Dakar,normal
f28bde7bc0ca40d59017cef95664c00d,AW8JQVJMEHRE,expedition,2026-08-07 08:36:27.716349,14.716401,-17.47111,Laboratoire Historique,fabricant,Dakar,normal
0b244a4bbbee496d802afee944ba7331,RPEY8R8WXYGV,expedition,2026-08-07 08:47:00,13.757713,-13.678545,SR Tambacounda,SR,Tambacounda,normal
c5543b352447470bbb1dc99656bdfa79,4W9RKY32C7BX,expedition,2026-08-07 08:47:11.192693,13.756317,-13.680345,SR Tambacounda,SR,Tambacounda,normal
f05b6e89aef443eda03bcf28aab4bc4c,9NRCU2KN5H7J,expedition,2026-08-07 08:47:22.944695,13.758417,-13.680168,SR Tambacounda,SR,Tambacounda,normal
1f51fee41d3d4bae9206c373b1e2074f,36XD46Y6KJ4W,expedition,2026-08-07 08:47:33.244574,13.758382,-13.678249,SR Tambacounda,SR,Tambacounda,normal
2f5bce5f2fa946b4b51020fd780d4d63,H2A34H4MWQ95,expedition,2026-08-07 08:47:42.160395,13.756745,-13.679829,SR Tambacounda,SR,Tambacounda,normal
edfc88fa08a244088399e01776d631ed,MJDTG47W2EXW,expedition,2026-08-07 08:47:48.441974,13.758639,-13.678656,SR Tambacounda,SR,Tambacounda,normal
f5fd1140710a4a628265a3c9aa1da8bc,9RF9RPJAYYA8,expedition,2026-08-07 09:19:00,14.762879,-16.916001,SR Thies,SR,Thies,normal
be42b56f844849d7afa33f070c9dda0f,B8V4EYSH93TA,expedition,2026-08-07 09:19:06.999584,14.763351,-16.915836,SR Thies,SR,Thies,normal
0c193fc5de294a908a0a9180097bd790,RRYQBGQQKV62,expedition,2026-08-07 09:19:17.785767,14.760789,-16.914145,SR Thies,SR,Thies,normal
18b629dcf4354d03b271f9524bdd4cba,WNV7QBA3X8GD,expedition,2026-08-07 09:19:26.424065,14.762267,-16.914719,SR Thies,SR,Thies,normal
4316709dc7ec4eb9ba14b80f60924472,R9QKV33YNR69,expedition,2026-08-07 09:29:00,14.761772,-16.914142,SR Thies,SR,Thies,normal
46aa5872bc5647a984be6f7c70205410,3QREYYCXFUXD,expedition,2026-08-07 09:29:06.745178,14.763257,-16.915122,SR Thies,SR,Thies,normal
d3b4582e8779420296e7fcfbef2e471d,QUQ7TNEDS3TC,expedition,2026-08-07 09:29:19.246034,14.760767,-16.914708,SR Thies,SR,Thies,normal
28ce19f20d6f49e5a3cffa72502237f2,N7VDES5XTZW6,expedition,2026-08-07 11:25:21.587392,15.627874,-16.242324,SR Louga,SR,Louga,normal
e80cf5f9cd3e4416b7b3ede5d116b018,RR9SA29R469K,expedition,2026-08-07 11:25:34.200867,15.627415,-16.241777,SR Louga,SR,Louga,normal
f11275323f6e4f1f9042d2b9a63a27fd,KJQT7J6J93X2,expedition,2026-08-07 11:25:48.879982,15.625683,-16.241861,SR Louga,SR,Louga,normal
2664493e292e418a9a6a433129b25ff8,MNU44NP68BHX,expedition,2026-08-07 11:26:00.041344,15.625243,-16.242461,SR Louga,SR,Louga,normal
1647fdf146784691a3f8129724519684,HDF58BVXWGEE,expedition,2026-08-07 11:26:12.175966,15.627526,-16.243266,SR Louga,SR,Louga,normal
d374c75fecc04eeb9677ea2bcd56827c,W5GSC636YVCP,expedition,2026-08-07 11:26:18.426047,15.625333,-16.242992,SR Louga,SR,Louga,normal
1b20a1cce2574f689af5cebe4d000cce,5CEM3YFJ7TN2,expedition,2026-08-07 11:26:30.267184,15.626981,-16.242406,SR Louga,SR,Louga,normal
b6443d1dc958442983436672f5653a2e,GKJ8Y9SDWXQ9,expedition,2026-08-07 11:26:44.349480,15.625256,-16.242185,SR Louga,SR,Louga,normal
a91a8d1c232e4812abab1c623096f2dc,DWNYK33SP3PP,expedition,2026-08-07 11:26:50.980401,15.625669,-16.241304,SR Louga,SR,Louga,normal
5fdffdbbb6db419aab59b8aa54124e11,38TDR5U8UXZY,expedition,2026-08-07 11:50:22.271844,14.151498,-16.042936,SR Kaolack,SR,Kaolack,normal
4f57ca1d42174d9091d4f9aac537b095,C335TC4JPWMM,expedition,2026-08-07 11:50:32.464077,14.151865,-16.044041,SR Kaolack,SR,Kaolack,normal
ae0a15cb10fc4042a89728a839976873,NBHXYQJB97BH,reception,2026-08-07 14:46:30.441833,14.161627,-16.061146,Officine off.kaolack2,officine,Kaolack,normal
61b99ab3ff204bb09e22a16de0a01f06,CUKGNU95DRGN,reception,2026-08-07 14:46:44.410750,14.161838,-16.061306,Officine off.kaolack2,officine,Kaolack,normal
8bca8a4e3ed9477d9ccbf41bb9fd482e,G2FXCM82Z3HQ,reception,2026-08-07 14:46:50.432881,14.162285,-16.061223,Officine off.kaolack2,officine,Kaolack,normal
705153bfcc36441b84725271d11ebf84,NEKBH879G5ZJ,reception,2026-08-07 14:47:01.305619,14.159879,-16.061397,Officine off.kaolack2,officine,Kaolack,normal
ae79bb1b8f9940fea3ec51f0f118edd1,G2FXCM82Z3HQ,reception,2026-08-07 15:16:09.689577,13.754594,-13.673129,Officine off.tamba1,officine,Tambacounda,trajetInhabituel
71e4af79d0a94f949f583966ec1e94c2,S8HWK5XURY2V,expedition,2026-08-07 16:21:31.960350,16.013471,-16.512009,SR Saint-Louis,SR,Saint-Louis,normal
7a5c9b2e14be4322a1b800c4d6063308,YMEH4DRDRJS9,expedition,2026-08-07 16:21:45.946794,16.012617,-16.512333,SR Saint-Louis,SR,Saint-Louis,normal
933b158aeb26456398ec4ab323016647,WDKXWFX7EWBM,expedition,2026-08-07 16:21:55.763456,16.013054,-16.514415,SR Saint-Louis,SR,Saint-Louis,normal
6d8437fe006741978a21fcec7f810370,RBEXVAKDKXTA,expedition,2026-08-07 16:22:06.254798,16.01241,-16.513078,SR Saint-Louis,SR,Saint-Louis,normal
d49094305c484622b5eec2076fd7ee46,GAN38W2AANPJ,expedition,2026-08-07 16:22:15.477550,16.0138,-16.513037,SR Saint-Louis,SR,Saint-Louis,normal
64e13382e9214d3587da38c7418a384b,W8JAVUR3HBSW,expedition,2026-08-07 16:22:21.963757,16.01484,-16.514495,SR Saint-Louis,SR,Saint-Louis,normal
aa6afcddd7e44ed29a253d4590d8111a,WGRERNAUD9H7,expedition,2026-08-07 16:22:35.908863,16.014291,-16.513472,SR Saint-Louis,SR,Saint-Louis,normal
6ca0af50fe5f457cbe6108f0fa483649,CYCP4T7YT4DQ,expedition,2026-08-07 16:22:43.915276,16.01327,-16.512413,SR Saint-Louis,SR,Saint-Louis,normal
f6a364bc721b486986499011ac20bca1,MNMS86T78GVX,expedition,2026-08-07 16:22:57.653885,16.013692,-16.514434,SR Saint-Louis,SR,Saint-Louis,normal
548b8c5094ba49dea871b3d942131956,Q9M6ENUGFRXK,expedition,2026-08-07 16:23:09.986006,16.012297,-16.514855,SR Saint-Louis,SR,Saint-Louis,normal
ad11afddb3904e258fec19d6f0d1cf6e,8GJVXEGU3NE2,reception,2026-08-08 08:18:00,14.703267,-17.446545,Grossiste Dakar,grossisteRepartiteur,Dakar,normal
1bdac44b4757468093bf198d958ab081,DKEFQXXSSPQY,reception,2026-08-08 08:18:06.393607,14.703931,-17.446666,Grossiste Dakar,grossisteRepartiteur,Dakar,normal
808c684ea23643d8adb52836a2e6b344,NHKCKPFRFEUF,reception,2026-08-08 08:18:17.298855,14.704189,-17.446479,Grossiste Dakar,grossisteRepartiteur,Dakar,normal
8cd7698021934f4db10f56964afdde38,VCZBB4RPNPC2,reception,2026-08-08 08:18:26.124802,14.705348,-17.446682,Grossiste Dakar,grossisteRepartiteur,Dakar,normal
b53502ef5ace4352bdc4ed494571821d,5EKC4YQGWSSJ,reception,2026-08-08 08:18:38.564062,14.704737,-17.44455,Grossiste Dakar,grossisteRepartiteur,Dakar,normal
432ff7394d014f81b3acbe223d81cfe1,NHFUF6S2Q84N,reception,2026-08-08 08:18:49.467637,14.704866,-17.445531,Grossiste Dakar,grossisteRepartiteur,Dakar,normal
b95d8a05b1d54d04adbd4600c5b4edb3,E7ZVJYH3AQGY,reception,2026-08-08 08:19:01.015513,14.703679,-17.445436,Grossiste Dakar,grossisteRepartiteur,Dakar,normal
2b70d3dbd5804f89bfd1e07d3fa126f9,7QJT4236PBYY,reception,2026-08-08 08:19:12.488304,14.70476,-17.445551,Grossiste Dakar,grossisteRepartiteur,Dakar,normal
ae4bfaa511d240dcb51462592f67e491,AK5UX2AFAGS8,reception,2026-08-08 08:19:22.726472,14.704661,-17.44475,Grossiste Dakar,grossisteRepartiteur,Dakar,normal
7e18a0ab276443058a9e5eb59e6423e1,K4QJHYEKTJ8F,reception,2026-08-08 08:19:33.847821,14.703907,-17.444359,Grossiste Dakar,grossisteRepartiteur,Dakar,normal
d4c4057780d9471d813736adeaf2cd33,7UTHYZWSQDAH,reception,2026-08-08 08:19:46.118908,14.703257,-17.445532,Grossiste Dakar,grossisteRepartiteur,Dakar,normal
57128917b524417eb8fdee4f177c575f,GYS7PPEUUN9B,reception,2026-08-08 08:19:57.291492,14.703912,-17.444417,Grossiste Dakar,grossisteRepartiteur,Dakar,normal
90f20a48e8a743bcb028779d6ce5023d,NCDJSPUS6ZAV,reception,2026-08-08 08:20:04.978958,14.702937,-17.444338,Grossiste Dakar,grossisteRepartiteur,Dakar,normal
1f30ddcee3cb4aafb529077dcddaefea,MSJ9C24WKMQD,reception,2026-08-08 08:20:16.913610,14.705115,-17.444649,Grossiste Dakar,grossisteRepartiteur,Dakar,normal
72d1e633cff147d898ef0ec21e3ee76b,PJVMAAYNKD7K,reception,2026-08-08 08:20:31.863714,14.704438,-17.445847,Grossiste Dakar,grossisteRepartiteur,Dakar,normal
ef1bad3017a54e39adc80cb1b4c7dbe2,MS25GR9ZK9D8,reception,2026-08-08 08:20:43.392032,14.704085,-17.444675,Grossiste Dakar,grossisteRepartiteur,Dakar,normal
ac39ccc86af64ee9b833471471fa130a,BWTMKPV33PQN,reception,2026-08-08 08:20:53.597247,14.704292,-17.447153,Grossiste Dakar,grossisteRepartiteur,Dakar,normal
25b6c786783e43fbb4d782a4a07a51e8,K5KCW6J6CRSR,reception,2026-08-08 08:21:03.462984,14.704037,-17.447173,Grossiste Dakar,grossisteRepartiteur,Dakar,normal
6a28e2b89f94472086d620fbb4c589c1,3UYSW8C9VUZX,reception,2026-08-08 08:21:12.237726,14.702806,-17.445611,Grossiste Dakar,grossisteRepartiteur,Dakar,normal
74ce0e91f45248b0bca95d6563852c05,ENPREG2QY32V,reception,2026-08-08 08:21:24.837017,14.703515,-17.445615,Grossiste Dakar,grossisteRepartiteur,Dakar,normal
ad71661d0c8044b0bc47b4c56e2693e4,A7JWFRUAFFXK,reception,2026-08-08 08:21:34.954777,14.704532,-17.445138,Grossiste Dakar,grossisteRepartiteur,Dakar,normal
1b65fd707a72433f89177524035d1e2d,5ANQDAKYAZAN,reception,2026-08-08 08:21:49.370848,14.704659,-17.447228,Grossiste Dakar,grossisteRepartiteur,Dakar,normal
88aa5283285b4910a5eb83aba0693ade,KE4Q4CA74V57,reception,2026-08-08 08:22:02.001496,14.703245,-17.445572,Grossiste Dakar,grossisteRepartiteur,Dakar,normal
b4d29a2997fa4a6cbb206b856b54122d,SEV79BUVCVKW,reception,2026-08-08 08:22:12.695306,14.703606,-17.444885,Grossiste Dakar,grossisteRepartiteur,Dakar,normal
149399dbbe9245b2999147cd18be01ae,DMZC9XJ5ZZWF,reception,2026-08-08 08:22:20.061643,14.70444,-17.444453,Grossiste Dakar,grossisteRepartiteur,Dakar,normal
e692f5e1b8684b08b7d94074bb75cca5,8QCT7CWXZJ38,reception,2026-08-08 08:22:31.436663,14.704867,-17.445682,Grossiste Dakar,grossisteRepartiteur,Dakar,normal
4d465aee44214badb1cb788e268c9e51,HRQWGP6YV3ME,reception,2026-08-08 08:22:42.810510,14.705486,-17.447079,Grossiste Dakar,grossisteRepartiteur,Dakar,normal
2c9300099407488799127d04bf05bd9e,346G672AMMQY,reception,2026-08-08 08:22:53.236207,14.703497,-17.444956,Grossiste Dakar,grossisteRepartiteur,Dakar,normal
b543e58b63144f5c853981633e5a90f5,2VDWDBNZVD66,reception,2026-08-08 08:23:05.141620,14.705229,-17.445953,Grossiste Dakar,grossisteRepartiteur,Dakar,normal
ed07f63038d749ca8548b2aba918c877,CSG3DCMKFWRH,reception,2026-08-08 08:23:12.612620,14.703396,-17.446156,Grossiste Dakar,grossisteRepartiteur,Dakar,normal
748a8bcd2c6d4ae7a3be2b02eb060dc5,CEZA5P73BMAW,reception,2026-08-08 08:23:21.159925,14.703041,-17.445122,Grossiste Dakar,grossisteRepartiteur,Dakar,normal
0905f6cc950042d19b20c97681d7d470,ETZYE7CVNXUA,reception,2026-08-08 08:23:29.816627,14.703812,-17.444944,Grossiste Dakar,grossisteRepartiteur,Dakar,normal
68e9eb945bf74717b8e9d22640e7c068,FYVDFN7WPGPM,reception,2026-08-08 08:23:43.454352,14.704662,-17.444546,Grossiste Dakar,grossisteRepartiteur,Dakar,normal
5728357d79f14fc8b05a21f1e977852a,X3MATXRARV4U,reception,2026-08-08 08:23:51.199061,14.703519,-17.444504,Grossiste Dakar,grossisteRepartiteur,Dakar,normal
35488cb5ce1a431f890c43ff2eb38e9c,RRB8TX8472VJ,reception,2026-08-08 08:24:06.161565,14.704512,-17.444463,Grossiste Dakar,grossisteRepartiteur,Dakar,normal
f4099ad3062a4e55a0ee207c4b6f1fc4,28TNR4M6K67A,reception,2026-08-08 08:24:12.906306,14.70442,-17.445378,Grossiste Dakar,grossisteRepartiteur,Dakar,normal
cda603fbbf5445c5bde986d2c4f997e4,F7W824S3NZNW,reception,2026-08-08 08:24:24.969507,14.703699,-17.446783,Grossiste Dakar,grossisteRepartiteur,Dakar,normal
85f0fd3e1bb14a16a063a625838b4a2f,GCP8KRD6XZE2,reception,2026-08-08 08:24:35.495462,14.703284,-17.446928,Grossiste Dakar,grossisteRepartiteur,Dakar,normal
dd234df66a7c47f9aa3e38b58cbc772e,QF7FBUKWEBMP,reception,2026-08-08 08:24:50.131198,14.703586,-17.445513,Grossiste Dakar,grossisteRepartiteur,Dakar,normal
53f247a575594e4896c4e83eb5a43928,7ST2CJQCBPXB,expedition,2026-08-08 08:25:00,14.667089,-17.463082,SR Dakar,SR,Dakar,normal
1360e512fceb4818a292120a857e064b,NNBRAMP6FND6,reception,2026-08-08 08:25:04.340492,14.703256,-17.445972,Grossiste Dakar,grossisteRepartiteur,Dakar,normal
703d431d2ada442db3fd3cf2491de5db,226RZYP38KP6,reception,2026-08-08 08:25:14.134551,14.705066,-17.445863,Grossiste Dakar,grossisteRepartiteur,Dakar,normal
6a7b19c7ce1047888efa7dd10f2c2a9a,XF8AUV8XADT5,reception,2026-08-08 08:25:26.114386,14.703729,-17.446127,Grossiste Dakar,grossisteRepartiteur,Dakar,normal
bd6c8c37fc92415980b73f03a867ba60,X574AQ2HX33H,reception,2026-08-08 08:25:34.740284,14.705214,-17.446102,Grossiste Dakar,grossisteRepartiteur,Dakar,normal
f2f4ac978ed24e45a1146a964cd75892,P6BYX7FQNA5F,reception,2026-08-08 08:25:42.066468,14.704607,-17.447009,Grossiste Dakar,grossisteRepartiteur,Dakar,normal
0d7beedf6f53495b87b4f91d56f69fef,4J5BU9FDSTQ4,reception,2026-08-08 08:25:49.523791,14.705262,-17.445151,Grossiste Dakar,grossisteRepartiteur,Dakar,normal
760709f96823417dbf0d8de0d7c01e11,85M27QSFARNJ,reception,2026-08-08 08:26:00.787311,14.703711,-17.446134,Grossiste Dakar,grossisteRepartiteur,Dakar,normal
cb89f5ed502742c9830cd5b78f63a218,D6PNBMY9VVQU,reception,2026-08-08 08:26:12.151142,14.705176,-17.446164,Grossiste Dakar,grossisteRepartiteur,Dakar,normal
f3dd60037b4244fc9999c8d8c0a36b18,3FY4V39XA8EE,reception,2026-08-08 08:26:21.410656,14.702598,-17.444625,Grossiste Dakar,grossisteRepartiteur,Dakar,normal
92429678e2e64b199551b080453bf0b6,XBFKJBBR2ZJU,reception,2026-08-08 08:26:32.666953,14.70291,-17.444406,Grossiste Dakar,grossisteRepartiteur,Dakar,normal
8d61fc4ef339492eaf62b03aa9631e8b,AW8JQVJMEHRE,reception,2026-08-08 08:26:44.445630,14.70266,-17.445242,Grossiste Dakar,grossisteRepartiteur,Dakar,normal
23b0ee4988714f719691a8f6ea982e50,38TDR5U8UXZY,reception,2026-08-08 08:30:00,14.142985,-16.064186,Officine off.kaolack1,officine,Kaolack,normal
2f0d81aabe474a3fba4fbe94e4dabc14,C335TC4JPWMM,reception,2026-08-08 08:30:13.185964,14.142953,-16.063516,Officine off.kaolack1,officine,Kaolack,normal
b0cb4c2009e34d5181577541e6930bc9,R9QKV33YNR69,reception,2026-08-08 08:33:00,14.811378,-16.924601,Officine off.thies2,officine,Thies,normal
49832e1e894d4599bf7bb8e95b3a5b3a,3QREYYCXFUXD,reception,2026-08-08 08:33:11.471286,14.811816,-16.9247,Officine off.thies2,officine,Thies,normal
e69fed602d174b8ba1d58a6a361a7927,QUQ7TNEDS3TC,reception,2026-08-08 08:33:19.654235,14.81342,-16.924444,Officine off.thies2,officine,Thies,normal
5b68c269a3b643a897979aaf3284a1c5,GE4MSKTCJVK4,expedition,2026-08-08 08:55:00,14.665879,-17.464316,SR Dakar,SR,Dakar,normal
d40a099c1a2f4339bbc68f6ad983d18a,R36HMC5669JK,expedition,2026-08-08 08:55:12.446250,14.667612,-17.463262,SR Dakar,SR,Dakar,normal
32aca983d7224c5aa678a74e73492c5e,S8HWK5XURY2V,reception,2026-08-08 09:06:00,16.006805,-16.518593,Officine off.saintlouis1,officine,Saint-Louis,normal
926d65fbd8704136baf6dad00df9331b,YMEH4DRDRJS9,reception,2026-08-08 09:06:07.316678,16.008208,-16.518198,Officine off.saintlouis1,officine,Saint-Louis,normal
0e0376ace4b6434cbc1c5d21d23cfbfd,WDKXWFX7EWBM,reception,2026-08-08 09:06:19.155639,16.006235,-16.516801,Officine off.saintlouis1,officine,Saint-Louis,normal
55e436d3ac274f4b821a8a1bb41b670f,RBEXVAKDKXTA,reception,2026-08-08 09:06:34.116645,16.007675,-16.515669,Officine off.saintlouis1,officine,Saint-Louis,normal
3b233f697b3d441388fa0db31ec0f131,GAN38W2AANPJ,reception,2026-08-08 09:06:47.947608,16.005848,-16.517278,Officine off.saintlouis1,officine,Saint-Louis,normal
398d4ff2565942c98526617ec66daeba,W8JAVUR3HBSW,reception,2026-08-08 09:07:01.345765,16.00688,-16.515666,Officine off.saintlouis1,officine,Saint-Louis,normal
5245d098b8424d949839f0f885ba5dd8,WGRERNAUD9H7,reception,2026-08-08 09:07:15.721827,16.008494,-16.516726,Officine off.saintlouis1,officine,Saint-Louis,normal
2d50271494bb430890a0b917350998bc,CYCP4T7YT4DQ,reception,2026-08-08 09:07:22.381492,16.008134,-16.51853,Officine off.saintlouis1,officine,Saint-Louis,normal
382a1de8d9314ae9a5b826dac92c411c,MNMS86T78GVX,reception,2026-08-08 09:07:33.336603,16.006655,-16.518108,Officine off.saintlouis1,officine,Saint-Louis,normal
63178b0801fe463faed7be47ba57dc7a,Q9M6ENUGFRXK,reception,2026-08-08 09:07:41.518749,16.008547,-16.515969,Officine off.saintlouis1,officine,Saint-Louis,normal
578f7a5fa2634d8bab86deda72cc47c4,4VJTBSYM26Q4,expedition,2026-08-08 09:14:00,14.685275,-16.241982,SR Diourbel,SR,Diourbel,normal
42268181129f46fe99c9eb33736b392a,9RF9RPJAYYA8,reception,2026-08-08 09:14:00,14.803174,-16.924954,Officine off.thies1,officine,Thies,normal
f795aeca822a45079aea644d9a0c109b,B8V4EYSH93TA,reception,2026-08-08 09:14:07.163733,14.802817,-16.923815,Officine off.thies1,officine,Thies,normal
05630e746a99491394b7b033786d246c,N9U8N864J3Y8,expedition,2026-08-08 09:14:12.173454,14.684077,-16.242354,SR Diourbel,SR,Diourbel,normal
db4969c5448a4cb38b5cb0679dcf9d40,RRYQBGQQKV62,reception,2026-08-08 09:14:18.941959,14.801407,-16.923664,Officine off.thies1,officine,Thies,normal
aa79d332d25b4443b0f78b3651fcce03,87SUB7Y2TQAV,expedition,2026-08-08 09:14:22.866181,14.684692,-16.244454,SR Diourbel,SR,Diourbel,normal
36cd54ac242340959c378b205efa96cd,WNV7QBA3X8GD,reception,2026-08-08 09:14:28.394669,14.80148,-16.924178,Officine off.thies1,officine,Thies,normal
405fe85ff60742e29470880b80cee6d7,GNVK3965X8H4,expedition,2026-08-08 09:14:32.152302,14.683056,-16.242689,SR Diourbel,SR,Diourbel,normal
302fb1d70eb34375986d6286cd4327e1,N7VDES5XTZW6,reception,2026-08-08 09:17:00,15.610549,-16.253186,Officine off.louga1,officine,Louga,normal
6e266a3348e64bfa9dbe5fb6059b9faa,RR9SA29R469K,reception,2026-08-08 09:17:09.943473,15.608938,-16.251117,Officine off.louga1,officine,Louga,normal
e607c0085c8f458299a79310ed5b9976,KJQT7J6J93X2,reception,2026-08-08 09:17:24.852393,15.609372,-16.251516,Officine off.louga1,officine,Louga,normal
2814084f3e3a47fa9e2a197f96a44ae8,MNU44NP68BHX,reception,2026-08-08 09:17:36.050642,15.610929,-16.251141,Officine off.louga1,officine,Louga,normal
ea4aba6429d14f8aa8844828ff0662b7,HDF58BVXWGEE,reception,2026-08-08 09:17:46.833328,15.609649,-16.250701,Officine off.louga1,officine,Louga,normal
ec8c9929fee944e9925f6d4a3e71156d,W5GSC636YVCP,reception,2026-08-08 09:17:56.666506,15.609083,-16.252,Officine off.louga1,officine,Louga,normal
23355c43ef6e4cfd8798c1f60c37c467,5CEM3YFJ7TN2,reception,2026-08-08 09:18:04.489225,15.609872,-16.253012,Officine off.louga1,officine,Louga,normal
e80af2ac6925404083716be25d4cddf8,GKJ8Y9SDWXQ9,reception,2026-08-08 09:18:18.244124,15.608445,-16.250914,Officine off.louga1,officine,Louga,normal
fb96e08ed8c0447396ebe852d870d7cd,DWNYK33SP3PP,reception,2026-08-08 09:18:32.887751,15.609003,-16.252157,Officine off.louga1,officine,Louga,normal
39e95e39a2ac4e3488d067d74233bfdf,MNU44NP68BHX,reception,2026-08-08 09:41:22.506078,12.589266,-16.266875,Officine off.ziguinchor1,officine,Ziguinchor,trajetInhabituel
32db3d1f45af47d2847536dcd06a2721,B8V4EYSH93TA,reception,2026-08-08 09:54:07.913457,13.754144,-13.674573,Officine off.tamba1,officine,Tambacounda,trajetInhabituel
97d3a9ff47654f489e747bbf7a05f76b,RPEY8R8WXYGV,reception,2026-08-08 12:29:32.904448,13.754783,-13.673471,Officine off.tamba1,officine,Tambacounda,normal
e0f07b0488574e789479eb2cfb4d82cf,4W9RKY32C7BX,reception,2026-08-08 12:29:40.263533,13.755821,-13.672403,Officine off.tamba1,officine,Tambacounda,normal
63ebb8ed48d6471abceae3095722ae3b,9NRCU2KN5H7J,reception,2026-08-08 12:29:48.618349,13.755042,-13.673954,Officine off.tamba1,officine,Tambacounda,normal
efffa7f57bde4e14a6d77c5b2bf9d2fb,36XD46Y6KJ4W,reception,2026-08-08 12:29:57.646644,13.75333,-13.674995,Officine off.tamba1,officine,Tambacounda,normal
7ebd405f04d24d9e845f6c1f1972b726,H2A34H4MWQ95,reception,2026-08-08 12:30:06.716567,13.755791,-13.673006,Officine off.tamba1,officine,Tambacounda,normal
53c1538220e041d9bd39ac1c0920fc8e,MJDTG47W2EXW,reception,2026-08-08 12:30:16.206303,13.754066,-13.674079,Officine off.tamba1,officine,Tambacounda,normal
6986732c97bd43a7ba7821ea74145d6f,4VJTBSYM26Q4,reception,2026-08-08 17:36:37.257526,14.683488,-16.255695,Officine off.diourbel1,officine,Diourbel,normal
52ea4806b6fb4c52a9f3d5d3b0588bfd,N9U8N864J3Y8,reception,2026-08-08 17:36:48.646807,14.683429,-16.257544,Officine off.diourbel1,officine,Diourbel,normal
97fda3cd57594cce8ef30046ab9b36a2,87SUB7Y2TQAV,reception,2026-08-08 17:37:02.761111,14.681478,-16.255959,Officine off.diourbel1,officine,Diourbel,normal
84a6ffcb3e124edcbca82183723c36df,GNVK3965X8H4,reception,2026-08-08 17:37:13.451831,14.681299,-16.255057,Officine off.diourbel1,officine,Diourbel,normal
aab250593aa34f20bc30ead2ecc3ec4d,7ST2CJQCBPXB,reception,2026-08-09 08:25:00,14.702856,-17.414233,Officine off.dakar2,officine,Dakar,normal
61c87c615a4a4ccd88c93093ed205ffb,8GJVXEGU3NE2,expedition,2026-08-09 08:55:00,14.704138,-17.445324,Grossiste Dakar,grossisteRepartiteur,Dakar,normal
c6a4e9896c6147d4aea73e38747d027b,DKEFQXXSSPQY,expedition,2026-08-09 08:55:12.507026,14.702775,-17.447112,Grossiste Dakar,grossisteRepartiteur,Dakar,normal
2d35ea26e62640eeabb48a80898bca8d,NHFUF6S2Q84N,expedition,2026-08-09 08:55:21.119837,14.703267,-17.447194,Grossiste Dakar,grossisteRepartiteur,Dakar,normal
4776761e7f494eb28a4d1c6cfd5c2f1a,K5KCW6J6CRSR,expedition,2026-08-09 08:55:31.617609,14.702685,-17.446068,Grossiste Dakar,grossisteRepartiteur,Dakar,normal
60461c21aa9c4649b144bfcf22a4ef7f,ETZYE7CVNXUA,expedition,2026-08-09 08:55:39.846092,14.704248,-17.444994,Grossiste Dakar,grossisteRepartiteur,Dakar,normal
aab76a90a60a47508d6a443aa785948c,FYVDFN7WPGPM,expedition,2026-08-09 08:55:48.903395,14.704365,-17.44596,Grossiste Dakar,grossisteRepartiteur,Dakar,normal
fe2c6acae50e42baa15f0749992caf1b,GCP8KRD6XZE2,expedition,2026-08-09 08:56:00.603532,14.703083,-17.444696,Grossiste Dakar,grossisteRepartiteur,Dakar,normal
005596da7df84f32880fd40908fc9f51,4J5BU9FDSTQ4,expedition,2026-08-09 08:56:13.861815,14.705033,-17.444771,Grossiste Dakar,grossisteRepartiteur,Dakar,normal
b686a65c88f1481abaf177a18e17a427,85M27QSFARNJ,expedition,2026-08-09 08:56:27.298271,14.705166,-17.447049,Grossiste Dakar,grossisteRepartiteur,Dakar,normal
422f2eaf26e64f698c34147d3d984e86,NHKCKPFRFEUF,expedition,2026-08-09 08:56:37.095999,14.703375,-17.445867,Grossiste Dakar,grossisteRepartiteur,Dakar,normal
76fe8c834f9b42029c3bd1d43420051e,AK5UX2AFAGS8,expedition,2026-08-09 09:13:00,14.704671,-17.446657,Grossiste Dakar,grossisteRepartiteur,Dakar,normal
44b3e6c7e540407aabde63b2e1cc597a,7UTHYZWSQDAH,expedition,2026-08-09 09:13:07.244770,14.70431,-17.446275,Grossiste Dakar,grossisteRepartiteur,Dakar,normal
f2b636d946cb4b4d8e1dd412f0b7de30,PJVMAAYNKD7K,expedition,2026-08-09 09:13:13.445661,14.703121,-17.447194,Grossiste Dakar,grossisteRepartiteur,Dakar,normal
eb86585e166c4522968f840e65910973,SEV79BUVCVKW,expedition,2026-08-09 09:13:25.198137,14.704039,-17.444979,Grossiste Dakar,grossisteRepartiteur,Dakar,normal
2861f4a8c18f46e7bfe54953d9c4b14f,HRQWGP6YV3ME,expedition,2026-08-09 09:13:38.352144,14.704958,-17.446134,Grossiste Dakar,grossisteRepartiteur,Dakar,normal
3e9c93fe349f413b844199a1bd71ec51,RRB8TX8472VJ,expedition,2026-08-09 09:13:47.095584,14.704136,-17.445601,Grossiste Dakar,grossisteRepartiteur,Dakar,normal
dbdfbf3b8495446da265b288580ad777,D6PNBMY9VVQU,expedition,2026-08-09 09:13:57.134646,14.70276,-17.445416,Grossiste Dakar,grossisteRepartiteur,Dakar,normal
02c62fdc73a247318de201d1607cc85d,GE4MSKTCJVK4,reception,2026-08-09 09:20:00,14.699406,-17.465632,Officine off.dakar3,officine,Dakar,normal
b2b8894ccc1247c9bbb3c65be9af75ec,R36HMC5669JK,reception,2026-08-09 09:20:08.875630,14.698722,-17.465807,Officine off.dakar3,officine,Dakar,normal
1c52f86590134842968c5ea2e4ffba9c,K4QJHYEKTJ8F,expedition,2026-08-09 09:50:16.243560,14.702576,-17.446464,Grossiste Dakar,grossisteRepartiteur,Dakar,normal
976e57331dba4c7d9ffbe008d5f2cc61,DMZC9XJ5ZZWF,expedition,2026-08-09 09:50:28.813529,14.705127,-17.445842,Grossiste Dakar,grossisteRepartiteur,Dakar,normal
a74df9a107df4ca69bbacade640f2b99,346G672AMMQY,expedition,2026-08-09 09:50:37.194294,14.704854,-17.447194,Grossiste Dakar,grossisteRepartiteur,Dakar,normal
9ac97842f2ea4c31aa08e4bd5a19949c,QF7FBUKWEBMP,expedition,2026-08-09 09:50:47.854460,14.704658,-17.445117,Grossiste Dakar,grossisteRepartiteur,Dakar,normal
74173ecd6146430a95682df55bf9fad6,MS25GR9ZK9D8,expedition,2026-08-09 09:50:57.794224,14.704782,-17.444962,Grossiste Dakar,grossisteRepartiteur,Dakar,normal
d57315d91e44452d9845132e7458b1ac,ENPREG2QY32V,expedition,2026-08-09 09:51:08.873425,14.703598,-17.445864,Grossiste Dakar,grossisteRepartiteur,Dakar,normal
d80d8385fa5f45d98f17ef8aac2f53e9,CSG3DCMKFWRH,expedition,2026-08-09 09:51:15.274217,14.703053,-17.446921,Grossiste Dakar,grossisteRepartiteur,Dakar,normal
5de29fa557cf4b42812a675189d26a91,CEZA5P73BMAW,expedition,2026-08-09 09:51:23.271236,14.705082,-17.445053,Grossiste Dakar,grossisteRepartiteur,Dakar,normal
271c375351a24c339c3c7b2ca6d7a5e5,226RZYP38KP6,expedition,2026-08-09 09:51:37.335739,14.702578,-17.445772,Grossiste Dakar,grossisteRepartiteur,Dakar,normal
6639c27cd0f243ab9a43ec22e57da6a5,NCDJSPUS6ZAV,expedition,2026-08-09 13:26:45.783884,14.703878,-17.44442,Grossiste Dakar,grossisteRepartiteur,Dakar,normal
d5d6df47303b4c6f979931ced2b51104,F7W824S3NZNW,expedition,2026-08-09 13:26:52.284037,14.703937,-17.444566,Grossiste Dakar,grossisteRepartiteur,Dakar,normal
b3892c9654eb4ec29db56b1cb09b0c79,NNBRAMP6FND6,expedition,2026-08-09 13:27:02.507907,14.704734,-17.444783,Grossiste Dakar,grossisteRepartiteur,Dakar,normal
a67ece14102a419ca9f0f1886a48b914,E7ZVJYH3AQGY,expedition,2026-08-09 16:45:50.679171,14.703698,-17.445595,Grossiste Dakar,grossisteRepartiteur,Dakar,normal
64af3110ba4744b1a9ddf885649e56df,MSJ9C24WKMQD,expedition,2026-08-09 16:46:03.682506,14.705368,-17.446537,Grossiste Dakar,grossisteRepartiteur,Dakar,normal
88643fd50f9a4898ba04f06c3116110a,BWTMKPV33PQN,expedition,2026-08-09 16:46:17.494608,14.703467,-17.444276,Grossiste Dakar,grossisteRepartiteur,Dakar,normal
6e893a2a39fc44678cc552d19015392d,8QCT7CWXZJ38,expedition,2026-08-09 16:46:32.398620,14.705164,-17.447133,Grossiste Dakar,grossisteRepartiteur,Dakar,normal
3a32396152454fdd8f9ac56e50afbb9c,P6BYX7FQNA5F,expedition,2026-08-09 16:46:40.949406,14.704247,-17.445598,Grossiste Dakar,grossisteRepartiteur,Dakar,normal
358c633d4a1a4eb1aefd8d52f87c3ca0,VCZBB4RPNPC2,expedition,2026-08-10 08:00:00,14.703933,-17.446254,Grossiste Dakar,grossisteRepartiteur,Dakar,normal
2dedfa3c25b54f7f868778a5d1273b5b,7QJT4236PBYY,expedition,2026-08-10 08:00:12.262845,14.704632,-17.444801,Grossiste Dakar,grossisteRepartiteur,Dakar,normal
f1ffe03b422c4303875f60de8330c146,3FY4V39XA8EE,expedition,2026-08-10 08:00:25.760933,14.704895,-17.445083,Grossiste Dakar,grossisteRepartiteur,Dakar,normal
12fb62b337ea45b1b8272cc5180e9d7e,XBFKJBBR2ZJU,expedition,2026-08-10 08:00:35.377414,14.703482,-17.444737,Grossiste Dakar,grossisteRepartiteur,Dakar,normal
064d9e8e39874cd68b16d5a14829a6a8,8GJVXEGU3NE2,reception,2026-08-10 08:21:00,14.150926,-16.045011,SR Kaolack,SR,Kaolack,normal
77b835dd80004703b7e093ff5b68aa6a,DKEFQXXSSPQY,reception,2026-08-10 08:21:09.365011,14.153262,-16.044642,SR Kaolack,SR,Kaolack,normal
d95fe9fa9d4547b08d1af95092b6ef18,NHFUF6S2Q84N,reception,2026-08-10 08:21:17.321185,14.153789,-16.04479,SR Kaolack,SR,Kaolack,normal
763c27fed6084778b7520a7e65a82ba9,K5KCW6J6CRSR,reception,2026-08-10 08:21:26.248798,14.153337,-16.044328,SR Kaolack,SR,Kaolack,normal
bc1de8558dc446159a80d9425e43f13b,ETZYE7CVNXUA,reception,2026-08-10 08:21:39.021174,14.153262,-16.044366,SR Kaolack,SR,Kaolack,normal
e663f43e40ea4787aaa502a202c7d282,FYVDFN7WPGPM,reception,2026-08-10 08:21:45.332245,14.152709,-16.042221,SR Kaolack,SR,Kaolack,normal
fb6b7510df8a4328b26026c3835cdbb6,GCP8KRD6XZE2,reception,2026-08-10 08:21:58.671278,14.151145,-16.044369,SR Kaolack,SR,Kaolack,normal
65291d8257d64582b07c963eee993358,4J5BU9FDSTQ4,reception,2026-08-10 08:22:08.937449,14.15183,-16.042574,SR Kaolack,SR,Kaolack,normal
0094c5ad04ed4d6089f9a410e365c26e,85M27QSFARNJ,reception,2026-08-10 08:22:23.550251,14.152462,-16.042321,SR Kaolack,SR,Kaolack,normal
d9ab6e3c18e34f7194e54d8dcaa9eacd,NHKCKPFRFEUF,reception,2026-08-10 08:22:32.171752,14.152706,-16.042991,SR Kaolack,SR,Kaolack,normal
c0af9d3e571446008b705cbd7bbfc57e,3UYSW8C9VUZX,expedition,2026-08-10 08:23:00,14.702572,-17.446382,Grossiste Dakar,grossisteRepartiteur,Dakar,normal
418565e26c214097aba2522810051908,A7JWFRUAFFXK,expedition,2026-08-10 08:23:13.577799,14.704815,-17.445866,Grossiste Dakar,grossisteRepartiteur,Dakar,normal
2b0f8ec699fc4d51b4233125e71f9493,2VDWDBNZVD66,expedition,2026-08-10 08:23:24.282482,14.704588,-17.447059,Grossiste Dakar,grossisteRepartiteur,Dakar,normal
451e5cde70a64560a4fa6032fe88c13c,X3MATXRARV4U,expedition,2026-08-10 08:23:37.876993,14.705547,-17.446008,Grossiste Dakar,grossisteRepartiteur,Dakar,normal
274274fd0e6445578be68d7f1dbae5a5,XF8AUV8XADT5,expedition,2026-08-10 08:23:51.593683,14.70269,-17.447181,Grossiste Dakar,grossisteRepartiteur,Dakar,normal
aa3d4b63788c426c9d0c54d2d7103c33,NCDJSPUS6ZAV,reception,2026-08-10 08:35:00,14.666059,-17.463774,SR Dakar,SR,Dakar,normal
f7055a0fad4948b89e7d4af6387ce184,F7W824S3NZNW,reception,2026-08-10 08:35:11.411015,14.667484,-17.463067,SR Dakar,SR,Dakar,normal
c86fa1dfef07482789235bf5f50212a6,NNBRAMP6FND6,reception,2026-08-10 08:35:22.334781,14.667234,-17.463502,SR Dakar,SR,Dakar,normal
fd12637c81b848a384e2f82176b5caa7,5EKC4YQGWSSJ,expedition,2026-08-10 09:05:00,14.705553,-17.444575,Grossiste Dakar,grossisteRepartiteur,Dakar,normal
3bc1b18e70f94e2c9e1867aac1e5c307,GYS7PPEUUN9B,expedition,2026-08-10 09:05:09.278482,14.705143,-17.445826,Grossiste Dakar,grossisteRepartiteur,Dakar,normal
db62c14ab96c47ddafc2017c9aa5d9d7,5ANQDAKYAZAN,expedition,2026-08-10 09:05:18.758184,14.703665,-17.445663,Grossiste Dakar,grossisteRepartiteur,Dakar,normal
c998f7c8f2064cf6b10026214423a8f3,KE4Q4CA74V57,expedition,2026-08-10 09:05:32.577857,14.703486,-17.445929,Grossiste Dakar,grossisteRepartiteur,Dakar,normal
7778b62f50e9477eb47d960eec1b6877,28TNR4M6K67A,expedition,2026-08-10 09:05:45.292426,14.703328,-17.444638,Grossiste Dakar,grossisteRepartiteur,Dakar,normal
7430f4d49e8f44dd81e86a229be50743,X574AQ2HX33H,expedition,2026-08-10 09:05:53.166772,14.704126,-17.445837,Grossiste Dakar,grossisteRepartiteur,Dakar,normal
2cc2b163c8e349c4808d56952c2cf487,AW8JQVJMEHRE,expedition,2026-08-10 09:06:01.686861,14.702829,-17.444498,Grossiste Dakar,grossisteRepartiteur,Dakar,normal
1e634a2c92484895bd31f1bd18624f7e,E7ZVJYH3AQGY,reception,2026-08-10 12:07:33.253465,12.606195,-16.271909,SR Ziguinchor,SR,Ziguinchor,normal
167d190718df41fb8845032447a1ff93,MSJ9C24WKMQD,reception,2026-08-10 12:07:46.458205,12.605982,-16.269724,SR Ziguinchor,SR,Ziguinchor,normal
3f63165fc6654f849b0ee61354bdc121,BWTMKPV33PQN,reception,2026-08-10 12:07:54.343434,12.607635,-16.270379,SR Ziguinchor,SR,Ziguinchor,normal
dad6715094bd4137bbe350109d1be929,8QCT7CWXZJ38,reception,2026-08-10 12:08:05.644210,12.607328,-16.271737,SR Ziguinchor,SR,Ziguinchor,normal
1ff72000f8834f368c65f6927e83539b,P6BYX7FQNA5F,reception,2026-08-10 12:08:18.082436,12.607572,-16.2698,SR Ziguinchor,SR,Ziguinchor,normal
7512c569d2ef47f6afcdfe139e986454,K4QJHYEKTJ8F,reception,2026-08-10 12:28:49.902295,14.762349,-16.914641,SR Thies,SR,Thies,normal
c1c544b2f4e249e7840702aa45273079,DMZC9XJ5ZZWF,reception,2026-08-10 12:28:58.035736,14.761422,-16.913926,SR Thies,SR,Thies,normal
9015280b9a084f66b37ae6490628ae8a,346G672AMMQY,reception,2026-08-10 12:29:06.186824,14.761886,-16.914654,SR Thies,SR,Thies,normal
6be48edfee134c54b6380d2bb740a386,QF7FBUKWEBMP,reception,2026-08-10 12:29:18.837116,14.763126,-16.916402,SR Thies,SR,Thies,normal
370d4583d4c1404db7133db8e6311027,MS25GR9ZK9D8,reception,2026-08-10 12:29:32.774733,14.763626,-16.915571,SR Thies,SR,Thies,normal
81e891adc72f4819a97d697ee847df8a,ENPREG2QY32V,reception,2026-08-10 12:29:43.853169,14.760901,-16.916144,SR Thies,SR,Thies,normal
d0f44ac20ed842c2b46a03d7495981ad,CSG3DCMKFWRH,reception,2026-08-10 12:29:57.408914,14.761062,-16.916329,SR Thies,SR,Thies,normal
c1d8ccf7911a460b82f419b689af24b9,CEZA5P73BMAW,reception,2026-08-10 12:30:08.386071,14.762682,-16.915365,SR Thies,SR,Thies,normal
aa162837a74f4aa7878f5f3a8fb805b9,226RZYP38KP6,reception,2026-08-10 12:30:14.580126,14.761717,-16.91522,SR Thies,SR,Thies,normal
8ee278f3c01b420bbf353f54f73d9cbc,NCDJSPUS6ZAV,expedition,2026-08-10 15:50:33.676334,14.666569,-17.464094,SR Dakar,SR,Dakar,normal
252008c24ce74d6c9a6ee2d08e580cb6,AK5UX2AFAGS8,reception,2026-08-11 08:35:00,16.01352,-16.513799,SR Saint-Louis,SR,Saint-Louis,normal
817a63a6f9ad43ab9893f2e4ae2ffb35,7UTHYZWSQDAH,reception,2026-08-11 08:35:08.906970,16.014166,-16.512113,SR Saint-Louis,SR,Saint-Louis,normal
ee6f953548b34e3e89587a0906d114d2,PJVMAAYNKD7K,reception,2026-08-11 08:35:23.425597,16.014489,-16.513084,SR Saint-Louis,SR,Saint-Louis,normal
87409473b0334948974521c5717b4a8a,SEV79BUVCVKW,reception,2026-08-11 08:35:37.222114,16.012758,-16.514687,SR Saint-Louis,SR,Saint-Louis,normal
7d96d49797fe47d49de7a5e679cb1ce3,HRQWGP6YV3ME,reception,2026-08-11 08:35:51.993440,16.013869,-16.512241,SR Saint-Louis,SR,Saint-Louis,normal
5714efac38ff471fad0d227701e3618c,RRB8TX8472VJ,reception,2026-08-11 08:36:01.512145,16.012513,-16.51273,SR Saint-Louis,SR,Saint-Louis,normal
a497267df04c4c67a3784195d2dc33e8,D6PNBMY9VVQU,reception,2026-08-11 08:36:13.227811,16.012469,-16.513532,SR Saint-Louis,SR,Saint-Louis,normal
cc5e0eb552e44578be494f1e7c374e39,DBKDTYC2QTC3,expedition,2026-08-11 08:47:00,14.717725,-17.469118,Laboratoire Historique,fabricant,Dakar,normal
d72cacfdb93c4afba1e00ade1ef6759d,P5PNDB9YSGJV,expedition,2026-08-11 08:47:14.207398,14.719306,-17.470919,Laboratoire Historique,fabricant,Dakar,normal
04a975dbab7a4efe9a7a97d86e2e2742,Y4XE3H4CAXWG,expedition,2026-08-11 08:47:26.388979,14.717985,-17.470609,Laboratoire Historique,fabricant,Dakar,normal
9db196449189422ead64f8dfe5402852,G5N5F6VFTP5Q,expedition,2026-08-11 08:47:36.711092,14.716436,-17.471487,Laboratoire Historique,fabricant,Dakar,normal
e1bb16e7e5304d4ba4ddba1a46e08140,4R7MEBEVJ4PN,expedition,2026-08-11 08:47:51.021337,14.717535,-17.469245,Laboratoire Historique,fabricant,Dakar,normal
7fe98135dc864bc1aca44f6d8a03c964,69ZFTTEFUXV7,expedition,2026-08-11 08:48:02.650324,14.717673,-17.470864,Laboratoire Historique,fabricant,Dakar,normal
11a2392c17624560a6661aa5ecfef04d,BMNZ77ZAQUH2,expedition,2026-08-11 08:48:10.642283,14.717189,-17.47132,Laboratoire Historique,fabricant,Dakar,normal
4237cb2e083544199ee3144f59976ef8,VVWBGV9NR4RX,expedition,2026-08-11 08:48:22.693010,14.718107,-17.470575,Laboratoire Historique,fabricant,Dakar,normal
2213f1af6c9d4247bfe23972afb8d467,2K2PYNYZXP7D,expedition,2026-08-11 08:48:36.404552,14.719271,-17.469584,Laboratoire Historique,fabricant,Dakar,normal
a943dea08de342a4ac5a51de95fb865c,KK9X38JZMGHE,expedition,2026-08-11 08:48:48.784070,14.717546,-17.471526,Laboratoire Historique,fabricant,Dakar,normal
ba4bf65337444da2a0dc9376514bc799,RHGWRKARUKVW,expedition,2026-08-11 08:49:02.926518,14.718646,-17.470884,Laboratoire Historique,fabricant,Dakar,normal
f834130148954a7aaf9497d495c3c219,FYHKJJRF2F3U,expedition,2026-08-11 08:49:14.929848,14.716549,-17.469899,Laboratoire Historique,fabricant,Dakar,normal
ff1ddc5e4ffd427cbbe90939dbfd7d02,ZCDAWXAYECTK,expedition,2026-08-11 08:49:23.677580,14.719225,-17.469215,Laboratoire Historique,fabricant,Dakar,normal
044728c4875549e1af2e998ab37c0720,XB8NBB489GAH,expedition,2026-08-11 08:49:32.563297,14.717843,-17.469482,Laboratoire Historique,fabricant,Dakar,normal
48f464e4c2cd4574ac0be2729a0723a0,H92TVQZRRNUT,expedition,2026-08-11 08:49:39.363801,14.71869,-17.469109,Laboratoire Historique,fabricant,Dakar,normal
4614ba17151c44b69350b22cca3476b7,QK28VPN6TE7P,expedition,2026-08-11 08:49:48.423007,14.717635,-17.469416,Laboratoire Historique,fabricant,Dakar,normal
c100bd2a11d044d99e85ef8215bb3789,VUW7RVBEPXCD,expedition,2026-08-11 08:49:54.506872,14.718954,-17.469091,Laboratoire Historique,fabricant,Dakar,normal
fde7ce58245844759a8ace5012593e2d,TCFUWYBF8E8M,expedition,2026-08-11 08:50:04.782990,14.71838,-17.468967,Laboratoire Historique,fabricant,Dakar,normal
f88783cfc62242288490c1902b8c1ce9,K8JZDJR7PTVN,expedition,2026-08-11 08:50:13.846334,14.718044,-17.470822,Laboratoire Historique,fabricant,Dakar,normal
06eb78d603ea45cb9d1173c310d3d3f1,JSYG75DX9AK9,expedition,2026-08-11 08:50:26.973128,14.719302,-17.471538,Laboratoire Historique,fabricant,Dakar,normal
57087de742f94799ab669705d57ea485,GMRBNYWY9M7V,expedition,2026-08-11 08:50:34.251437,14.718625,-17.468918,Laboratoire Historique,fabricant,Dakar,normal
5f49121aca2e4888b76c833648781d76,CWSZTN59A97J,expedition,2026-08-11 08:50:40.966833,14.717296,-17.469812,Laboratoire Historique,fabricant,Dakar,normal
5f22e8f805d3465c9235eb48cb0ad1e1,G4S3GDXVYH6W,expedition,2026-08-11 08:50:48.877110,14.719125,-17.469097,Laboratoire Historique,fabricant,Dakar,normal
4e41660a156e47d9b88f7541ee156b09,A9MXWUZX9J9F,expedition,2026-08-11 08:50:56.958587,14.71919,-17.469161,Laboratoire Historique,fabricant,Dakar,normal
e04ac8e532934b5281ca7df2bd6c4fb5,NUKZRUXW3XZA,expedition,2026-08-11 08:51:08.396190,14.718568,-17.468853,Laboratoire Historique,fabricant,Dakar,normal
62e052602712490da56fa4e6efdbd62d,TMK96EHFZGBF,expedition,2026-08-11 08:51:18.475069,14.71777,-17.470812,Laboratoire Historique,fabricant,Dakar,normal
e7f51b07873d498fac0156b3e6633698,9PVPNQG4Y3FQ,expedition,2026-08-11 08:51:31.329334,14.719109,-17.471524,Laboratoire Historique,fabricant,Dakar,normal
72c069f40d4e4a36a8f6375062b777da,ZH9XS67QCEFN,expedition,2026-08-11 08:51:40.352165,14.71692,-17.47069,Laboratoire Historique,fabricant,Dakar,normal
873d8750e0bd4c7b88475f82f701ea80,BJ5NAMDSQBGB,expedition,2026-08-11 08:51:48.323815,14.718263,-17.471092,Laboratoire Historique,fabricant,Dakar,normal
f3f8c1efeb4a49ca925d3f588d2a976f,MFMXM5E8DPPX,expedition,2026-08-11 08:52:01.885030,14.719032,-17.469911,Laboratoire Historique,fabricant,Dakar,normal
66e01febbf4449d8aef0d1f42ce80f4f,3MCG8V5EPFK9,expedition,2026-08-11 08:52:12.352768,14.718344,-17.469752,Laboratoire Historique,fabricant,Dakar,normal
e484efc6be3640209876cefe1e5be100,EJ9WTKS77N3R,expedition,2026-08-11 08:52:26.762514,14.717992,-17.470211,Laboratoire Historique,fabricant,Dakar,normal
233d901d28e0452b838e01261d54e664,VJYHUBG2WDQS,expedition,2026-08-11 08:52:38.576641,14.718955,-17.468657,Laboratoire Historique,fabricant,Dakar,normal
7480ac0ec72c43719883fabfe0f7767c,QQ5UMBQ7GZC9,expedition,2026-08-11 08:52:51.963214,14.718494,-17.470382,Laboratoire Historique,fabricant,Dakar,normal
f97a91a3fd194e089e254b502184a4d3,AWXJ4MQFC36B,expedition,2026-08-11 08:53:05.505508,14.717052,-17.470751,Laboratoire Historique,fabricant,Dakar,normal
48aeaf4234854b28b2e8aaa65ffb44d0,7U2K6VTEXYKD,expedition,2026-08-11 08:53:12.255281,14.718754,-17.470075,Laboratoire Historique,fabricant,Dakar,normal
50bcc47dae1c4a06b02994f4ce95c76e,SJUNQN7AZCVP,expedition,2026-08-11 08:53:26.597907,14.718004,-17.469466,Laboratoire Historique,fabricant,Dakar,normal
458e8c3e1d6f43dc95bebea46cfd4b91,7R844FGC5AJR,expedition,2026-08-11 08:53:37.566861,14.717819,-17.469534,Laboratoire Historique,fabricant,Dakar,normal
7f758fc9c78543709fcc88b67ceda207,SFHBEHEKBXQK,expedition,2026-08-11 08:53:44.388232,14.718561,-17.470428,Laboratoire Historique,fabricant,Dakar,normal
9efa0ab3e7c94c57a6b3db6802dd4888,A7W8QE3UW8VP,expedition,2026-08-11 08:53:54.556508,14.716593,-17.468729,Laboratoire Historique,fabricant,Dakar,normal
6a6c8aee720e44bea2fb9bcac995ecde,8GJVXEGU3NE2,expedition,2026-08-11 08:54:00,14.153623,-16.043162,SR Kaolack,SR,Kaolack,normal
2851ee7d6052479590bbbdeb9ac5117d,S6N5T9STPDE7,expedition,2026-08-11 08:54:06.095655,14.718435,-17.470366,Laboratoire Historique,fabricant,Dakar,normal
5e5adaaf38104a99ab1467918d6e4cbe,DKEFQXXSSPQY,expedition,2026-08-11 08:54:06.483061,14.151691,-16.044594,SR Kaolack,SR,Kaolack,normal
43c52eff05064ed3b44244cbee7fe678,8FMMFV6NXQ4F,expedition,2026-08-11 08:54:17.459201,14.717553,-17.471129,Laboratoire Historique,fabricant,Dakar,normal
c9b07000a3c94a2c97a0e0f55e486870,NHFUF6S2Q84N,expedition,2026-08-11 08:54:17.507832,14.153834,-16.04453,SR Kaolack,SR,Kaolack,normal
0b83b93b205c4edb9b4daf722443fd65,TBVQDQYG8E4U,expedition,2026-08-11 08:54:30.590434,14.716851,-17.469513,Laboratoire Historique,fabricant,Dakar,normal
6e158f11a8c74aefb86f96b1aba44371,K5KCW6J6CRSR,expedition,2026-08-11 08:54:31.002589,14.151678,-16.042485,SR Kaolack,SR,Kaolack,normal
07c379d5df9c4277a82c307e2d7b228c,GPR9S8BRQHNQ,expedition,2026-08-11 08:54:40.023571,14.716779,-17.468776,Laboratoire Historique,fabricant,Dakar,normal
7103538143e44f419d8ea8345703633a,ETZYE7CVNXUA,expedition,2026-08-11 08:54:45.046412,14.151373,-16.042997,SR Kaolack,SR,Kaolack,normal
4471c12b7b9e4ba0ae7124d53b067ccd,UCP5ZJRDBK7F,expedition,2026-08-11 08:54:51.988744,14.718231,-17.470114,Laboratoire Historique,fabricant,Dakar,normal
09cf619494dd4ce198a8c750045e1056,FYVDFN7WPGPM,expedition,2026-08-11 08:54:58.567986,14.152349,-16.043483,SR Kaolack,SR,Kaolack,normal
5027b146109b4620948ef0d319782c7c,P2DJAC99H5FV,expedition,2026-08-11 08:55:04.996767,14.718525,-17.46997,Laboratoire Historique,fabricant,Dakar,normal
c6632319f9e54e7998b983de2ae6b9ba,GCP8KRD6XZE2,expedition,2026-08-11 08:55:08.066167,14.151637,-16.044346,SR Kaolack,SR,Kaolack,normal
aa3efad6562044a1abb91ac074079eaa,PQNU493NP49Y,expedition,2026-08-11 08:55:11.469683,14.718921,-17.470392,Laboratoire Historique,fabricant,Dakar,normal
59b0557776b347859a7a99c76a6fb1f6,4J5BU9FDSTQ4,expedition,2026-08-11 08:55:18.448806,14.151828,-16.044334,SR Kaolack,SR,Kaolack,normal
0b8721a7b7074361be9d0afde44f7132,EJDEPEQE2S5X,expedition,2026-08-11 08:55:23.562695,14.718746,-17.470219,Laboratoire Historique,fabricant,Dakar,normal
5b361b37a45a4821a3f8c45114916432,Q5VJ3UDSKA6A,expedition,2026-08-11 08:55:30.668247,14.718172,-17.46883,Laboratoire Historique,fabricant,Dakar,normal
f460c935547148d0816325b7dfdb19e7,85M27QSFARNJ,expedition,2026-08-11 08:55:30.754161,14.152697,-16.044692,SR Kaolack,SR,Kaolack,normal
4bcc3b06c2ed4ced81dae6ce23838697,9URF8TZ5BREK,expedition,2026-08-11 08:55:38.194140,14.717664,-17.470463,Laboratoire Historique,fabricant,Dakar,normal
8b4918b33ab842748fef5d499185a913,E7ZVJYH3AQGY,expedition,2026-08-11 08:57:00,12.608011,-16.272255,SR Ziguinchor,SR,Ziguinchor,normal
6e86932d17e24fceb525ef8b11ecad30,MSJ9C24WKMQD,expedition,2026-08-11 08:57:12.358315,12.606145,-16.272136,SR Ziguinchor,SR,Ziguinchor,normal
b62e0fcc682f4f239b0f9e64f31adcd5,BWTMKPV33PQN,expedition,2026-08-11 08:57:23.355160,12.608184,-16.269955,SR Ziguinchor,SR,Ziguinchor,normal
b7b596a2cf0b42a5a7ae0d0eafaedff0,8QCT7CWXZJ38,expedition,2026-08-11 08:57:29.749626,12.606089,-16.27072,SR Ziguinchor,SR,Ziguinchor,normal
742150937350443c9f30d7f4bde6b229,P6BYX7FQNA5F,expedition,2026-08-11 08:57:44.504900,12.60638,-16.271467,SR Ziguinchor,SR,Ziguinchor,normal
0e3e497f66934138b4b3199a88bb9826,VCZBB4RPNPC2,reception,2026-08-11 09:04:27.826498,14.685038,-16.241838,SR Diourbel,SR,Diourbel,normal
cded08a0445440229373ac61f868f5b9,7QJT4236PBYY,reception,2026-08-11 09:04:34.022217,14.684841,-16.244216,SR Diourbel,SR,Diourbel,normal
07c982ff63da49e680762852cd9a0511,3FY4V39XA8EE,reception,2026-08-11 09:04:48.437265,14.684693,-16.242028,SR Diourbel,SR,Diourbel,normal
b675045cfa334df0ad42b46b88fbe021,XBFKJBBR2ZJU,reception,2026-08-11 09:05:02.423085,14.683811,-16.244567,SR Diourbel,SR,Diourbel,normal
3c46d1c82b384e5e9a04ddfc6d5c646f,NCDJSPUS6ZAV,reception,2026-08-11 09:19:00,14.703296,-17.436992,Officine off.dakar1,officine,Dakar,normal
831b2794a3314d38aefd391c1705deaf,K4QJHYEKTJ8F,expedition,2026-08-11 09:27:00,14.762583,-16.914554,SR Thies,SR,Thies,normal
653b649fd34046a68d9ecee86f1d1b4d,DMZC9XJ5ZZWF,expedition,2026-08-11 09:27:13.557352,14.763411,-16.91417,SR Thies,SR,Thies,normal
3792c50f6b1c46e2bf4a2fc6d432bd29,346G672AMMQY,expedition,2026-08-11 09:27:20.114455,14.760819,-16.913936,SR Thies,SR,Thies,normal
5324adeab26f4bf6a0315729ccf1579b,QF7FBUKWEBMP,expedition,2026-08-11 09:27:34.196015,14.76363,-16.916462,SR Thies,SR,Thies,normal
aceadcc079154dd7863fd53cf7b41832,3UYSW8C9VUZX,reception,2026-08-11 10:35:07.502787,15.627247,-16.240731,SR Louga,SR,Louga,normal
c6bc0863d78b46c8a29c992eeecfdb4b,A7JWFRUAFFXK,reception,2026-08-11 10:35:17.691882,15.626286,-16.242357,SR Louga,SR,Louga,normal
a6534dca9a784336ac6ccc3b9253b683,2VDWDBNZVD66,reception,2026-08-11 10:35:30.717059,15.626563,-16.243156,SR Louga,SR,Louga,normal
d4fcb4c2a6124f7d802c50282f5ae22f,X3MATXRARV4U,reception,2026-08-11 10:35:45.478916,15.628029,-16.243255,SR Louga,SR,Louga,normal
e54eeef750974d96bfa9b717cc272e31,XF8AUV8XADT5,reception,2026-08-11 10:35:58.701087,15.627595,-16.242259,SR Louga,SR,Louga,normal
25c560175cf6459c80ca3411b0620784,WNV7QBA3X8GD,dispensation,2026-08-11 11:47:21.930616,14.802784,-16.925778,Officine off.thies1,officine,Thies,normal
c4cd61fb8c4449b28ce367d1d158424a,F7W824S3NZNW,expedition,2026-08-11 16:42:57.520792,14.665612,-17.462063,SR Dakar,SR,Dakar,normal
bf329fc8597941488f0e9af37c13b2a9,NNBRAMP6FND6,expedition,2026-08-11 16:43:06.020155,14.668158,-17.462713,SR Dakar,SR,Dakar,normal
cf733208347b4cd1aacdbc1952156d56,8GJVXEGU3NE2,reception,2026-08-11 17:21:49.039124,14.162363,-16.063117,Officine off.kaolack2,officine,Kaolack,normal
58f8b4cdc5ac4d53ae38480c72c44288,DKEFQXXSSPQY,reception,2026-08-11 17:22:02.633801,14.161597,-16.063805,Officine off.kaolack2,officine,Kaolack,normal
053fdda291e745ddb1deb902bcf2daa8,NHFUF6S2Q84N,reception,2026-08-11 17:22:14.391940,14.160911,-16.061795,Officine off.kaolack2,officine,Kaolack,normal
ab169dc8196845a7b1f9e713cbdef26c,K5KCW6J6CRSR,reception,2026-08-11 17:22:27.805788,14.160039,-16.06297,Officine off.kaolack2,officine,Kaolack,normal
f5aab6206241473e996cb52a6dec5bb3,ETZYE7CVNXUA,reception,2026-08-11 17:22:39.247213,14.162239,-16.060897,Officine off.kaolack2,officine,Kaolack,normal
579373795f5a4ecaa89904ade089812b,FYVDFN7WPGPM,reception,2026-08-11 17:22:50.254656,14.162545,-16.061015,Officine off.kaolack2,officine,Kaolack,normal
8cfa301dc90845aeb6d70b811e448248,GCP8KRD6XZE2,reception,2026-08-11 17:22:56.543963,14.161277,-16.061681,Officine off.kaolack2,officine,Kaolack,normal
2f1bd580083047748a091fda867d57bc,4J5BU9FDSTQ4,reception,2026-08-11 17:23:07.579169,14.16093,-16.061133,Officine off.kaolack2,officine,Kaolack,normal
c42c1e9bfc054c53997b65ac4a10d360,85M27QSFARNJ,reception,2026-08-11 17:23:15.259090,14.160353,-16.061503,Officine off.kaolack2,officine,Kaolack,normal
c5564f26235e4c40bc913d050f699aab,5EKC4YQGWSSJ,reception,2026-08-12 08:18:00,13.756985,-13.679927,SR Tambacounda,SR,Tambacounda,normal
ff56af109a3d4ee9a3fcb85d22ed5a7a,GYS7PPEUUN9B,reception,2026-08-12 08:18:10.983568,13.758695,-13.677673,SR Tambacounda,SR,Tambacounda,normal
23003aebd35a435fa17057495592f8b8,5ANQDAKYAZAN,reception,2026-08-12 08:18:18.451278,13.759027,-13.678971,SR Tambacounda,SR,Tambacounda,normal
dbe6ac7ae7b241cf804c1bdb3bf29843,KE4Q4CA74V57,reception,2026-08-12 08:18:28.016448,13.759096,-13.680519,SR Tambacounda,SR,Tambacounda,normal
24e72314731a4143b573daab92de263a,28TNR4M6K67A,reception,2026-08-12 08:18:35.226869,13.757857,-13.680378,SR Tambacounda,SR,Tambacounda,normal
b4fede9006b14350baa10042c52e3b37,X574AQ2HX33H,reception,2026-08-12 08:18:48.485786,13.758892,-13.678812,SR Tambacounda,SR,Tambacounda,normal
0d454d3543284ab29c5d86dd71976562,AW8JQVJMEHRE,reception,2026-08-12 08:18:58.406416,13.757698,-13.679066,SR Tambacounda,SR,Tambacounda,normal
2320e7ff8247427c9f9ff62622fa6cbf,WGRERNAUD9H7,dispensation,2026-08-12 08:22:00,16.006972,-16.518564,Officine off.saintlouis1,officine,Saint-Louis,normal
574a2f4c2cfc41d596ded96583e2642a,NHKCKPFRFEUF,expedition,2026-08-12 08:44:00,14.152659,-16.044496,SR Kaolack,SR,Kaolack,normal
336b700046ab41a19dbb19cb511273f6,DQ5CYMVPCARZ,dispensation,2026-08-12 08:48:00,12.590305,-16.265709,Officine off.ziguinchor1,officine,Ziguinchor,normal
000fbae7548b465580b100c3e0e96acd,NBHXYQJB97BH,dispensation,2026-08-12 09:01:00,14.160738,-16.062587,Officine off.kaolack2,officine,Kaolack,normal
9c1eb10753f6440d81be4148853571ca,K4QJHYEKTJ8F,reception,2026-08-12 09:08:00,14.803276,-16.925922,Officine off.thies1,officine,Thies,normal
414fd1a050dc411dada4515c10cd1a61,DMZC9XJ5ZZWF,reception,2026-08-12 09:08:13.027706,14.803587,-16.923884,Officine off.thies1,officine,Thies,normal
5e8350d5d5d14bd7ba94232cfc81130a,346G672AMMQY,reception,2026-08-12 09:08:27.325721,14.80169,-16.924685,Officine off.thies1,officine,Thies,normal
f8d1a37dcfe5467cad19a80e569df2bb,QF7FBUKWEBMP,reception,2026-08-12 09:08:35.598981,14.801958,-16.924677,Officine off.thies1,officine,Thies,normal
c6a141ff30ad46e7924cfaecc8de56ac,AK5UX2AFAGS8,expedition,2026-08-12 09:14:12.367871,16.012448,-16.51284,SR Saint-Louis,SR,Saint-Louis,normal
cf08f60a84c94a8b9aa0425e8a06980b,7UTHYZWSQDAH,expedition,2026-08-12 09:14:20.628351,16.013814,-16.512933,SR Saint-Louis,SR,Saint-Louis,normal
9e4a482992794aa3b9c0d472526bb481,PJVMAAYNKD7K,expedition,2026-08-12 09:14:35.586265,16.012956,-16.513603,SR Saint-Louis,SR,Saint-Louis,normal
1d6416a8aef04f9d805b971f9a13165c,SEV79BUVCVKW,expedition,2026-08-12 09:14:46.964048,16.014382,-16.51335,SR Saint-Louis,SR,Saint-Louis,normal
8725da0490674429bfc8c2cfc810d507,HRQWGP6YV3ME,expedition,2026-08-12 09:14:58.092512,16.011881,-16.511975,SR Saint-Louis,SR,Saint-Louis,normal
153b868bb8d44207a0e882a2a9d97c68,RRB8TX8472VJ,expedition,2026-08-12 09:15:13.043659,16.01302,-16.513315,SR Saint-Louis,SR,Saint-Louis,normal
7e6415380e034d06b25d076a2f106db7,D6PNBMY9VVQU,expedition,2026-08-12 09:15:23.265021,16.01376,-16.512183,SR Saint-Louis,SR,Saint-Louis,normal
ea4a57ebebd24b2bb60cb87394cce5af,MS25GR9ZK9D8,expedition,2026-08-12 09:23:00,14.763212,-16.91614,SR Thies,SR,Thies,normal
5c10bc9731434080842c547bc4d282c5,ENPREG2QY32V,expedition,2026-08-12 09:23:08.341342,14.760952,-16.915628,SR Thies,SR,Thies,normal
159e9d419ebe4898a25bef7896707236,CSG3DCMKFWRH,expedition,2026-08-12 09:23:20.894702,14.761746,-16.916836,SR Thies,SR,Thies,normal
343dad80d9554f528e2713088236eb77,CEZA5P73BMAW,expedition,2026-08-12 09:23:29.898145,14.762164,-16.914782,SR Thies,SR,Thies,normal
14ef0acbf11f48a48aad4e823504b11d,226RZYP38KP6,expedition,2026-08-12 09:23:42.077934,14.762488,-16.914669,SR Thies,SR,Thies,normal
15191b308dbf45af971985042e7991d7,E7ZVJYH3AQGY,reception,2026-08-12 09:38:56.320868,12.587745,-16.266224,Officine off.ziguinchor1,officine,Ziguinchor,normal
565800759c334aef859216d1abbac70c,MSJ9C24WKMQD,reception,2026-08-12 09:39:09.340419,12.590536,-16.265271,Officine off.ziguinchor1,officine,Ziguinchor,normal
435ed6c32ac0425099311cbc1651c490,BWTMKPV33PQN,reception,2026-08-12 09:39:16.510918,12.588937,-16.267104,Officine off.ziguinchor1,officine,Ziguinchor,normal
be654e9d84464b94a2e4d70c7988d73f,8QCT7CWXZJ38,reception,2026-08-12 09:39:27.432681,12.590152,-16.26666,Officine off.ziguinchor1,officine,Ziguinchor,normal
ff1a3db13e1543158c4daa4a0e57b831,P6BYX7FQNA5F,reception,2026-08-12 09:39:36.952992,12.590372,-16.265611,Officine off.ziguinchor1,officine,Ziguinchor,normal
e60f9b0dd6904beb9d44e8dfe37b1f7a,3UYSW8C9VUZX,expedition,2026-08-12 10:19:04.919602,15.627753,-16.240981,SR Louga,SR,Louga,normal
2156392d6b854ca9b386ccc2b85782ac,A7JWFRUAFFXK,expedition,2026-08-12 10:19:16.398761,15.626753,-16.242049,SR Louga,SR,Louga,normal
741d8cba61564af99c91b586c1b306fd,2VDWDBNZVD66,expedition,2026-08-12 10:19:29.516473,15.627661,-16.24082,SR Louga,SR,Louga,normal
433e4ecd2e2e44b9927e743be978efb2,X3MATXRARV4U,expedition,2026-08-12 10:19:36.995520,15.626249,-16.243138,SR Louga,SR,Louga,normal
fd97d47af1c745d7bc47f166a4674c1c,XF8AUV8XADT5,expedition,2026-08-12 10:19:43.975119,15.627386,-16.24246,SR Louga,SR,Louga,normal
e465d7061881482a8a0ca44fc6a80441,DBKDTYC2QTC3,reception,2026-08-12 14:16:16.308574,14.705303,-17.444843,Grossiste Dakar,grossisteRepartiteur,Dakar,normal
f7d0a252e7bc4fef8785e7ddfd6ef823,P5PNDB9YSGJV,reception,2026-08-12 14:16:23.936767,14.703367,-17.446107,Grossiste Dakar,grossisteRepartiteur,Dakar,normal
16f6408319ed4dc6a1e2968dc7f7411d,Y4XE3H4CAXWG,reception,2026-08-12 14:16:36.655138,14.705337,-17.447153,Grossiste Dakar,grossisteRepartiteur,Dakar,normal
cdb280a0ee58479289117106d7d4c83c,G5N5F6VFTP5Q,reception,2026-08-12 14:16:48.494977,14.703125,-17.444712,Grossiste Dakar,grossisteRepartiteur,Dakar,normal
36265f1b4e3744abad2385a02142812d,4R7MEBEVJ4PN,reception,2026-08-12 14:17:02.266492,14.704289,-17.444285,Grossiste Dakar,grossisteRepartiteur,Dakar,normal
39d59f946bef415798dc3d117f12c7b1,69ZFTTEFUXV7,reception,2026-08-12 14:17:13.810561,14.70487,-17.446783,Grossiste Dakar,grossisteRepartiteur,Dakar,normal
d27b9e0afca845e09147f7b7f235288b,BMNZ77ZAQUH2,reception,2026-08-12 14:17:26.697663,14.704853,-17.446615,Grossiste Dakar,grossisteRepartiteur,Dakar,normal
d0c392f3f37448309933b08b05954ad1,VVWBGV9NR4RX,reception,2026-08-12 14:17:33.014199,14.705431,-17.44434,Grossiste Dakar,grossisteRepartiteur,Dakar,normal
2487617f3f82428e9c74d6e3ed4315a8,2K2PYNYZXP7D,reception,2026-08-12 14:17:46.288898,14.705016,-17.446316,Grossiste Dakar,grossisteRepartiteur,Dakar,normal
aa9afda7b2fd45628b0ef79d031a1e83,KK9X38JZMGHE,reception,2026-08-12 14:17:55.268195,14.704053,-17.445413,Grossiste Dakar,grossisteRepartiteur,Dakar,normal
1b6346ceff694b11a157c532db0b5e94,RHGWRKARUKVW,reception,2026-08-12 14:18:07.254614,14.70372,-17.44591,Grossiste Dakar,grossisteRepartiteur,Dakar,normal
e27c4d0ad1be49a7a06782bab0b9f2ab,FYHKJJRF2F3U,reception,2026-08-12 14:18:16.061893,14.705202,-17.444454,Grossiste Dakar,grossisteRepartiteur,Dakar,normal
fd70e1ccb25443e095cce517af17d2c6,ZCDAWXAYECTK,reception,2026-08-12 14:18:28.537967,14.70328,-17.444982,Grossiste Dakar,grossisteRepartiteur,Dakar,normal
0e2a2e75680042788d3df163584e2e09,XB8NBB489GAH,reception,2026-08-12 14:18:41.069351,14.703816,-17.444595,Grossiste Dakar,grossisteRepartiteur,Dakar,normal
53463beb1a844ffabc0257513c46d472,H92TVQZRRNUT,reception,2026-08-12 14:18:47.916763,14.704374,-17.444297,Grossiste Dakar,grossisteRepartiteur,Dakar,normal
5b20b4b51a42450ba5b0a8123c3a8f7d,QK28VPN6TE7P,reception,2026-08-12 14:19:00.403700,14.703778,-17.447137,Grossiste Dakar,grossisteRepartiteur,Dakar,normal
b34b51896df8401fbef93e5aa2218d7d,VUW7RVBEPXCD,reception,2026-08-12 14:19:07.541917,14.705286,-17.444528,Grossiste Dakar,grossisteRepartiteur,Dakar,normal
0ada39289b8543d88316bda2d06064f6,TCFUWYBF8E8M,reception,2026-08-12 14:19:20.831325,14.704056,-17.445102,Grossiste Dakar,grossisteRepartiteur,Dakar,normal
e5a60fc7c4bc46cc8381abd6a8d37174,K8JZDJR7PTVN,reception,2026-08-12 14:19:28.976251,14.70418,-17.444697,Grossiste Dakar,grossisteRepartiteur,Dakar,normal
d6a7f629f0bf49fc82f6d78ac101f180,JSYG75DX9AK9,reception,2026-08-12 14:19:35.873649,14.703498,-17.447062,Grossiste Dakar,grossisteRepartiteur,Dakar,normal
9960bcab33344f889dc13f21cb35e4f5,GMRBNYWY9M7V,reception,2026-08-12 14:19:48.961989,14.704539,-17.445901,Grossiste Dakar,grossisteRepartiteur,Dakar,normal
ef69dd7782a7490499040e08963acb27,CWSZTN59A97J,reception,2026-08-12 14:19:56.587685,14.704085,-17.44642,Grossiste Dakar,grossisteRepartiteur,Dakar,normal
518fa0fd079e4f9a95f20ed0668730b3,G4S3GDXVYH6W,reception,2026-08-12 14:20:05.850113,14.702962,-17.444417,Grossiste Dakar,grossisteRepartiteur,Dakar,normal
eee8fa2e95f64e6c82b318c75ca925ff,A9MXWUZX9J9F,reception,2026-08-12 14:20:16.844273,14.705393,-17.446631,Grossiste Dakar,grossisteRepartiteur,Dakar,normal
c7e31182827d48219164c7c957c6d879,NUKZRUXW3XZA,reception,2026-08-12 14:20:27.789320,14.702628,-17.446008,Grossiste Dakar,grossisteRepartiteur,Dakar,normal
e28d3d671ffd4cf5b77d6646744dc6a6,TMK96EHFZGBF,reception,2026-08-12 14:20:34.181414,14.704915,-17.44591,Grossiste Dakar,grossisteRepartiteur,Dakar,normal
942b3b5c5c2e4607b5d51649e0d544f3,9PVPNQG4Y3FQ,reception,2026-08-12 14:20:47.884323,14.703999,-17.446643,Grossiste Dakar,grossisteRepartiteur,Dakar,normal
547c40c517c043df91968466e5a8f085,ZH9XS67QCEFN,reception,2026-08-12 14:21:01.919959,14.704598,-17.444694,Grossiste Dakar,grossisteRepartiteur,Dakar,normal
12cb9b2363a8421581a3523b31d8f4f8,BJ5NAMDSQBGB,reception,2026-08-12 14:21:15.271203,14.703496,-17.447024,Grossiste Dakar,grossisteRepartiteur,Dakar,normal
f26d852f416642c0833b4837517001e6,MFMXM5E8DPPX,reception,2026-08-12 14:21:24.723676,14.703947,-17.447084,Grossiste Dakar,grossisteRepartiteur,Dakar,normal
2909527314644deda5abfbb1dfec50b1,3MCG8V5EPFK9,reception,2026-08-12 14:21:33.865390,14.703584,-17.445682,Grossiste Dakar,grossisteRepartiteur,Dakar,normal
f057cbb5aa424d69b89cdae70c3660e7,EJ9WTKS77N3R,reception,2026-08-12 14:21:42.854993,14.702686,-17.444704,Grossiste Dakar,grossisteRepartiteur,Dakar,normal
96e373b742ce4acab4be34effe039432,VJYHUBG2WDQS,reception,2026-08-12 14:21:51.968698,14.70555,-17.445244,Grossiste Dakar,grossisteRepartiteur,Dakar,normal
05e3b3caa54749a28e68eb6bb8a93228,QQ5UMBQ7GZC9,reception,2026-08-12 14:22:06.277316,14.703519,-17.445615,Grossiste Dakar,grossisteRepartiteur,Dakar,normal
37fe2d29698d4f45a7c7e5e3824ba669,AWXJ4MQFC36B,reception,2026-08-12 14:22:19.930024,14.702811,-17.445542,Grossiste Dakar,grossisteRepartiteur,Dakar,normal
ac402983c38b4d558e38f665ded2e13b,7U2K6VTEXYKD,reception,2026-08-12 14:22:30.209901,14.703084,-17.44707,Grossiste Dakar,grossisteRepartiteur,Dakar,normal
611331b8f9974374b077931c3be15961,SJUNQN7AZCVP,reception,2026-08-12 14:22:39.459552,14.70335,-17.444779,Grossiste Dakar,grossisteRepartiteur,Dakar,normal
f832aeb3519b4e0ba452c1ee5cdaec3d,7R844FGC5AJR,reception,2026-08-12 14:22:49.705914,14.703299,-17.446769,Grossiste Dakar,grossisteRepartiteur,Dakar,normal
ea4d68945d2f4674b12b24fbf6262569,SFHBEHEKBXQK,reception,2026-08-12 14:23:01.488013,14.703834,-17.44568,Grossiste Dakar,grossisteRepartiteur,Dakar,normal
44dd7652bff7488c9bab2507422ed3c6,A7W8QE3UW8VP,reception,2026-08-12 14:23:16.299265,14.704851,-17.444838,Grossiste Dakar,grossisteRepartiteur,Dakar,normal
41ef2b5c2fef4b0da1ebe71aa5b0bc87,S6N5T9STPDE7,reception,2026-08-12 14:23:26.959993,14.705184,-17.444633,Grossiste Dakar,grossisteRepartiteur,Dakar,normal
4719415b7fe540a38d6b44ac37f23b55,8FMMFV6NXQ4F,reception,2026-08-12 14:23:37.728564,14.703728,-17.445985,Grossiste Dakar,grossisteRepartiteur,Dakar,normal
996fde6e42b64940bf4e5037009a406b,TBVQDQYG8E4U,reception,2026-08-12 14:23:50.224649,14.704974,-17.445815,Grossiste Dakar,grossisteRepartiteur,Dakar,normal
20eb7b95733c4ce6a8f97ff1258404b0,GPR9S8BRQHNQ,reception,2026-08-12 14:23:59.570142,14.705546,-17.44627,Grossiste Dakar,grossisteRepartiteur,Dakar,normal
66cc9499e82042339a1d9705f39f6ed8,UCP5ZJRDBK7F,reception,2026-08-12 14:24:09.672582,14.705475,-17.446342,Grossiste Dakar,grossisteRepartiteur,Dakar,normal
0377f80c7ea94816b0b80792ddde9559,P2DJAC99H5FV,reception,2026-08-12 14:24:18.471295,14.703125,-17.447083,Grossiste Dakar,grossisteRepartiteur,Dakar,normal
731902f63cb6481daa6b7bbbe39529c3,PQNU493NP49Y,reception,2026-08-12 14:24:27.246373,14.705166,-17.446636,Grossiste Dakar,grossisteRepartiteur,Dakar,normal
a5da2c4bbcbb445399dae43a724957d8,EJDEPEQE2S5X,reception,2026-08-12 14:24:38.156474,14.705141,-17.445984,Grossiste Dakar,grossisteRepartiteur,Dakar,normal
2e47dc827cc5427d8f817cca7cbe4563,Q5VJ3UDSKA6A,reception,2026-08-12 14:24:52.537319,14.705087,-17.445667,Grossiste Dakar,grossisteRepartiteur,Dakar,normal
d0a7bef965a94a01845e76f6539008af,9URF8TZ5BREK,reception,2026-08-12 14:25:04.829072,14.702794,-17.444926,Grossiste Dakar,grossisteRepartiteur,Dakar,normal
cd6d3858f9ae4eb2adf375d8cf06f22d,YMEH4DRDRJS9,dispensation,2026-08-12 14:30:04.121661,16.006596,-16.518005,Officine off.saintlouis1,officine,Saint-Louis,normal
21f304ce788348f5a621343f3872b1b6,MS25GR9ZK9D8,reception,2026-08-12 14:31:14.812481,14.812846,-16.924565,Officine off.thies2,officine,Thies,normal
59a19ef087b1429ab39e300d67938717,ENPREG2QY32V,reception,2026-08-12 14:31:29.470339,14.810841,-16.925893,Officine off.thies2,officine,Thies,normal
092fb32f4da8488aaef0710fe13864d8,CSG3DCMKFWRH,reception,2026-08-12 14:31:37.031831,14.811198,-16.926232,Officine off.thies2,officine,Thies,normal
562362536d984afabab94b48afc8d951,CEZA5P73BMAW,reception,2026-08-12 14:31:45.651373,14.813688,-16.926093,Officine off.thies2,officine,Thies,normal
f0d792472a7f40e99437d30d85aabdc9,226RZYP38KP6,reception,2026-08-12 14:31:57.138816,14.812903,-16.924794,Officine off.thies2,officine,Thies,normal
da0556fa6fb641109dd86cd61b842427,F7W824S3NZNW,reception,2026-08-12 16:37:49.058114,14.699188,-17.46518,Officine off.dakar3,officine,Dakar,normal
8f750f04637b4474be8ae4d56b29b579,NNBRAMP6FND6,reception,2026-08-12 16:37:56.681481,14.698316,-17.466403,Officine off.dakar3,officine,Dakar,normal
598e33c9410a42749b109b23edb3f4bb,Y4XE3H4CAXWG,expedition,2026-08-13 08:04:00,14.705114,-17.446618,Grossiste Dakar,grossisteRepartiteur,Dakar,normal
babf96f1269842aeb86090c37d679542,QQ5UMBQ7GZC9,expedition,2026-08-13 08:04:07.946939,14.70391,-17.444562,Grossiste Dakar,grossisteRepartiteur,Dakar,normal
2ca1236d5beb4df687c782350b69dbf6,NHKCKPFRFEUF,reception,2026-08-13 08:11:00,14.14383,-16.065592,Officine off.kaolack1,officine,Kaolack,normal
59500b0f503b4fd4a6f5c96cd8fd5d2a,KJQT7J6J93X2,dispensation,2026-08-13 08:18:00,15.608318,-16.252309,Officine off.louga1,officine,Louga,normal
0331cbf1d3334db78d7f5b880033224d,VCZBB4RPNPC2,expedition,2026-08-13 08:33:00,14.6841,-16.241892,SR Diourbel,SR,Diourbel,normal
01c01b5f796d4fc9bf5c73922982c7a8,TCFUWYBF8E8M,expedition,2026-08-13 08:33:00,14.704853,-17.445762,Grossiste Dakar,grossisteRepartiteur,Dakar,normal
91d0fb012b05480a991330ad94d74530,CWSZTN59A97J,expedition,2026-08-13 08:33:08.754481,14.704534,-17.446409,Grossiste Dakar,grossisteRepartiteur,Dakar,normal
518b23e018be4386a41b9b260e499725,7QJT4236PBYY,expedition,2026-08-13 08:33:09.578601,14.683321,-16.243563,SR Diourbel,SR,Diourbel,normal
358268815dfc42359ffed651ac450d72,3FY4V39XA8EE,expedition,2026-08-13 08:33:22.499575,14.684417,-16.244528,SR Diourbel,SR,Diourbel,normal
8afec1f0cf8341e890255cca9146e304,AWXJ4MQFC36B,expedition,2026-08-13 08:33:22.648070,14.704193,-17.445729,Grossiste Dakar,grossisteRepartiteur,Dakar,normal
41696c403e194762aa110d55f4d98fcf,XBFKJBBR2ZJU,expedition,2026-08-13 08:33:28.961095,14.685372,-16.243637,SR Diourbel,SR,Diourbel,normal
b484eb8d071f42339960c68bcf2aa874,P2DJAC99H5FV,expedition,2026-08-13 08:33:33.535298,14.704379,-17.446974,Grossiste Dakar,grossisteRepartiteur,Dakar,normal
f11b04e1ae3b4dc4bfcfe24baaa0fdec,PQNU493NP49Y,expedition,2026-08-13 08:33:48.064370,14.704987,-17.447162,Grossiste Dakar,grossisteRepartiteur,Dakar,normal
4b088109bdec4708847ae816407d7242,3UYSW8C9VUZX,reception,2026-08-13 08:42:09.996401,15.61008,-16.250793,Officine off.louga1,officine,Louga,normal
ca3ef79015bf415f81449be8a90b1c00,A7JWFRUAFFXK,reception,2026-08-13 08:42:18.073706,15.609418,-16.252029,Officine off.louga1,officine,Louga,normal
67708681cba9494dbfb92f8293fc39c7,2VDWDBNZVD66,reception,2026-08-13 08:42:24.523736,15.608907,-16.253555,Officine off.louga1,officine,Louga,normal
3514a52a7f554eedba5a938ec598a4f9,X3MATXRARV4U,reception,2026-08-13 08:42:32.072742,15.610536,-16.252058,Officine off.louga1,officine,Louga,normal
0b7511e48b4e459eb92d829b1c4b1926,XF8AUV8XADT5,reception,2026-08-13 08:42:46.027028,15.610381,-16.25173,Officine off.louga1,officine,Louga,normal
d70f2c3ab1854231a61b96720dd6ce2d,4J5BU9FDSTQ4,dispensation,2026-08-13 08:45:00,14.159811,-16.063341,Officine off.kaolack2,officine,Kaolack,normal
4fe5a12344e14499916e607cf4315f56,KK9X38JZMGHE,expedition,2026-08-13 09:02:00,14.703063,-17.44573,Grossiste Dakar,grossisteRepartiteur,Dakar,normal
d42c65adca384dfdaacff5a8b8fea682,SFHBEHEKBXQK,expedition,2026-08-13 09:02:11.988619,14.705281,-17.44624,Grossiste Dakar,grossisteRepartiteur,Dakar,normal
9790add3a28147fd9ca00173aa43b8a2,9URF8TZ5BREK,expedition,2026-08-13 09:02:20.102331,14.703695,-17.447188,Grossiste Dakar,grossisteRepartiteur,Dakar,normal
dfc1ba291b694635b5807c4bc3a95bcd,QK28VPN6TE7P,expedition,2026-08-13 09:02:29.012771,14.703116,-17.446579,Grossiste Dakar,grossisteRepartiteur,Dakar,normal
d60b00d2b0f1424e9bad055904375ce5,VJYHUBG2WDQS,expedition,2026-08-13 09:02:37.921214,14.704504,-17.445497,Grossiste Dakar,grossisteRepartiteur,Dakar,normal
cb14c223d3b04fdcb13b302b319b8946,TBVQDQYG8E4U,expedition,2026-08-13 09:02:52.672551,14.70348,-17.444467,Grossiste Dakar,grossisteRepartiteur,Dakar,normal
3cb84e099a7e4711b8f9572a06527172,Q5VJ3UDSKA6A,expedition,2026-08-13 09:03:01.590691,14.704722,-17.446689,Grossiste Dakar,grossisteRepartiteur,Dakar,normal
012aab8db44247aabdbc8c285ce41df6,AK5UX2AFAGS8,reception,2026-08-13 09:06:00,16.006977,-16.516661,Officine off.saintlouis1,officine,Saint-Louis,normal
190cee4bf2214ff1a7c9c972e3f82d54,7UTHYZWSQDAH,reception,2026-08-13 09:06:06.523820,16.007731,-16.516852,Officine off.saintlouis1,officine,Saint-Louis,normal
d1019a7afe404a9f8bd935db8e4240b1,PJVMAAYNKD7K,reception,2026-08-13 09:06:16.500902,16.006348,-16.517817,Officine off.saintlouis1,officine,Saint-Louis,normal
cc0f7490cea44a299be4ec708fd26ebc,SEV79BUVCVKW,reception,2026-08-13 09:06:27.008741,16.006098,-16.516177,Officine off.saintlouis1,officine,Saint-Louis,normal
33363f3173564217ace29c1c8722d515,HRQWGP6YV3ME,reception,2026-08-13 09:06:38.558489,16.005832,-16.516161,Officine off.saintlouis1,officine,Saint-Louis,normal
75a445a12b3a490ba7008d8ca7ad54c1,RRB8TX8472VJ,reception,2026-08-13 09:06:49.636853,16.006071,-16.516149,Officine off.saintlouis1,officine,Saint-Louis,normal
08cfbbcabcfd4d3e824eb1fe3e14c197,D6PNBMY9VVQU,reception,2026-08-13 09:07:01.126839,16.008543,-16.517033,Officine off.saintlouis1,officine,Saint-Louis,normal
e53cf27fef4a4249b63ca63940a1595b,5EKC4YQGWSSJ,expedition,2026-08-13 17:09:15.083679,13.758096,-13.679295,SR Tambacounda,SR,Tambacounda,normal
ab433a4ebe6d4da385e699b180e27fe5,GYS7PPEUUN9B,expedition,2026-08-13 17:09:29.086497,13.758802,-13.678796,SR Tambacounda,SR,Tambacounda,normal
8bdca25beed64c78874623a64aa72eac,5ANQDAKYAZAN,expedition,2026-08-13 17:09:41.609940,13.756539,-13.678676,SR Tambacounda,SR,Tambacounda,normal
5182392b8712457f85965ef91e94e84f,KE4Q4CA74V57,expedition,2026-08-13 17:09:52.271396,13.758398,-13.678682,SR Tambacounda,SR,Tambacounda,normal
9799d02590784bee9268bc6947c646d1,28TNR4M6K67A,expedition,2026-08-13 17:09:58.508800,13.756753,-13.680389,SR Tambacounda,SR,Tambacounda,normal
7cfe72ebc1d8456484f20739ebdc8e5c,X574AQ2HX33H,expedition,2026-08-13 17:10:05.063570,13.757224,-13.680526,SR Tambacounda,SR,Tambacounda,normal
ad060d86c6a84c0baced47b93036e638,AW8JQVJMEHRE,expedition,2026-08-13 17:10:15.608864,13.75711,-13.680068,SR Tambacounda,SR,Tambacounda,normal
cbad8188754444ae9dff86c87abe778c,TCFUWYBF8E8M,reception,2026-08-14 08:01:00,14.15095,-16.043396,SR Kaolack,SR,Kaolack,normal
a8f1b1fd62544888b903b554244b13a9,CWSZTN59A97J,reception,2026-08-14 08:01:07.503753,14.153208,-16.044186,SR Kaolack,SR,Kaolack,normal
74242a04cdc14c4bbb243bda5a63dfb3,AWXJ4MQFC36B,reception,2026-08-14 08:01:18.696651,14.152208,-16.044442,SR Kaolack,SR,Kaolack,normal
c18b2ad9b6c34142868689c73e7cf9f4,P2DJAC99H5FV,reception,2026-08-14 08:01:32.980590,14.153257,-16.043375,SR Kaolack,SR,Kaolack,normal
0333dfa0ccb84bc390ca2fe1521e0bcf,PQNU493NP49Y,reception,2026-08-14 08:01:39.509301,14.151272,-16.042419,SR Kaolack,SR,Kaolack,normal
8c7884e5cf2049eca68fc2ea94b2f28a,RBEXVAKDKXTA,dispensation,2026-08-14 08:15:00,16.007118,-16.516332,Officine off.saintlouis1,officine,Saint-Louis,normal
46170c714aaa43ff8707b40150751705,KK9X38JZMGHE,reception,2026-08-14 08:38:00,14.761502,-16.915769,SR Thies,SR,Thies,normal
c5ff5844191c4bb4a0277eeb44fafdc9,SFHBEHEKBXQK,reception,2026-08-14 08:38:13.052344,14.762684,-16.913992,SR Thies,SR,Thies,normal
115941bea9d64b1db81a48b842dade40,9URF8TZ5BREK,reception,2026-08-14 08:38:22.223981,14.762157,-16.916664,SR Thies,SR,Thies,normal
5d5dc1b2e9c9409db87247ffd1d48dbf,QK28VPN6TE7P,reception,2026-08-14 08:38:32.875752,14.762268,-16.915778,SR Thies,SR,Thies,normal
129de9f1759342d9959c4f3f6f576c8c,VJYHUBG2WDQS,reception,2026-08-14 08:38:45.176207,14.761838,-16.91406,SR Thies,SR,Thies,normal
2f9a24c0ec1d48c68bf52852a89c1af2,TBVQDQYG8E4U,reception,2026-08-14 08:38:54.689210,14.761385,-16.914834,SR Thies,SR,Thies,normal
21af6e82a6984bccbeb29a299b32d031,Q5VJ3UDSKA6A,reception,2026-08-14 08:39:04.434414,14.760838,-16.916043,SR Thies,SR,Thies,normal
fd95cfb32d9f4497bb032cc1e2726cc6,DBKDTYC2QTC3,expedition,2026-08-14 08:47:00,14.703186,-17.447039,Grossiste Dakar,grossisteRepartiteur,Dakar,normal
b7674d0ede0840b4ae3708cde8c6bbcb,FYHKJJRF2F3U,expedition,2026-08-14 08:47:14.589094,14.702938,-17.446508,Grossiste Dakar,grossisteRepartiteur,Dakar,normal
53a050cbe75a41c7a3e810224d874cfc,JSYG75DX9AK9,expedition,2026-08-14 08:47:28.062076,14.704613,-17.445685,Grossiste Dakar,grossisteRepartiteur,Dakar,normal
9946434d53a54bcfb3f92ceea6808edd,A9MXWUZX9J9F,expedition,2026-08-14 08:47:42.373192,14.704766,-17.446845,Grossiste Dakar,grossisteRepartiteur,Dakar,normal
6317c0c67c704c19a14aa21b9626a0f2,7R844FGC5AJR,expedition,2026-08-14 08:47:55.417128,14.704748,-17.446804,Grossiste Dakar,grossisteRepartiteur,Dakar,normal
d5ab7fb7281c4fb9859021c8e187e368,S6N5T9STPDE7,expedition,2026-08-14 08:48:06.840965,14.703323,-17.447188,Grossiste Dakar,grossisteRepartiteur,Dakar,normal
83f012deceb64963b9111321927d82d2,Y4XE3H4CAXWG,reception,2026-08-14 09:04:00,13.757698,-13.677754,SR Tambacounda,SR,Tambacounda,normal
b5f02d62a6e5498ea6360b92edc2d48c,QQ5UMBQ7GZC9,reception,2026-08-14 09:04:11.150612,13.757394,-13.679357,SR Tambacounda,SR,Tambacounda,normal
fab12e3bd16a43348c084b1780d4fedd,G5N5F6VFTP5Q,expedition,2026-08-14 09:06:00,14.702966,-17.445315,Grossiste Dakar,grossisteRepartiteur,Dakar,normal
de12e8b341ab41f18fddda0db70f11c6,BMNZ77ZAQUH2,expedition,2026-08-14 09:06:09.620200,14.705549,-17.445539,Grossiste Dakar,grossisteRepartiteur,Dakar,normal
22fd58591f0340f6922d710bc8a5b868,NUKZRUXW3XZA,expedition,2026-08-14 09:06:24.182242,14.702909,-17.446287,Grossiste Dakar,grossisteRepartiteur,Dakar,normal
f7d52462e00f42fb88ac01b541b63129,TMK96EHFZGBF,expedition,2026-08-14 09:06:32.868885,14.704862,-17.444384,Grossiste Dakar,grossisteRepartiteur,Dakar,normal
2a761fdc3bf34efbbc1dac5ea7c92367,BJ5NAMDSQBGB,expedition,2026-08-14 09:06:46.132168,14.704994,-17.445913,Grossiste Dakar,grossisteRepartiteur,Dakar,normal
b588f8f181a34771a12a6551433de720,7U2K6VTEXYKD,expedition,2026-08-14 09:06:53.831461,14.705366,-17.445034,Grossiste Dakar,grossisteRepartiteur,Dakar,normal
250cc1c638d347b98633cdb6d3c307bb,SJUNQN7AZCVP,expedition,2026-08-14 09:07:00.017606,14.702808,-17.446079,Grossiste Dakar,grossisteRepartiteur,Dakar,normal
f8d7a3dbfb0b4ec0acccd4690490605f,A7W8QE3UW8VP,expedition,2026-08-14 09:07:13.869145,14.703112,-17.445305,Grossiste Dakar,grossisteRepartiteur,Dakar,normal
2d2a10db1ad446e4b78036c282ce2942,8FMMFV6NXQ4F,expedition,2026-08-14 09:07:28.666791,14.705538,-17.446615,Grossiste Dakar,grossisteRepartiteur,Dakar,normal
ed3d08b9db694284901c083898128c1b,VVWBGV9NR4RX,expedition,2026-08-14 09:17:00,14.705058,-17.445272,Grossiste Dakar,grossisteRepartiteur,Dakar,normal
da0eca3ec8b44e3997a999f2c5355f9e,ZCDAWXAYECTK,expedition,2026-08-14 09:17:13.147927,14.70485,-17.44541,Grossiste Dakar,grossisteRepartiteur,Dakar,normal
710dbe6145d649b4899b99d2576ff4d5,XB8NBB489GAH,expedition,2026-08-14 09:17:21.854150,14.704647,-17.444315,Grossiste Dakar,grossisteRepartiteur,Dakar,normal
f675b9f1e28945f9aabe1464a56c83a7,VUW7RVBEPXCD,expedition,2026-08-14 09:17:29.986879,14.704735,-17.446323,Grossiste Dakar,grossisteRepartiteur,Dakar,normal
7fa87576dc8941d78c025fa849c893f6,K8JZDJR7PTVN,expedition,2026-08-14 09:17:43.478606,14.703896,-17.447005,Grossiste Dakar,grossisteRepartiteur,Dakar,normal
40fef3742a4943bca9ad6d35b5f35088,GMRBNYWY9M7V,expedition,2026-08-14 09:17:55.374058,14.704732,-17.445937,Grossiste Dakar,grossisteRepartiteur,Dakar,normal
1d1c41a710b8464aa0d80bf1708f2370,G4S3GDXVYH6W,expedition,2026-08-14 09:18:06.763810,14.704974,-17.446792,Grossiste Dakar,grossisteRepartiteur,Dakar,normal
858bca31c8c8498c917a405986fa681e,MFMXM5E8DPPX,expedition,2026-08-14 09:18:15.955790,14.704603,-17.445566,Grossiste Dakar,grossisteRepartiteur,Dakar,normal
7eb389cbd25246bbbfaeec8d9e62af71,3MCG8V5EPFK9,expedition,2026-08-14 09:18:27.075351,14.70384,-17.446854,Grossiste Dakar,grossisteRepartiteur,Dakar,normal
bcd951292be44a6287d16b5047413a05,UCP5ZJRDBK7F,expedition,2026-08-14 09:18:37.089640,14.702948,-17.445568,Grossiste Dakar,grossisteRepartiteur,Dakar,normal
bdb40012cb6041aa92f2f2502d965da7,EJDEPEQE2S5X,expedition,2026-08-14 09:18:51.884249,14.7037,-17.446902,Grossiste Dakar,grossisteRepartiteur,Dakar,normal
1761f43f9a034149bf0392d60ac01058,P5PNDB9YSGJV,expedition,2026-08-14 09:25:00,14.703363,-17.446658,Grossiste Dakar,grossisteRepartiteur,Dakar,normal
055145a0be7f4beb8e6c248d7d15aea4,69ZFTTEFUXV7,expedition,2026-08-14 09:25:07.213429,14.704532,-17.446251,Grossiste Dakar,grossisteRepartiteur,Dakar,normal
30f58941227d4dea88bc27b32b287bb7,H92TVQZRRNUT,expedition,2026-08-14 09:25:13.755525,14.704446,-17.445726,Grossiste Dakar,grossisteRepartiteur,Dakar,normal
030e1360c4b3455b8eb697ee489dacd9,ZH9XS67QCEFN,expedition,2026-08-14 09:25:25.869412,14.704987,-17.444594,Grossiste Dakar,grossisteRepartiteur,Dakar,normal
92786eda42c0470cb27c0cdabe7f8568,GPR9S8BRQHNQ,expedition,2026-08-14 09:25:38.268093,14.703667,-17.444696,Grossiste Dakar,grossisteRepartiteur,Dakar,normal
b18deb07be7545e782f6f4be42d44d77,VCZBB4RPNPC2,reception,2026-08-14 10:25:33.631694,14.68266,-16.256907,Officine off.diourbel1,officine,Diourbel,normal
ab9d24e8f36d4abc8c90d1070613a6bf,7QJT4236PBYY,reception,2026-08-14 10:25:45.583652,14.683445,-16.257842,Officine off.diourbel1,officine,Diourbel,normal
189699051d31471197f7d20d8c2287fd,3FY4V39XA8EE,reception,2026-08-14 10:25:57.727653,14.682396,-16.257619,Officine off.diourbel1,officine,Diourbel,normal
39afaa3ef7ce46e0b5d5759fe837835c,XBFKJBBR2ZJU,reception,2026-08-14 10:26:11.091506,14.683202,-16.25525,Officine off.diourbel1,officine,Diourbel,normal
5543ef07f5a74df3aead94f6d4ecc0f7,Y4XE3H4CAXWG,expedition,2026-08-14 12:31:06.779774,13.757489,-13.679446,SR Tambacounda,SR,Tambacounda,normal
a7ee5532ce69418a8aa9a0724b43e496,QQ5UMBQ7GZC9,expedition,2026-08-14 12:31:13.125836,13.758519,-13.679822,SR Tambacounda,SR,Tambacounda,normal
9f5530172c8d491bb16e3dbaef42d2cf,4R7MEBEVJ4PN,expedition,2026-08-14 14:00:33.138627,14.702886,-17.444271,Grossiste Dakar,grossisteRepartiteur,Dakar,normal
dfd5107d00334c238e2193b7829bfcdc,2K2PYNYZXP7D,expedition,2026-08-14 14:00:44.073703,14.702964,-17.446968,Grossiste Dakar,grossisteRepartiteur,Dakar,normal
414be810d01b43429330b59b4cb72442,RHGWRKARUKVW,expedition,2026-08-14 14:00:56.523762,14.702637,-17.445004,Grossiste Dakar,grossisteRepartiteur,Dakar,normal
2a76d911bfed4842a1e19701666ec79a,9PVPNQG4Y3FQ,expedition,2026-08-14 14:01:10.022472,14.703278,-17.447093,Grossiste Dakar,grossisteRepartiteur,Dakar,normal
0b9d7fa6269c434db35fe185a7186ed8,EJ9WTKS77N3R,expedition,2026-08-14 14:01:23.406170,14.704024,-17.444724,Grossiste Dakar,grossisteRepartiteur,Dakar,normal
dae89ad74dec4422b9c93b20413d6eff,KK9X38JZMGHE,expedition,2026-08-15 08:13:00,14.763339,-16.916049,SR Thies,SR,Thies,normal
a4c1ee23e64a4a18b60169b07027ee83,SFHBEHEKBXQK,expedition,2026-08-15 08:13:11.630784,14.762914,-16.914807,SR Thies,SR,Thies,normal
3941db8f3ffc4bca9062bc9190246949,9URF8TZ5BREK,expedition,2026-08-15 08:13:20.861499,14.761916,-16.916145,SR Thies,SR,Thies,normal
adcca2dc4b744c0d8a8149ffba12dae8,5EKC4YQGWSSJ,reception,2026-08-15 08:22:00,13.753612,-13.673182,Officine off.tamba1,officine,Tambacounda,normal
5c8ed8cecb694736b4a4a957439efbe0,GYS7PPEUUN9B,reception,2026-08-15 08:22:13.407323,13.753887,-13.673468,Officine off.tamba1,officine,Tambacounda,normal
12fe907e15f547468af21bfeeaf35748,5ANQDAKYAZAN,reception,2026-08-15 08:22:28.161197,13.753793,-13.672856,Officine off.tamba1,officine,Tambacounda,normal
84048986b22c4bc0a9168b6600959fda,KE4Q4CA74V57,reception,2026-08-15 08:22:36.709638,13.755467,-13.674056,Officine off.tamba1,officine,Tambacounda,normal
22f2c15fc130481ca97a393b6da850dc,28TNR4M6K67A,reception,2026-08-15 08:22:50.308053,13.753411,-13.67322,Officine off.tamba1,officine,Tambacounda,normal
2b204e6f1aff4d1cbda3dfbef83e35d1,X574AQ2HX33H,reception,2026-08-15 08:22:56.486927,13.755844,-13.674179,Officine off.tamba1,officine,Tambacounda,normal
ec58f69b524848cca42b79089088e611,AW8JQVJMEHRE,reception,2026-08-15 08:23:02.812479,13.753857,-13.674722,Officine off.tamba1,officine,Tambacounda,normal
e3f3193216614021a5f9ada24fc1ff30,R36HMC5669JK,dispensation,2026-08-15 08:36:00,14.682321,-16.25719,Officine off.diourbel1,officine,Diourbel,ruptureSequence
41fb9ef5cf3a403c926aad9c11dd846c,CWSZTN59A97J,expedition,2026-08-15 08:47:38.857596,14.151703,-16.043226,SR Kaolack,SR,Kaolack,normal
432189009e1c4e189154424b9c73885c,AWXJ4MQFC36B,expedition,2026-08-15 08:47:50.882213,14.152102,-16.044012,SR Kaolack,SR,Kaolack,normal
890b95152c344668b861674f405a168b,P2DJAC99H5FV,expedition,2026-08-15 08:47:57.276720,14.153491,-16.04266,SR Kaolack,SR,Kaolack,normal
3036ddb74f8b4480a558a53a8e8e7084,PQNU493NP49Y,expedition,2026-08-15 08:48:07.413409,14.151774,-16.045006,SR Kaolack,SR,Kaolack,normal
27ecdd4dd6df40598c63554340e7eb0c,4ECCWSRYNWSK,expedition,2026-08-15 08:54:00,14.71873,-17.47116,Laboratoire Historique,fabricant,Dakar,normal
9ea48cfd8bcd4bdbbaa123f1c4b75edf,4EWQ7FU933CB,expedition,2026-08-15 08:54:08.626960,14.718176,-17.469038,Laboratoire Historique,fabricant,Dakar,normal
38be26adb8e547dd97869895ced83c6c,WPJ3NUS782YR,expedition,2026-08-15 08:54:17.926456,14.717762,-17.47066,Laboratoire Historique,fabricant,Dakar,normal
c156519406714602b8ec398ac9ee92fe,5QWRX9BE7TZ2,expedition,2026-08-15 08:54:25.799441,14.717099,-17.469047,Laboratoire Historique,fabricant,Dakar,normal
7298ee2083224a80b783380585f11dc4,5Z55759V69U2,expedition,2026-08-15 08:54:33.632670,14.71644,-17.471373,Laboratoire Historique,fabricant,Dakar,normal
1d26685e1e3c424784284b090994e8d9,JK3NSAXWVWCX,expedition,2026-08-15 08:54:40.783959,14.718178,-17.469108,Laboratoire Historique,fabricant,Dakar,normal
e760326ada5347928ca78476521f2081,VGUJWJM6THKC,expedition,2026-08-15 08:54:47.992284,14.718402,-17.468976,Laboratoire Historique,fabricant,Dakar,normal
d0497c2b4f3841de8a21ed10bae77ba5,JCKV2XT82WZF,expedition,2026-08-15 08:54:58.396697,14.71775,-17.469502,Laboratoire Historique,fabricant,Dakar,normal
205b6e25adb74a71ad1be885dbebff30,3WTBYEGMSQ4P,expedition,2026-08-15 08:55:09.096531,14.718651,-17.468657,Laboratoire Historique,fabricant,Dakar,normal
2f084e7ac61948f4a44d0298961ef2d8,VMHSDCBBA7HE,expedition,2026-08-15 08:55:20.286770,14.716748,-17.470009,Laboratoire Historique,fabricant,Dakar,normal
6cd13623d3634fd2938351c6f4487a71,KTCNHTHXV68P,expedition,2026-08-15 08:55:29.645505,14.718643,-17.469503,Laboratoire Historique,fabricant,Dakar,normal
839367261c6a401280db5a7bab613884,J8E7YQBYRAQH,expedition,2026-08-15 08:55:36.396135,14.717572,-17.471389,Laboratoire Historique,fabricant,Dakar,normal
8177011d950e4de191cc90c333192827,9E8ATHU7RAPM,expedition,2026-08-15 08:55:50.961183,14.71786,-17.471169,Laboratoire Historique,fabricant,Dakar,normal
882b1fca543c462bb577acda8774f1ef,XEETM8TVSYA9,expedition,2026-08-15 08:56:04.816010,14.71748,-17.470246,Laboratoire Historique,fabricant,Dakar,normal
7475be03cc9f482fb179dbe4944e3aba,6V4547V3MKR7,expedition,2026-08-15 08:56:17.757192,14.718594,-17.4698,Laboratoire Historique,fabricant,Dakar,normal
f6d86079f4b242cfbe3623ccbbbeb8b4,TDBQG7ZHSGHZ,expedition,2026-08-15 08:56:29.584239,14.718924,-17.470991,Laboratoire Historique,fabricant,Dakar,normal
4b9addf3739c4700833a09815b50869e,KENQGYK4U4FX,expedition,2026-08-15 08:56:41.311454,14.719265,-17.471394,Laboratoire Historique,fabricant,Dakar,normal
61cfa6c44c264eee8cacfb3324bb2ed3,JDAG4KB5PS2F,expedition,2026-08-15 08:56:48.976397,14.718682,-17.4693,Laboratoire Historique,fabricant,Dakar,normal
6d535ceda2e143bbbae43a8ff9f17976,AX58CJM4RN7X,expedition,2026-08-15 08:57:03.180231,14.718128,-17.469629,Laboratoire Historique,fabricant,Dakar,normal
fec361a50de642dcb627842b4053f4a1,6C4AD8X4FC95,expedition,2026-08-15 08:57:09.621175,14.718217,-17.469351,Laboratoire Historique,fabricant,Dakar,normal
a5719af220ac4ed1ae8d6c52aee9a45f,RHYZMFRAWCRT,expedition,2026-08-15 08:57:23.758143,14.716826,-17.469697,Laboratoire Historique,fabricant,Dakar,normal
a757461cb10f4ec290e78d16b9bf613b,9PEMABMHYYQ6,expedition,2026-08-15 08:57:32.359674,14.718467,-17.469483,Laboratoire Historique,fabricant,Dakar,normal
11aa89ca6ae6456f92e0d5a0744506ac,39EUZMS9HYZJ,expedition,2026-08-15 08:57:46.783086,14.718143,-17.471343,Laboratoire Historique,fabricant,Dakar,normal
5254e7b2a9ad4d60ab4d490c9a91c994,GWBP6ZUCDDRF,expedition,2026-08-15 08:58:01.696177,14.719355,-17.470678,Laboratoire Historique,fabricant,Dakar,normal
6672f0c638664baab1b635e88feb74a2,DJQPU6GUZCGP,expedition,2026-08-15 08:58:13.725963,14.719219,-17.469064,Laboratoire Historique,fabricant,Dakar,normal
97129b4ffe244440bd75709ca401cf1e,FJ3SAD4PY88U,expedition,2026-08-15 08:58:26.773773,14.716753,-17.471445,Laboratoire Historique,fabricant,Dakar,normal
3d3e1d69f8de4f1e82d294c47a3f5cb7,N97RZSJVTU84,expedition,2026-08-15 08:58:36.156950,14.718245,-17.471027,Laboratoire Historique,fabricant,Dakar,normal
7b2a34a8accd4ec28b85c396654d1afb,2KWM6VE3GP2Y,expedition,2026-08-15 08:58:50.530978,14.718373,-17.468819,Laboratoire Historique,fabricant,Dakar,normal
a9e146c9d9c64100a40c1ecaf3de96ca,8VP99FYXQWUY,expedition,2026-08-15 08:58:57.784975,14.717719,-17.470183,Laboratoire Historique,fabricant,Dakar,normal
80096cdf7bb8469daf6390b808344849,YD6R9S747UBT,expedition,2026-08-15 08:59:09.012996,14.716799,-17.470505,Laboratoire Historique,fabricant,Dakar,normal
6af903d56cec4eab8246e29ac21138d3,9HP7ZAFNCXZP,expedition,2026-08-15 08:59:22.915767,14.719078,-17.470455,Laboratoire Historique,fabricant,Dakar,normal
49723c1e8a8a4e8dbf5d8ee5cdfb1be2,QG967ADKKCP2,expedition,2026-08-15 08:59:31.351044,14.718251,-17.470703,Laboratoire Historique,fabricant,Dakar,normal
b7583bc3200d473cafdf8e20517ab6d0,5HG9H6AQ5NE7,expedition,2026-08-15 08:59:40.563548,14.717626,-17.471188,Laboratoire Historique,fabricant,Dakar,normal
11578b59039143e0931f053a9dfeb321,SXZ6VNJ2HGTZ,expedition,2026-08-15 08:59:46.912864,14.71654,-17.470541,Laboratoire Historique,fabricant,Dakar,normal
e4b9afca8e584d1d8165e0b5222850d9,TUS4V8PTA9DK,expedition,2026-08-15 08:59:57.125312,14.716424,-17.469415,Laboratoire Historique,fabricant,Dakar,normal
0a17f6e6fd6940d2bb3f1d83673d5e0d,JPCMUPS7TVPH,expedition,2026-08-15 09:00:03.875098,14.717046,-17.470881,Laboratoire Historique,fabricant,Dakar,normal
5154f9b78d694a4db4aa232adc092a56,CUKPF33FSAK2,expedition,2026-08-15 09:00:12.717083,14.717299,-17.46963,Laboratoire Historique,fabricant,Dakar,normal
8755908aec464c9b8c29396e1197bb06,MWZAPA4A3VB3,expedition,2026-08-15 09:00:21.094489,14.717788,-17.471058,Laboratoire Historique,fabricant,Dakar,normal
2db0f50a661148da87f73e5b1450266b,BQ6P6DXF7SCH,expedition,2026-08-15 09:00:33.204705,14.71731,-17.470734,Laboratoire Historique,fabricant,Dakar,normal
b996bc35c3e149139d1bc2b2009e36f6,6MXYGUMDBDU8,expedition,2026-08-15 09:00:42.277681,14.716841,-17.469329,Laboratoire Historique,fabricant,Dakar,normal
5b9fd2f71638488d961405a56c0202c1,B8HUC2BZRXKT,expedition,2026-08-15 09:00:50.938871,14.717188,-17.470138,Laboratoire Historique,fabricant,Dakar,normal
f2ac56b633024cbdbe91387eed59c8ae,X3MATXRARV4U,dispensation,2026-08-15 09:01:00,15.609001,-16.251018,Officine off.louga1,officine,Louga,normal
1da394990cc748ab80ac32f7268d44d3,286E9KNNCGBD,expedition,2026-08-15 09:01:00.160391,14.718379,-17.471481,Laboratoire Historique,fabricant,Dakar,normal
4750f1c1f65b46429b05e6dbdba97cd1,K6B2QAA6WFP7,expedition,2026-08-15 09:01:10.272082,14.718486,-17.470369,Laboratoire Historique,fabricant,Dakar,normal
e6c6584d42f04d81828f63a53c07e9c9,SPASVE526HYQ,expedition,2026-08-15 09:01:18.031510,14.716834,-17.469178,Laboratoire Historique,fabricant,Dakar,normal
5528c3bbcaa54eceb3ef4a75079f5dd1,BHPYHZGMUY35,expedition,2026-08-15 09:01:32.811911,14.716439,-17.469975,Laboratoire Historique,fabricant,Dakar,normal
7d4539426fb34274a3f4868fec1da58c,MZU547A2P5PT,expedition,2026-08-15 09:01:44.650409,14.716721,-17.469181,Laboratoire Historique,fabricant,Dakar,normal
f4fdc63b1e504632981398c39e22f3b3,K2VK3BXHNPGE,expedition,2026-08-15 09:01:52.911600,14.717229,-17.471372,Laboratoire Historique,fabricant,Dakar,normal
ee4e7c529dae452b8efbe75e74d5d6dd,4RW97FMKCSGD,expedition,2026-08-15 09:02:02.828491,14.718029,-17.470792,Laboratoire Historique,fabricant,Dakar,normal
43474ae654404d7c82a507adea4a7468,KDUP9R9JG2QX,expedition,2026-08-15 09:02:11.482387,14.717664,-17.469298,Laboratoire Historique,fabricant,Dakar,normal
58c000f5c7054e8d94008c2b238b5811,4V52QQJYAEMG,expedition,2026-08-15 09:02:26.479066,14.71873,-17.471359,Laboratoire Historique,fabricant,Dakar,normal
d650c4eee29b442db877e8196e834b57,G5N5F6VFTP5Q,reception,2026-08-15 09:09:04.090332,16.013745,-16.513385,SR Saint-Louis,SR,Saint-Louis,normal
72dc4beaff1140d3ad58eb9b2a1aafff,BMNZ77ZAQUH2,reception,2026-08-15 09:09:14.551603,16.011976,-16.512921,SR Saint-Louis,SR,Saint-Louis,normal
42d1b07099fe4f5189d1a3933f86dbcd,NUKZRUXW3XZA,reception,2026-08-15 09:09:21.177098,16.014222,-16.512627,SR Saint-Louis,SR,Saint-Louis,normal
68e15d26f2a04afeaa3f036e25a522d3,TMK96EHFZGBF,reception,2026-08-15 09:09:35.732803,16.01326,-16.513803,SR Saint-Louis,SR,Saint-Louis,normal
3afa943cfc484a93aff08ac1c2269359,BJ5NAMDSQBGB,reception,2026-08-15 09:09:45.173204,16.013111,-16.514521,SR Saint-Louis,SR,Saint-Louis,normal
8cb1f27e0e654c70a067937c9f704918,7U2K6VTEXYKD,reception,2026-08-15 09:09:51.471394,16.011965,-16.514699,SR Saint-Louis,SR,Saint-Louis,normal
6e4be2c386794ccc81cfa1b035d8558f,SJUNQN7AZCVP,reception,2026-08-15 09:09:57.526227,16.013115,-16.513766,SR Saint-Louis,SR,Saint-Louis,normal
b38a3aa2073841c09ac00c2a2e9818e6,TCFUWYBF8E8M,expedition,2026-08-15 09:10:00,14.151424,-16.043302,SR Kaolack,SR,Kaolack,normal
e70c043609cd4fdbaed0e5e0e2fe35ef,A7W8QE3UW8VP,reception,2026-08-15 09:10:10.877959,16.012382,-16.51416,SR Saint-Louis,SR,Saint-Louis,normal
315627c27a9b433cafe161dcbdc7a3be,8FMMFV6NXQ4F,reception,2026-08-15 09:10:18.746682,16.012681,-16.514629,SR Saint-Louis,SR,Saint-Louis,normal
32ab6c2eae58435d9c002c534e4b46ba,2VDWDBNZVD66,dispensation,2026-08-15 09:21:00,15.608872,-16.250603,Officine off.louga1,officine,Louga,normal
b33d5d12178742fb86cb3371f2e34fae,DBKDTYC2QTC3,reception,2026-08-15 09:46:00.454109,14.667047,-17.462518,SR Dakar,SR,Dakar,normal
efad0a5002194a38accdba45597a9e49,FYHKJJRF2F3U,reception,2026-08-15 09:46:12.216943,14.666977,-17.462146,SR Dakar,SR,Dakar,normal
7c6c58ade345471e881471c93905df67,JSYG75DX9AK9,reception,2026-08-15 09:46:25.627494,14.667888,-17.464471,SR Dakar,SR,Dakar,normal
a91b30b003484003a404450b9ce3abc4,A9MXWUZX9J9F,reception,2026-08-15 09:46:37.330672,14.665556,-17.464089,SR Dakar,SR,Dakar,normal
8f9064341dbf483e9023f4822057aa54,7R844FGC5AJR,reception,2026-08-15 09:46:49.251255,14.665455,-17.462399,SR Dakar,SR,Dakar,normal
d56133fce6d2419f81d8ceed8773df59,S6N5T9STPDE7,reception,2026-08-15 09:46:57.310544,14.66767,-17.464114,SR Dakar,SR,Dakar,normal
683ef7aecd5b4f4fa5a33ba953ed4900,VVWBGV9NR4RX,reception,2026-08-15 11:28:18.277367,15.62812,-16.242322,SR Louga,SR,Louga,normal
cabbe961ec8244f18ee45e5cbe272779,ZCDAWXAYECTK,reception,2026-08-15 11:28:29.827299,15.627512,-16.242283,SR Louga,SR,Louga,normal
ce81d4a9c6ee44488ddb4dc719f7f53f,XB8NBB489GAH,reception,2026-08-15 11:28:37.138431,15.627945,-16.243484,SR Louga,SR,Louga,normal
660662bd0e3b47f09b56b43884dc474d,VUW7RVBEPXCD,reception,2026-08-15 11:28:48.724715,15.625398,-16.242229,SR Louga,SR,Louga,normal
2ca2006460ce4ab4a41d53e283087895,K8JZDJR7PTVN,reception,2026-08-15 11:28:57.801868,15.626926,-16.243357,SR Louga,SR,Louga,normal
d4cecf14553e4ca1bb2a936829919d09,GMRBNYWY9M7V,reception,2026-08-15 11:29:06.745804,15.627203,-16.242867,SR Louga,SR,Louga,normal
0a8f1f48613f4188b08a0b55a523d986,G4S3GDXVYH6W,reception,2026-08-15 11:29:14.791780,15.6261,-16.241302,SR Louga,SR,Louga,normal
36ccb71e418a489083ea30f33140d64d,MFMXM5E8DPPX,reception,2026-08-15 11:29:21.075631,15.627889,-16.242217,SR Louga,SR,Louga,normal
ee489ba9bc514e549bb542517e09f8ca,3MCG8V5EPFK9,reception,2026-08-15 11:29:35.406119,15.627959,-16.242214,SR Louga,SR,Louga,normal
cf388fb331814769baf865f6dc798200,UCP5ZJRDBK7F,reception,2026-08-15 11:29:46.615336,15.625231,-16.241718,SR Louga,SR,Louga,normal
eeb2c789a648460a8e326404f153fd87,EJDEPEQE2S5X,reception,2026-08-15 11:29:59.572884,15.626142,-16.24051,SR Louga,SR,Louga,normal
c14d5beefd8949b3a80999ba881ce094,N7VDES5XTZW6,dispensation,2026-08-15 13:00:18.714849,15.608747,-16.252995,Officine off.louga1,officine,Louga,normal
b0bdd92142ec48b9b51e6271f9e3712b,P5PNDB9YSGJV,reception,2026-08-15 14:49:50.588699,12.608495,-16.270058,SR Ziguinchor,SR,Ziguinchor,normal
69b8fae55f2b4a0fbd528bed64c83495,69ZFTTEFUXV7,reception,2026-08-15 14:50:02.749146,12.607888,-16.271918,SR Ziguinchor,SR,Ziguinchor,normal
92bad06f1d364744b4a96d61a70f47cb,H92TVQZRRNUT,reception,2026-08-15 14:50:12.647384,12.60772,-16.271558,SR Ziguinchor,SR,Ziguinchor,normal
143f51ea775c49669995280ab0718950,ZH9XS67QCEFN,reception,2026-08-15 14:50:20.416102,12.606682,-16.269878,SR Ziguinchor,SR,Ziguinchor,normal
bbbd933544144ce6a81f5d42cb14fa8e,GPR9S8BRQHNQ,reception,2026-08-15 14:50:30.997687,12.607524,-16.272012,SR Ziguinchor,SR,Ziguinchor,normal
e84be340d442426194b3c6f9e7aa1d17,VVWBGV9NR4RX,expedition,2026-08-15 15:39:37.749293,15.627386,-16.242787,SR Louga,SR,Louga,normal
42d09b52f5844d25889e826c009ac8fa,ZCDAWXAYECTK,expedition,2026-08-15 15:39:44.280330,15.626877,-16.243096,SR Louga,SR,Louga,normal
e1188e39a63a4a219d0ca7d05092104c,XB8NBB489GAH,expedition,2026-08-15 15:39:52.107369,15.626732,-16.243489,SR Louga,SR,Louga,normal
2fae6a2ae9fe4a97b8428c8e25702535,VUW7RVBEPXCD,expedition,2026-08-15 15:40:04.845198,15.627874,-16.241804,SR Louga,SR,Louga,normal
1179f8e814de45279ed9f53a784a555a,K8JZDJR7PTVN,expedition,2026-08-15 15:40:12.438812,15.627888,-16.24158,SR Louga,SR,Louga,normal
3e2b951c92b84c1d83c91c62fd52e79b,GMRBNYWY9M7V,expedition,2026-08-15 15:40:23.043882,15.625748,-16.240814,SR Louga,SR,Louga,normal
f73a00a33cb447489ea51e9071d6a2b1,G4S3GDXVYH6W,expedition,2026-08-15 15:40:33.375854,15.627947,-16.24122,SR Louga,SR,Louga,normal
10df8b98c962436aa1af8b157bde720c,MFMXM5E8DPPX,expedition,2026-08-15 15:40:40.086825,15.626094,-16.241724,SR Louga,SR,Louga,normal
06b6640aaca54c8c8577d7c504914436,3MCG8V5EPFK9,expedition,2026-08-15 15:40:55.007628,15.625687,-16.24081,SR Louga,SR,Louga,normal
ca4f43e52eb84d72a12e39333b2d89eb,UCP5ZJRDBK7F,expedition,2026-08-15 15:41:02.140645,15.628176,-16.241829,SR Louga,SR,Louga,normal
9c8b0c89cafd4a66aefb3cb090af59c4,EJDEPEQE2S5X,expedition,2026-08-15 15:41:14.899948,15.626796,-16.243064,SR Louga,SR,Louga,normal
5f095c70b7e34e5db9e758ad599001e6,QK28VPN6TE7P,expedition,2026-08-15 17:21:34.190820,14.762553,-16.916557,SR Thies,SR,Thies,normal
fda242af9b9f451f8ef4cac0a61343bb,VJYHUBG2WDQS,expedition,2026-08-15 17:21:46.859556,14.762941,-16.915894,SR Thies,SR,Thies,normal
2d3019cf6e7b4ad2821eac00391a574f,TBVQDQYG8E4U,expedition,2026-08-15 17:21:55.807186,14.762706,-16.91642,SR Thies,SR,Thies,normal
e41a1cf4e57740de8a818e11d1e24a0e,Q5VJ3UDSKA6A,expedition,2026-08-15 17:22:04.188909,14.762838,-16.916136,SR Thies,SR,Thies,normal
248243ab264944819bdbd35475fb7144,QK28VPN6TE7P,reception,2026-08-16 08:03:00,14.811555,-16.926113,Officine off.thies2,officine,Thies,normal
3bcc8a9a250240f48140f690cf69f1ef,VJYHUBG2WDQS,reception,2026-08-16 08:03:07.285033,14.812666,-16.925506,Officine off.thies2,officine,Thies,normal
771dc5bcbfd54900b0525d264a28d8df,TBVQDQYG8E4U,reception,2026-08-16 08:03:18.226023,14.81331,-16.925501,Officine off.thies2,officine,Thies,normal
d72cd334fb7041a785274606a80e1ae9,Q5VJ3UDSKA6A,reception,2026-08-16 08:03:29.024709,14.812166,-16.925587,Officine off.thies2,officine,Thies,normal
01c0fdc9647a467eb3f1c70b08857665,4ECCWSRYNWSK,reception,2026-08-16 08:15:00,14.703532,-17.446961,Grossiste Dakar,grossisteRepartiteur,Dakar,normal
6f27a37a4ad141e386133e3863a25230,4EWQ7FU933CB,reception,2026-08-16 08:15:11.424015,14.703594,-17.445506,Grossiste Dakar,grossisteRepartiteur,Dakar,normal
8ade048afd34414c8f0facf570829e18,WPJ3NUS782YR,reception,2026-08-16 08:15:23.899989,14.705338,-17.446145,Grossiste Dakar,grossisteRepartiteur,Dakar,normal
a4c44c1455c04e70b1eeda1514f46492,5QWRX9BE7TZ2,reception,2026-08-16 08:15:31.516343,14.70438,-17.44717,Grossiste Dakar,grossisteRepartiteur,Dakar,normal
055c492618ff4e868a90d77330be53d8,5Z55759V69U2,reception,2026-08-16 08:15:41.955890,14.702772,-17.447201,Grossiste Dakar,grossisteRepartiteur,Dakar,normal
22e2641307db4ff6b8c16d9eb72e65ad,JK3NSAXWVWCX,reception,2026-08-16 08:15:49.578337,14.704203,-17.445802,Grossiste Dakar,grossisteRepartiteur,Dakar,normal
4dc507e939d242b390d58f0972df665f,VGUJWJM6THKC,reception,2026-08-16 08:15:58.528016,14.70492,-17.444788,Grossiste Dakar,grossisteRepartiteur,Dakar,normal
4e8f2658c4284a7baafbff18c8455bfc,JCKV2XT82WZF,reception,2026-08-16 08:16:05.276759,14.703672,-17.444444,Grossiste Dakar,grossisteRepartiteur,Dakar,normal
9ad00a39842147e0b30603cabafe596e,3WTBYEGMSQ4P,reception,2026-08-16 08:16:11.730481,14.705038,-17.44682,Grossiste Dakar,grossisteRepartiteur,Dakar,normal
fe07b5c48b894c63a072628e5c5b697d,VMHSDCBBA7HE,reception,2026-08-16 08:16:19.445108,14.704593,-17.4457,Grossiste Dakar,grossisteRepartiteur,Dakar,normal
d14aa8c542b844e5a7fad3685cabce3c,KTCNHTHXV68P,reception,2026-08-16 08:16:33.102473,14.703454,-17.445572,Grossiste Dakar,grossisteRepartiteur,Dakar,normal
2f1ae3d0cb764fbfb05a4711b792db04,J8E7YQBYRAQH,reception,2026-08-16 08:16:42.341475,14.705157,-17.445498,Grossiste Dakar,grossisteRepartiteur,Dakar,normal
ca0937c358a74eacbd8ec563363ef563,9E8ATHU7RAPM,reception,2026-08-16 08:16:55.084494,14.704019,-17.44445,Grossiste Dakar,grossisteRepartiteur,Dakar,normal
d444634dafcb464583a5fc2df6329f96,XEETM8TVSYA9,reception,2026-08-16 08:17:09.992699,14.7033,-17.446494,Grossiste Dakar,grossisteRepartiteur,Dakar,normal
ad4e8fa06ef04e27866d57991d181a81,6V4547V3MKR7,reception,2026-08-16 08:17:17.743193,14.703321,-17.446942,Grossiste Dakar,grossisteRepartiteur,Dakar,normal
6f690902bbc841708212cb4682bfb135,TDBQG7ZHSGHZ,reception,2026-08-16 08:17:31.401644,14.703888,-17.446103,Grossiste Dakar,grossisteRepartiteur,Dakar,normal
cb287f3392cf40f18846abc1038a7c09,KENQGYK4U4FX,reception,2026-08-16 08:17:39.305786,14.705543,-17.444881,Grossiste Dakar,grossisteRepartiteur,Dakar,normal
456080222d384543bb1878ab6cdcd6a8,JDAG4KB5PS2F,reception,2026-08-16 08:17:51.295716,14.704074,-17.446465,Grossiste Dakar,grossisteRepartiteur,Dakar,normal
0e53d0fd81e04430baf0ff18aa6031e4,AX58CJM4RN7X,reception,2026-08-16 08:18:02.186161,14.703535,-17.446552,Grossiste Dakar,grossisteRepartiteur,Dakar,normal
82c0713a254f4e4a8137f1bbb4a61e4e,6C4AD8X4FC95,reception,2026-08-16 08:18:16.415295,14.703056,-17.446018,Grossiste Dakar,grossisteRepartiteur,Dakar,normal
77570491232c4efcb3c9d2fed80e656a,RHYZMFRAWCRT,reception,2026-08-16 08:18:30.620082,14.704315,-17.44561,Grossiste Dakar,grossisteRepartiteur,Dakar,normal
7bd85052a2034c4ab79bce257a523f25,9PEMABMHYYQ6,reception,2026-08-16 08:18:44.282225,14.703464,-17.444268,Grossiste Dakar,grossisteRepartiteur,Dakar,normal
0828df24e58d470bb6eecfa3b2de8f9f,39EUZMS9HYZJ,reception,2026-08-16 08:18:54.801436,14.702856,-17.445961,Grossiste Dakar,grossisteRepartiteur,Dakar,normal
218a61df3e8e4d148bac237d0adf9926,DBKDTYC2QTC3,expedition,2026-08-16 08:19:00,14.666882,-17.463552,SR Dakar,SR,Dakar,normal
2ea55f32e9d849899ca84965e5c649a2,TCFUWYBF8E8M,reception,2026-08-16 08:19:00,14.161921,-16.062469,Officine off.kaolack2,officine,Kaolack,normal
661063c714c84087acc84518b2d5fc4f,GWBP6ZUCDDRF,reception,2026-08-16 08:19:08.475140,14.705131,-17.445892,Grossiste Dakar,grossisteRepartiteur,Dakar,normal
69b07605450541b5909e6f62893055c0,DJQPU6GUZCGP,reception,2026-08-16 08:19:18.288364,14.704893,-17.44425,Grossiste Dakar,grossisteRepartiteur,Dakar,normal
56c6df56226c4519971750e969ca581d,FJ3SAD4PY88U,reception,2026-08-16 08:19:32.835589,14.703117,-17.447029,Grossiste Dakar,grossisteRepartiteur,Dakar,normal
f5ee8c5747d84358b8451a0d7acf0292,N97RZSJVTU84,reception,2026-08-16 08:19:40.204872,14.702706,-17.445585,Grossiste Dakar,grossisteRepartiteur,Dakar,normal
018a1b06c8c8406b9a172d416c879929,2KWM6VE3GP2Y,reception,2026-08-16 08:19:52.531996,14.703976,-17.444484,Grossiste Dakar,grossisteRepartiteur,Dakar,normal
7308cbbd45624b24a40277a13950aa0b,VVWBGV9NR4RX,reception,2026-08-16 08:20:00,15.609084,-16.251847,Officine off.louga1,officine,Louga,normal
acd4d4b7acd542688daab145b08c96dc,8VP99FYXQWUY,reception,2026-08-16 08:20:03.146642,14.702669,-17.444656,Grossiste Dakar,grossisteRepartiteur,Dakar,normal
5a55ecc9012b4661a1c4d124c7d3b7c5,ZCDAWXAYECTK,reception,2026-08-16 08:20:14.372806,15.610706,-16.25338,Officine off.louga1,officine,Louga,normal
fafb615d63514f5aa7f5321c7418b33e,YD6R9S747UBT,reception,2026-08-16 08:20:17.591802,14.704472,-17.445387,Grossiste Dakar,grossisteRepartiteur,Dakar,normal
34781f009e3d4c0d8f648a9f728dd191,XB8NBB489GAH,reception,2026-08-16 08:20:21.035550,15.608466,-16.251519,Officine off.louga1,officine,Louga,normal
4627e774250b4f79a067a7df9e970b98,VUW7RVBEPXCD,reception,2026-08-16 08:20:27.137589,15.610703,-16.251967,Officine off.louga1,officine,Louga,normal
364ea147b68f4f44a1f191eeb03eca85,9HP7ZAFNCXZP,reception,2026-08-16 08:20:31.648962,14.70552,-17.446585,Grossiste Dakar,grossisteRepartiteur,Dakar,normal
3cc70f3648d94b418fc6b409869dd173,K8JZDJR7PTVN,reception,2026-08-16 08:20:34.665997,15.608298,-16.253235,Officine off.louga1,officine,Louga,normal
ecdb9a7fce2c49df87251088df1722e8,QG967ADKKCP2,reception,2026-08-16 08:20:38.570567,14.702945,-17.444305,Grossiste Dakar,grossisteRepartiteur,Dakar,normal
559afe8980074731a5ff3939ff26d63b,GMRBNYWY9M7V,reception,2026-08-16 08:20:47.263989,15.608741,-16.25265,Officine off.louga1,officine,Louga,normal
afff5d175fb64951b7ddddc66b08fbee,5HG9H6AQ5NE7,reception,2026-08-16 08:20:52.984015,14.703114,-17.445958,Grossiste Dakar,grossisteRepartiteur,Dakar,normal
016b94142a5b4c96a6c92aecc31b3fce,G4S3GDXVYH6W,reception,2026-08-16 08:20:55.769732,15.608131,-16.251992,Officine off.louga1,officine,Louga,normal
27cd69c522f34757a5e0ba7ea7a1da47,WDKXWFX7EWBM,dispensation,2026-08-16 08:21:00,16.007936,-16.518481,Officine off.saintlouis1,officine,Saint-Louis,normal
b59805428cbe4664b8bd912869380b2b,MFMXM5E8DPPX,reception,2026-08-16 08:21:02.934282,15.609677,-16.252875,Officine off.louga1,officine,Louga,normal
3ab808639cb446c38de371051364bf5b,SXZ6VNJ2HGTZ,reception,2026-08-16 08:21:05.849338,14.704252,-17.444821,Grossiste Dakar,grossisteRepartiteur,Dakar,normal
5854cc25637e463da334871e607d15dd,3MCG8V5EPFK9,reception,2026-08-16 08:21:09.086300,15.608183,-16.253306,Officine off.louga1,officine,Louga,normal
b9f803f40c8d45b4a88bb9615dac5778,TUS4V8PTA9DK,reception,2026-08-16 08:21:16.085396,14.703231,-17.444864,Grossiste Dakar,grossisteRepartiteur,Dakar,normal
db944de82b1a49a4bee7ba59b8a20137,UCP5ZJRDBK7F,reception,2026-08-16 08:21:20.444100,15.609,-16.252736,Officine off.louga1,officine,Louga,normal
4789f10c7cc7427dbee771db743299cb,EJDEPEQE2S5X,reception,2026-08-16 08:21:27.345626,15.610155,-16.251635,Officine off.louga1,officine,Louga,normal
b3757090c865407b97d597770af3412f,JPCMUPS7TVPH,reception,2026-08-16 08:21:29.380222,14.702772,-17.445477,Grossiste Dakar,grossisteRepartiteur,Dakar,normal
8c4a156253964356a6e9be00b977b4cb,CUKPF33FSAK2,reception,2026-08-16 08:21:40.361218,14.703066,-17.44503,Grossiste Dakar,grossisteRepartiteur,Dakar,normal
0603082f39d8404d8e38a1e2b26ebb5c,MWZAPA4A3VB3,reception,2026-08-16 08:21:54.175293,14.703526,-17.444699,Grossiste Dakar,grossisteRepartiteur,Dakar,normal
531307773daf46f48b02edcb69324d4c,BQ6P6DXF7SCH,reception,2026-08-16 08:22:06.403056,14.70371,-17.444311,Grossiste Dakar,grossisteRepartiteur,Dakar,normal
f03884de036d41c694d68702b3567c5d,6MXYGUMDBDU8,reception,2026-08-16 08:22:20.606869,14.705323,-17.44703,Grossiste Dakar,grossisteRepartiteur,Dakar,normal
5c01b553ca94420dad5040df4375b2a0,B8HUC2BZRXKT,reception,2026-08-16 08:22:31.413894,14.703192,-17.446723,Grossiste Dakar,grossisteRepartiteur,Dakar,normal
ae4d5b5680384f949599d24e2fc25075,286E9KNNCGBD,reception,2026-08-16 08:22:43.337444,14.704106,-17.444284,Grossiste Dakar,grossisteRepartiteur,Dakar,normal
4badd98d46a3426c8558338d1b845ce8,K6B2QAA6WFP7,reception,2026-08-16 08:22:50.411830,14.70528,-17.446614,Grossiste Dakar,grossisteRepartiteur,Dakar,normal
732d9c283fc84dafa39f9717f5bb6a66,SPASVE526HYQ,reception,2026-08-16 08:23:03.735592,14.704127,-17.445048,Grossiste Dakar,grossisteRepartiteur,Dakar,normal
11a283818fff47299f004a1697599f63,BHPYHZGMUY35,reception,2026-08-16 08:23:18.489653,14.703411,-17.444896,Grossiste Dakar,grossisteRepartiteur,Dakar,normal
23bba9e1aa95411fa2f002aac9da5c90,MZU547A2P5PT,reception,2026-08-16 08:23:24.827341,14.703164,-17.446133,Grossiste Dakar,grossisteRepartiteur,Dakar,normal
c1f008eb6907428cbf6f62a175547e72,K2VK3BXHNPGE,reception,2026-08-16 08:23:38.694140,14.702687,-17.445399,Grossiste Dakar,grossisteRepartiteur,Dakar,normal
03ae5f1c444c4ddf88009e43ce9820d3,4RW97FMKCSGD,reception,2026-08-16 08:23:45.894489,14.705282,-17.444647,Grossiste Dakar,grossisteRepartiteur,Dakar,normal
ea18e334429749f3ad39b17e5efbcfd4,KDUP9R9JG2QX,reception,2026-08-16 08:23:53.884139,14.703566,-17.445569,Grossiste Dakar,grossisteRepartiteur,Dakar,normal
73ea8698c9fc45cda0bbb6fffd48724f,4V52QQJYAEMG,reception,2026-08-16 08:24:05.415434,14.703657,-17.446645,Grossiste Dakar,grossisteRepartiteur,Dakar,normal
01e8aed0463f421c8306a5e250cef077,Y4XE3H4CAXWG,reception,2026-08-16 08:27:00,13.755924,-13.675013,Officine off.tamba1,officine,Tambacounda,normal
d390759583b44b40ba9b57172c241233,QQ5UMBQ7GZC9,reception,2026-08-16 08:27:13.940041,13.754171,-13.675105,Officine off.tamba1,officine,Tambacounda,normal
66e9001b1cd24fb89bcd3506e66d5f2a,5CEM3YFJ7TN2,dispensation,2026-08-16 08:29:00,15.60847,-16.250999,Officine off.louga1,officine,Louga,normal
109e82ae410c49059a43a963aeda0ac4,G5N5F6VFTP5Q,expedition,2026-08-16 08:34:00,16.014792,-16.513531,SR Saint-Louis,SR,Saint-Louis,normal
604233b0c3f74826b27210edfded1fd2,BMNZ77ZAQUH2,expedition,2026-08-16 08:34:13.098278,16.012743,-16.513699,SR Saint-Louis,SR,Saint-Louis,normal
f6dc2193c28f4d7eba1b8e84f6d79d54,NUKZRUXW3XZA,expedition,2026-08-16 08:34:23.139815,16.01413,-16.51297,SR Saint-Louis,SR,Saint-Louis,normal
49c23ce7ce5042b68de4dcc4e86333c4,TMK96EHFZGBF,expedition,2026-08-16 08:34:29.197590,16.014667,-16.514489,SR Saint-Louis,SR,Saint-Louis,normal
f26afa2dfd0e4cddb94b29ec05340d89,BJ5NAMDSQBGB,expedition,2026-08-16 08:34:44.052381,16.013684,-16.513458,SR Saint-Louis,SR,Saint-Louis,normal
d9904dfe627f4021b201cfec660fc3d1,7U2K6VTEXYKD,expedition,2026-08-16 08:34:56.792391,16.014429,-16.512463,SR Saint-Louis,SR,Saint-Louis,normal
14c2cca7b4b647cca486efecedd3cb87,SJUNQN7AZCVP,expedition,2026-08-16 08:35:04.167418,16.012451,-16.514563,SR Saint-Louis,SR,Saint-Louis,normal
1f2ab3a9c95241258bb2dcafed8fe9b3,A7W8QE3UW8VP,expedition,2026-08-16 08:35:18.836695,16.014468,-16.512604,SR Saint-Louis,SR,Saint-Louis,normal
9ddf52e1089346d9b23c63a9ccca20d4,8FMMFV6NXQ4F,expedition,2026-08-16 08:35:26.697069,16.012117,-16.514251,SR Saint-Louis,SR,Saint-Louis,normal
a0bc72ed87c848c287d37fe015aa8b3b,KK9X38JZMGHE,reception,2026-08-16 08:46:00,14.802552,-16.925335,Officine off.thies1,officine,Thies,normal
298ed31ecd66474390eebb3674ae52fc,SFHBEHEKBXQK,reception,2026-08-16 08:46:13.759137,14.801101,-16.923018,Officine off.thies1,officine,Thies,normal
917bf44d36324ccd9042a0988ba23863,9URF8TZ5BREK,reception,2026-08-16 08:46:25.783906,14.801109,-16.925856,Officine off.thies1,officine,Thies,normal
b0c939f21aec48fabf9a6439ef11271f,4R7MEBEVJ4PN,reception,2026-08-16 08:47:00,14.685434,-16.244438,SR Diourbel,SR,Diourbel,normal
08553159189940a9b13eac560b48b819,2K2PYNYZXP7D,reception,2026-08-16 08:47:09.112949,14.683678,-16.242806,SR Diourbel,SR,Diourbel,normal
64fa771f7392454d8280bc84d8902ed8,RHGWRKARUKVW,reception,2026-08-16 08:47:17.114553,14.684493,-16.242968,SR Diourbel,SR,Diourbel,normal
c5277f080bae4c90afc3d1c6cabb1233,9PVPNQG4Y3FQ,reception,2026-08-16 08:47:23.858012,14.683795,-16.243892,SR Diourbel,SR,Diourbel,normal
28b92e350b3447f899c32948328a5eb3,EJ9WTKS77N3R,reception,2026-08-16 08:47:38.148885,14.685093,-16.243771,SR Diourbel,SR,Diourbel,normal
8b404369d84343a884afc2bcb473c02c,CWSZTN59A97J,reception,2026-08-16 09:24:00,14.144487,-16.064343,Officine off.kaolack1,officine,Kaolack,normal
bd0d3e7b1bab4226adbe58b209aa41ef,AWXJ4MQFC36B,reception,2026-08-16 09:24:12.416821,14.143856,-16.065698,Officine off.kaolack1,officine,Kaolack,normal
152e57be3e6c4808bb8bd5b2aece16bd,P2DJAC99H5FV,reception,2026-08-16 09:24:20.247840,14.144296,-16.064085,Officine off.kaolack1,officine,Kaolack,normal
58e0f145c42644fdb591ccc868a85f96,PQNU493NP49Y,reception,2026-08-16 09:24:27.158068,14.143255,-16.065646,Officine off.kaolack1,officine,Kaolack,normal
c53146afa7914e748e84d9ebb6d753af,P5PNDB9YSGJV,expedition,2026-08-16 12:40:50.683765,12.606752,-16.271082,SR Ziguinchor,SR,Ziguinchor,normal
fef665f4218d48fa918c1288dd3bb09c,69ZFTTEFUXV7,expedition,2026-08-16 12:40:59.215337,12.608599,-16.270694,SR Ziguinchor,SR,Ziguinchor,normal
7f630397d3664682b8fef8f527b77106,H92TVQZRRNUT,expedition,2026-08-16 12:41:05.703833,12.606983,-16.271826,SR Ziguinchor,SR,Ziguinchor,normal
916e9e12747548db929219cd91ef88d0,ZH9XS67QCEFN,expedition,2026-08-16 12:41:16.790575,12.607885,-16.270811,SR Ziguinchor,SR,Ziguinchor,normal
e0a4024ea70547d29132e42452813989,GPR9S8BRQHNQ,expedition,2026-08-16 12:41:28.281669,12.608365,-16.270621,SR Ziguinchor,SR,Ziguinchor,normal
c2f8c47502b641fabf04ae0dffa82750,R9QKV33YNR69,dispensation,2026-08-16 14:04:57.573252,14.813094,-16.926002,Officine off.thies2,officine,Thies,normal
9ceaa977a6fc4c3db4bf81a0f175b63b,7R844FGC5AJR,expedition,2026-08-16 14:18:38.512462,14.665644,-17.463726,SR Dakar,SR,Dakar,normal
008198fc185846c488c7b2087b8cad09,S6N5T9STPDE7,expedition,2026-08-16 14:18:49.520674,14.666699,-17.462886,SR Dakar,SR,Dakar,normal
f48d7bd1d0fb4c5eb8fad3144f1d3480,9RF9RPJAYYA8,dispensation,2026-08-16 15:59:10.566816,14.80318,-16.925258,Officine off.thies1,officine,Thies,normal
55cefad6fcfe47e7ad988a9dec7fc1bb,4R7MEBEVJ4PN,expedition,2026-08-17 08:06:00,14.683521,-16.242938,SR Diourbel,SR,Diourbel,normal
2b60fb4922444855a90c1b14f118122d,2K2PYNYZXP7D,expedition,2026-08-17 08:06:07.633298,14.682906,-16.241843,SR Diourbel,SR,Diourbel,normal
2944bd8667454900808bf1304949a84c,RHGWRKARUKVW,expedition,2026-08-17 08:06:18.731461,14.684004,-16.244491,SR Diourbel,SR,Diourbel,normal
cf5577197b1f46ef9af4bdcfc1dac945,9PVPNQG4Y3FQ,expedition,2026-08-17 08:06:32.789599,14.684994,-16.243412,SR Diourbel,SR,Diourbel,normal
96eef619e24c4dd898d214ef21891998,EJ9WTKS77N3R,expedition,2026-08-17 08:06:42.540106,14.684295,-16.243397,SR Diourbel,SR,Diourbel,normal
565c335a14be42ecb12065f63bedbafe,TDBQG7ZHSGHZ,expedition,2026-08-17 08:16:00,14.702982,-17.446967,Grossiste Dakar,grossisteRepartiteur,Dakar,normal
218003408db343dca67faf3efbbf608a,BHPYHZGMUY35,expedition,2026-08-17 08:16:14.617995,14.70324,-17.446973,Grossiste Dakar,grossisteRepartiteur,Dakar,normal
38bdf837912f41de827d4cd76519ef3d,K2VK3BXHNPGE,expedition,2026-08-17 08:16:23.300502,14.703526,-17.446633,Grossiste Dakar,grossisteRepartiteur,Dakar,normal
130c8bd6fa5847dc87308f3490fb0d28,G5N5F6VFTP5Q,reception,2026-08-17 08:27:00,16.007884,-16.517374,Officine off.saintlouis1,officine,Saint-Louis,normal
6b66b6b316f64303b418fd5fdb347625,BMNZ77ZAQUH2,reception,2026-08-17 08:27:07.322054,16.007293,-16.515888,Officine off.saintlouis1,officine,Saint-Louis,normal
1ea72129860945ffba860a34ec1ff925,NUKZRUXW3XZA,reception,2026-08-17 08:27:14.329966,16.006819,-16.516189,Officine off.saintlouis1,officine,Saint-Louis,normal
f4f8016d22ac4fd09207ec8249032bbe,TMK96EHFZGBF,reception,2026-08-17 08:27:21.044868,16.006555,-16.517784,Officine off.saintlouis1,officine,Saint-Louis,normal
3e3dd45971374652b49b1ed92d106284,BJ5NAMDSQBGB,reception,2026-08-17 08:27:32.691345,16.007861,-16.516237,Officine off.saintlouis1,officine,Saint-Louis,normal
1d0bec5d22064b93b3e7939748db00b1,7U2K6VTEXYKD,reception,2026-08-17 08:27:43.780661,16.007953,-16.517651,Officine off.saintlouis1,officine,Saint-Louis,normal
92e33f426e9e4e76be25c591d3275b0b,SJUNQN7AZCVP,reception,2026-08-17 08:27:54.246780,16.007301,-16.516207,Officine off.saintlouis1,officine,Saint-Louis,normal
0dafb2cf115d406c91cf74836fdce648,A7W8QE3UW8VP,reception,2026-08-17 08:28:06.085755,16.00838,-16.517153,Officine off.saintlouis1,officine,Saint-Louis,normal
313afdabb7d04ad88b01efd21c6ff63b,8FMMFV6NXQ4F,reception,2026-08-17 08:28:14.411375,16.00701,-16.518385,Officine off.saintlouis1,officine,Saint-Louis,normal
d3d5738636ad486ea7bceeb997854d53,FYHKJJRF2F3U,expedition,2026-08-17 09:08:00,14.66771,-17.46413,SR Dakar,SR,Dakar,normal
30478eedeb0747d590d1f355106a2d54,4EWQ7FU933CB,expedition,2026-08-17 09:08:00,14.70338,-17.444792,Grossiste Dakar,grossisteRepartiteur,Dakar,normal
2f2a84ec16104e2499fbbe677d5809f3,5Z55759V69U2,expedition,2026-08-17 09:08:06.280241,14.704227,-17.444289,Grossiste Dakar,grossisteRepartiteur,Dakar,normal
4e4c85c9084a4a1fb6b50f39cc300dc3,JSYG75DX9AK9,expedition,2026-08-17 09:08:13.935578,14.667053,-17.463817,SR Dakar,SR,Dakar,normal
0792cfd9f9be4288b46e27b750506421,3WTBYEGMSQ4P,expedition,2026-08-17 09:08:17.107315,14.702581,-17.446163,Grossiste Dakar,grossisteRepartiteur,Dakar,normal
ac2692332e694a78bdd57792b4b1f0ea,A9MXWUZX9J9F,expedition,2026-08-17 09:08:21.783336,14.665578,-17.464612,SR Dakar,SR,Dakar,normal
350787bfbd0e4c478da012ba896187cc,TUS4V8PTA9DK,expedition,2026-08-17 09:08:29.575632,14.702752,-17.446849,Grossiste Dakar,grossisteRepartiteur,Dakar,normal
513f2d8eff7449359eea39ab2bf6eea9,CUKPF33FSAK2,expedition,2026-08-17 09:08:37.545853,14.705403,-17.444519,Grossiste Dakar,grossisteRepartiteur,Dakar,normal
1cbbb470b9b0411eae7d7e7fa100a6b0,B8HUC2BZRXKT,expedition,2026-08-17 09:08:51.822862,14.705209,-17.446619,Grossiste Dakar,grossisteRepartiteur,Dakar,normal
7faa597499c446819e5e2afffc6c3a68,286E9KNNCGBD,expedition,2026-08-17 09:09:03.179610,14.704925,-17.445439,Grossiste Dakar,grossisteRepartiteur,Dakar,normal
149e56c23d994e23a87940073551f5ff,7QJT4236PBYY,dispensation,2026-08-17 09:13:00,14.681736,-16.255196,Officine off.diourbel1,officine,Diourbel,normal
79c23311bbea49eba4246a4a65f2014a,DBKDTYC2QTC3,reception,2026-08-17 09:17:00,14.704281,-17.414625,Officine off.dakar2,officine,Dakar,normal
f126de743fa342ceb0520855d5762e58,BWTMKPV33PQN,dispensation,2026-08-17 09:26:00,12.589069,-16.265096,Officine off.ziguinchor1,officine,Ziguinchor,normal
b30df8cef5364ea289ce77a0209e2a14,4ECCWSRYNWSK,expedition,2026-08-17 09:28:00,14.704206,-17.446292,Grossiste Dakar,grossisteRepartiteur,Dakar,normal
e4e6d1d495a44d348eea7e21a9f7ae8a,9E8ATHU7RAPM,expedition,2026-08-17 09:28:07.527087,14.704672,-17.447207,Grossiste Dakar,grossisteRepartiteur,Dakar,normal
b7747885287645feb9d135f11f0367af,6V4547V3MKR7,expedition,2026-08-17 09:28:15.429453,14.703852,-17.447194,Grossiste Dakar,grossisteRepartiteur,Dakar,normal
bb51c225e20741e79d1e869cf793587b,6C4AD8X4FC95,expedition,2026-08-17 09:28:27.948806,14.703589,-17.447086,Grossiste Dakar,grossisteRepartiteur,Dakar,normal
7ae4387c65cb4a4b8f0c586a0532426b,N97RZSJVTU84,expedition,2026-08-17 09:28:40.815368,14.702952,-17.446587,Grossiste Dakar,grossisteRepartiteur,Dakar,normal
463bd0cd1ef447c0877b1ee800543963,5HG9H6AQ5NE7,expedition,2026-08-17 09:28:52.382083,14.703715,-17.445747,Grossiste Dakar,grossisteRepartiteur,Dakar,normal
e1d078dfbd48465d8590d02289f74f45,SPASVE526HYQ,expedition,2026-08-17 09:29:02.147111,14.704876,-17.445602,Grossiste Dakar,grossisteRepartiteur,Dakar,normal
41d126a047fc42218a6081ac22cb9d3e,KDUP9R9JG2QX,expedition,2026-08-17 09:29:13.851948,14.70266,-17.445216,Grossiste Dakar,grossisteRepartiteur,Dakar,normal
30d5fc7aacbd460f80feb2048ed24ea0,7R844FGC5AJR,reception,2026-08-17 10:47:04.178080,14.698771,-17.466595,Officine off.dakar3,officine,Dakar,normal
b322931e4c0044f3806bd17292a088ce,S6N5T9STPDE7,reception,2026-08-17 10:47:11.094253,14.697103,-17.464477,Officine off.dakar3,officine,Dakar,normal
87e28ad8290b4471be436760a62dcb54,P5PNDB9YSGJV,reception,2026-08-17 11:33:41.956813,12.588333,-16.265281,Officine off.ziguinchor1,officine,Ziguinchor,normal
0f6efa39fd9640ecab9b75cf1f834c71,69ZFTTEFUXV7,reception,2026-08-17 11:33:54.898398,12.588659,-16.26685,Officine off.ziguinchor1,officine,Ziguinchor,normal
8ea554ecd1b54de2b8b416af9add3022,H92TVQZRRNUT,reception,2026-08-17 11:34:07.781903,12.589986,-16.265542,Officine off.ziguinchor1,officine,Ziguinchor,normal
611987d9a9ac4fbab0198774b06af6d1,ZH9XS67QCEFN,reception,2026-08-17 11:34:21.306469,12.590367,-16.265502,Officine off.ziguinchor1,officine,Ziguinchor,normal
132f03fed58243abb97cc70feba6bd1c,GPR9S8BRQHNQ,reception,2026-08-17 11:34:33.520016,12.589634,-16.265599,Officine off.ziguinchor1,officine,Ziguinchor,normal
f4c01371e1b046919540ff65891c49f1,VGUJWJM6THKC,expedition,2026-08-17 13:52:07.309521,14.703464,-17.444324,Grossiste Dakar,grossisteRepartiteur,Dakar,normal
86ac68052db0496b8361af1cdcc105a4,J8E7YQBYRAQH,expedition,2026-08-17 13:52:14.560733,14.703602,-17.444434,Grossiste Dakar,grossisteRepartiteur,Dakar,normal
3c4282e1f95344c2815865c579ac9b7a,VMHSDCBBA7HE,expedition,2026-08-17 13:52:25.950302,14.702952,-17.445384,Grossiste Dakar,grossisteRepartiteur,Dakar,normal
720f6eb670384eaf8f258f304e14420a,JDAG4KB5PS2F,expedition,2026-08-17 13:52:38.061629,14.705261,-17.44714,Grossiste Dakar,grossisteRepartiteur,Dakar,normal
3fed4d51168a4d2d9a02be5a47873b5c,JPCMUPS7TVPH,expedition,2026-08-17 13:52:52.865133,14.703099,-17.445478,Grossiste Dakar,grossisteRepartiteur,Dakar,normal
c33f2378aaa54d29bb16ac961f4ea35d,BQ6P6DXF7SCH,expedition,2026-08-17 13:52:59.136499,14.70477,-17.445558,Grossiste Dakar,grossisteRepartiteur,Dakar,normal
bd7608b51ca5439a83bce7af29b0870a,4R7MEBEVJ4PN,reception,2026-08-17 15:53:26.530723,14.68201,-16.254889,Officine off.diourbel1,officine,Diourbel,normal
541516cc228e438face8020e80ebe54f,2K2PYNYZXP7D,reception,2026-08-17 15:53:36.412504,14.681526,-16.257506,Officine off.diourbel1,officine,Diourbel,normal
ff4b82b71f9b416492e791f83e3e5a79,RHGWRKARUKVW,reception,2026-08-17 15:53:43.163240,14.68238,-16.257784,Officine off.diourbel1,officine,Diourbel,normal
9643e27e681a4ecdb05fcc6fb57293d4,9PVPNQG4Y3FQ,reception,2026-08-17 15:53:56.501114,14.6811,-16.256752,Officine off.diourbel1,officine,Diourbel,normal
e9f13a04a2d342bd879498e4ca4811e3,EJ9WTKS77N3R,reception,2026-08-17 15:54:03.514350,14.683824,-16.256712,Officine off.diourbel1,officine,Diourbel,normal
79cf642ee42c441490b2975e56048859,N9U8N864J3Y8,dispensation,2026-08-18 08:00:00,14.681514,-16.256386,Officine off.diourbel1,officine,Diourbel,normal
e3778ad38e3e45308e577c1cf4d13321,5QWRX9BE7TZ2,expedition,2026-08-18 08:09:00,14.704649,-17.446089,Grossiste Dakar,grossisteRepartiteur,Dakar,normal
3a54c46ffb4743a4a7fb36a823709757,9PEMABMHYYQ6,expedition,2026-08-18 08:09:11.329369,14.704793,-17.446313,Grossiste Dakar,grossisteRepartiteur,Dakar,normal
2e0e6ef4c3d040a1b54de7c5f541d838,GWBP6ZUCDDRF,expedition,2026-08-18 08:09:19.147911,14.702677,-17.444284,Grossiste Dakar,grossisteRepartiteur,Dakar,normal
3d706278e060461fa2fd395a734daed6,QG967ADKKCP2,expedition,2026-08-18 08:09:29.884068,14.702609,-17.44484,Grossiste Dakar,grossisteRepartiteur,Dakar,normal
0ccc5fecd9f94d57899019433b093c02,SXZ6VNJ2HGTZ,expedition,2026-08-18 08:09:44.118081,14.704806,-17.445677,Grossiste Dakar,grossisteRepartiteur,Dakar,normal
d7b6d85ed478484e8e2d885aa1d18cd2,ETZYE7CVNXUA,dispensation,2026-08-18 08:17:00,14.160386,-16.061799,Officine off.kaolack2,officine,Kaolack,normal
f8b2bf60cfad4c17b6fefa9b1a2529e7,WPJ3NUS782YR,expedition,2026-08-18 08:22:00,14.704505,-17.447036,Grossiste Dakar,grossisteRepartiteur,Dakar,normal
95d873b9b6f7479eac244b4401d1431d,JK3NSAXWVWCX,expedition,2026-08-18 08:22:12.942441,14.703859,-17.445366,Grossiste Dakar,grossisteRepartiteur,Dakar,normal
e547a515a62541ee9ae7fb9e6ef0b4c8,KTCNHTHXV68P,expedition,2026-08-18 08:22:21.012319,14.705054,-17.444268,Grossiste Dakar,grossisteRepartiteur,Dakar,normal
e36262dadc9e4c3a940369dfa2567d5a,RHYZMFRAWCRT,expedition,2026-08-18 08:22:35.847432,14.704684,-17.445475,Grossiste Dakar,grossisteRepartiteur,Dakar,normal
8565d247b53b4e1f98f6620b8313650c,39EUZMS9HYZJ,expedition,2026-08-18 08:22:44.053313,14.704896,-17.446536,Grossiste Dakar,grossisteRepartiteur,Dakar,normal
f3ee52eb557e46c2b897497c92e050ce,MWZAPA4A3VB3,expedition,2026-08-18 08:22:50.842911,14.703251,-17.445833,Grossiste Dakar,grossisteRepartiteur,Dakar,normal
ea306a54d0fc491b8b9270938c960b81,4V52QQJYAEMG,expedition,2026-08-18 08:23:04.728776,14.704014,-17.446038,Grossiste Dakar,grossisteRepartiteur,Dakar,normal
f6a0ef7f9ae149f58d7171304b4524c7,8VP99FYXQWUY,expedition,2026-08-18 08:23:17.860029,14.705539,-17.446672,Grossiste Dakar,grossisteRepartiteur,Dakar,normal
92466d62fec746729bfb1deb6be83b27,9HP7ZAFNCXZP,expedition,2026-08-18 08:23:28.373084,14.703804,-17.444868,Grossiste Dakar,grossisteRepartiteur,Dakar,normal
de8e33a81e6e4f8481448d8dc84f26f4,Q9M6ENUGFRXK,dispensation,2026-08-18 08:36:00,16.007332,-16.51668,Officine off.saintlouis1,officine,Saint-Louis,normal
a7afe402699e4570a200d2d01597a78b,FJ3SAD4PY88U,expedition,2026-08-18 08:38:00,14.704666,-17.445247,Grossiste Dakar,grossisteRepartiteur,Dakar,normal
84ed4a57d47e4e138a49a64fc6b00d62,MZU547A2P5PT,expedition,2026-08-18 08:38:08.498708,14.704381,-17.445929,Grossiste Dakar,grossisteRepartiteur,Dakar,normal
2aa7677e72ce430a9dca322464968e68,RPEY8R8WXYGV,dispensation,2026-08-18 08:43:00,13.756034,-13.675161,Officine off.tamba1,officine,Tambacounda,normal
8fd630fcbee24fe4804203da81991e67,VGUJWJM6THKC,reception,2026-08-18 08:46:00,14.667337,-17.462484,SR Dakar,SR,Dakar,normal
8b04297b5b664867ae666be138565b66,J8E7YQBYRAQH,reception,2026-08-18 08:46:09.757122,14.666578,-17.463634,SR Dakar,SR,Dakar,normal
843c863c6a2a4917b4502af35b270f43,VMHSDCBBA7HE,reception,2026-08-18 08:46:20.702422,14.667586,-17.464346,SR Dakar,SR,Dakar,normal
2d4cf43ac06d49f2abe8d13d6b94df99,JDAG4KB5PS2F,reception,2026-08-18 08:46:30.780764,14.667899,-17.462972,SR Dakar,SR,Dakar,normal
9589fd115fc34047acb38df9fda6511a,JPCMUPS7TVPH,reception,2026-08-18 08:46:43.618690,14.667392,-17.462572,SR Dakar,SR,Dakar,normal
dd65deb07d6a4bfbacc0a569c8ec9df8,BQ6P6DXF7SCH,reception,2026-08-18 08:46:52.185177,14.667039,-17.46221,SR Dakar,SR,Dakar,normal
19e4b670a2c44a1a8d5d11ab090a8335,TDBQG7ZHSGHZ,reception,2026-08-18 09:03:00,15.626743,-16.241434,SR Louga,SR,Louga,normal
04e5755d1e194e2cbe5660153da42bab,BHPYHZGMUY35,reception,2026-08-18 09:03:06.474851,15.627458,-16.240518,SR Louga,SR,Louga,normal
36b5b1c50e784279800444e980233dc7,K2VK3BXHNPGE,reception,2026-08-18 09:03:17.224163,15.627132,-16.241173,SR Louga,SR,Louga,normal
9a10cb0c7ee345dfadc812289e48f498,JCKV2XT82WZF,expedition,2026-08-18 09:21:00,14.705175,-17.447151,Grossiste Dakar,grossisteRepartiteur,Dakar,normal
ddbb764b08f14a4386d1dff2cc29d924,XEETM8TVSYA9,expedition,2026-08-18 09:21:11.107850,14.70283,-17.444825,Grossiste Dakar,grossisteRepartiteur,Dakar,normal
2a8af9e9950f4c6580fe9214b37315dd,KENQGYK4U4FX,expedition,2026-08-18 09:21:23.959349,14.70448,-17.445925,Grossiste Dakar,grossisteRepartiteur,Dakar,normal
fbd26efed8574f93b626867bae1b4727,2KWM6VE3GP2Y,expedition,2026-08-18 09:21:36.091420,14.704652,-17.447069,Grossiste Dakar,grossisteRepartiteur,Dakar,normal
2f45ae494c0d4c83978f2bd2007db5a2,6MXYGUMDBDU8,expedition,2026-08-18 09:21:50.484673,14.704988,-17.446141,Grossiste Dakar,grossisteRepartiteur,Dakar,normal
b0a03e3706624168b5b5439213f12b18,AX58CJM4RN7X,expedition,2026-08-18 09:22:05.384106,14.702852,-17.444828,Grossiste Dakar,grossisteRepartiteur,Dakar,normal
473f3d87e98644cebaebde429ca132d5,DJQPU6GUZCGP,expedition,2026-08-18 09:22:20.332015,14.702939,-17.44462,Grossiste Dakar,grossisteRepartiteur,Dakar,normal
eff27633339145bf9308479a21a7c431,YD6R9S747UBT,expedition,2026-08-18 09:22:26.883247,14.703922,-17.445993,Grossiste Dakar,grossisteRepartiteur,Dakar,normal
2f86ae03cc674113af1542f727ea8be3,K6B2QAA6WFP7,expedition,2026-08-18 09:22:40.809726,14.702637,-17.444823,Grossiste Dakar,grossisteRepartiteur,Dakar,normal
bfa00d29b1ff4d6f8db6da83c4013976,4RW97FMKCSGD,expedition,2026-08-18 09:22:53.395975,14.70405,-17.444908,Grossiste Dakar,grossisteRepartiteur,Dakar,normal
3071010c5c7142d98eb6ecfd72763060,4ECCWSRYNWSK,reception,2026-08-18 09:23:00,14.684155,-16.243075,SR Diourbel,SR,Diourbel,normal
dcb555c643e7412fa9bb82f3d2408440,9E8ATHU7RAPM,reception,2026-08-18 09:23:08.940216,14.684391,-16.244732,SR Diourbel,SR,Diourbel,normal
f0a6e07d727949b8b304c1df703a792e,6V4547V3MKR7,reception,2026-08-18 09:23:19.103583,14.682805,-16.243934,SR Diourbel,SR,Diourbel,normal
aa639b9b58b84257bd54d3af6a293066,6C4AD8X4FC95,reception,2026-08-18 09:23:31.688368,14.683884,-16.243722,SR Diourbel,SR,Diourbel,normal
73b8c66772a046fca297ab6dd11eacb4,N97RZSJVTU84,reception,2026-08-18 09:23:41.413368,14.683525,-16.244295,SR Diourbel,SR,Diourbel,normal
e1c7da31658e45b2906832ea6816344e,5HG9H6AQ5NE7,reception,2026-08-18 09:23:55.874026,14.683837,-16.243469,SR Diourbel,SR,Diourbel,normal
ffb426fa96d74cb4814d5da3123be44a,SPASVE526HYQ,reception,2026-08-18 09:24:10.656920,14.683181,-16.242442,SR Diourbel,SR,Diourbel,normal
5dd65282742242ce87561eba442e16aa,KDUP9R9JG2QX,reception,2026-08-18 09:24:24.082763,14.685245,-16.242552,SR Diourbel,SR,Diourbel,normal
4330cc779a4e4b44b7c72386d76078b6,4EWQ7FU933CB,reception,2026-08-18 09:25:08.404644,13.759227,-13.678372,SR Tambacounda,SR,Tambacounda,normal
c4349419d0be4a86b7016e6adc98678d,5Z55759V69U2,reception,2026-08-18 09:25:17.209345,13.759054,-13.679605,SR Tambacounda,SR,Tambacounda,normal
8b436a8474cf44b399869f34aed129c0,3WTBYEGMSQ4P,reception,2026-08-18 09:25:31.664697,13.756521,-13.679405,SR Tambacounda,SR,Tambacounda,normal
133a48f9b5e8408e9e4f890a32879256,TUS4V8PTA9DK,reception,2026-08-18 09:25:41.544590,13.758018,-13.6797,SR Tambacounda,SR,Tambacounda,normal
dab410c3250f495aa5c63b8c1e153fc1,CUKPF33FSAK2,reception,2026-08-18 09:25:52.612655,13.756652,-13.678868,SR Tambacounda,SR,Tambacounda,normal
75ff8af2a35d4b359ec6dc200bf7e806,B8HUC2BZRXKT,reception,2026-08-18 09:26:03.488447,13.759095,-13.677941,SR Tambacounda,SR,Tambacounda,normal
fa20bda7fb1542f0bd492724055a63fb,286E9KNNCGBD,reception,2026-08-18 09:26:17.089305,13.756592,-13.677886,SR Tambacounda,SR,Tambacounda,normal
a266ba3165314bf7a3016247eb7b663b,FYHKJJRF2F3U,reception,2026-08-18 11:08:45.844782,14.701298,-17.437659,Officine off.dakar1,officine,Dakar,normal
1b3e8dcc66a1481ea2ff0515ad5b29d3,JSYG75DX9AK9,reception,2026-08-18 11:08:58.172774,14.700863,-17.439839,Officine off.dakar1,officine,Dakar,normal
906ece71a8774a34a640df3af728c14c,A9MXWUZX9J9F,reception,2026-08-18 11:09:04.493432,14.701729,-17.43915,Officine off.dakar1,officine,Dakar,normal
14ca6a57043840399365c759d6be8ce4,JDAG4KB5PS2F,expedition,2026-08-18 13:26:51.904140,14.666544,-17.463637,SR Dakar,SR,Dakar,normal
f2b9dcdf850e434ca9ae97068c884424,JPCMUPS7TVPH,expedition,2026-08-18 13:27:02.323486,14.667053,-17.462012,SR Dakar,SR,Dakar,normal
460d28e47e034dadaf01c5600906cfc1,BQ6P6DXF7SCH,expedition,2026-08-18 13:27:16.803079,14.667031,-17.462893,SR Dakar,SR,Dakar,normal
70b86d0baac74a7989ad12ad4da0d2ca,MJDTG47W2EXW,dispensation,2026-08-18 15:10:10.311056,13.756158,-13.672812,Officine off.tamba1,officine,Tambacounda,normal
7e4d1ce79fb64b178f2d2be63bde8de8,4EWQ7FU933CB,expedition,2026-08-18 15:46:51.554724,13.758742,-13.678824,SR Tambacounda,SR,Tambacounda,normal
c28ab2ce445149c6b57d1173612446cc,5Z55759V69U2,expedition,2026-08-18 15:46:59.607201,13.756786,-13.677757,SR Tambacounda,SR,Tambacounda,normal
33115f29500244fb8898dc0aa397ebcc,3WTBYEGMSQ4P,expedition,2026-08-18 15:47:06.215809,13.757486,-13.679327,SR Tambacounda,SR,Tambacounda,normal
058819638c9b49c8a4859a52021e8e68,TUS4V8PTA9DK,expedition,2026-08-18 15:47:20.261871,13.758569,-13.67888,SR Tambacounda,SR,Tambacounda,normal
b3b203c8ee654bf3a1340ccc57b74283,CUKPF33FSAK2,expedition,2026-08-18 15:47:34.746854,13.758305,-13.679468,SR Tambacounda,SR,Tambacounda,normal
a314030a7d074c0693b0f30f645a05b2,B8HUC2BZRXKT,expedition,2026-08-18 15:47:41.210878,13.756343,-13.678512,SR Tambacounda,SR,Tambacounda,normal
c4950f52cbbe4660bc087e2c8ee2bb6a,286E9KNNCGBD,expedition,2026-08-18 15:47:48.471402,13.758919,-13.67811,SR Tambacounda,SR,Tambacounda,normal
cf97c62b6925460d9b99d9b429e82f88,AK5UX2AFAGS8,dispensation,2026-08-18 16:37:49.933147,16.006549,-16.516073,Officine off.saintlouis1,officine,Saint-Louis,normal
21ee5ef1ac10415ab6631ee9001c38ce,FJ3SAD4PY88U,reception,2026-08-18 17:59:01.391411,16.012459,-16.514228,SR Saint-Louis,SR,Saint-Louis,normal
aa08c015e1b24e2cbe02eb3b11158749,MZU547A2P5PT,reception,2026-08-18 17:59:09.845389,16.013624,-16.513914,SR Saint-Louis,SR,Saint-Louis,normal
912d1a3bdf12479ebcffb81826f1e8bf,NEKBH879G5ZJ,dispensation,2026-08-19 08:00:00,14.162018,-16.061522,Officine off.kaolack2,officine,Kaolack,normal
ec19cbdb75f64d7f8ee1f6be94232253,NHFUF6S2Q84N,dispensation,2026-08-19 08:05:00,14.159856,-16.063539,Officine off.kaolack2,officine,Kaolack,normal
dd1f746ff6f64becb901232e926bed6d,FJ3SAD4PY88U,expedition,2026-08-19 08:05:00,16.013578,-16.512377,SR Saint-Louis,SR,Saint-Louis,normal
39b489864c664a4c882c486262e99a52,MZU547A2P5PT,expedition,2026-08-19 08:05:11.971725,16.01407,-16.512701,SR Saint-Louis,SR,Saint-Louis,normal
c2b947071171404f82de53b1946f02a9,5QWRX9BE7TZ2,reception,2026-08-19 08:21:27.388933,12.607982,-16.27227,SR Ziguinchor,SR,Ziguinchor,normal
142bf30916554e68a1f745d3148f00cf,9PEMABMHYYQ6,reception,2026-08-19 08:21:35.957728,12.608173,-16.271327,SR Ziguinchor,SR,Ziguinchor,normal
5aba325f54b443e4913f2bd29f5e3f4e,GWBP6ZUCDDRF,reception,2026-08-19 08:21:42.722911,12.607186,-16.270669,SR Ziguinchor,SR,Ziguinchor,normal
420893fcfdeb474bb535998ca690455a,QG967ADKKCP2,reception,2026-08-19 08:21:55.469824,12.608351,-16.27133,SR Ziguinchor,SR,Ziguinchor,normal
619c950d11f14f74a37603e1bd2298a9,SXZ6VNJ2HGTZ,reception,2026-08-19 08:22:07.673833,12.608595,-16.270285,SR Ziguinchor,SR,Ziguinchor,normal
29e0942436a84753a49fe929ac4b54d2,TDBQG7ZHSGHZ,expedition,2026-08-19 08:23:00,15.627008,-16.243356,SR Louga,SR,Louga,normal
545d92a54cce4f07bf1517bbbc755f67,BHPYHZGMUY35,expedition,2026-08-19 08:23:11.585530,15.628117,-16.240844,SR Louga,SR,Louga,normal
3279363a54434faeaffc7664789d37e4,K2VK3BXHNPGE,expedition,2026-08-19 08:23:17.746670,15.62712,-16.243478,SR Louga,SR,Louga,normal
953f1df1779f41eeb0bad70a422b20b1,GNVK3965X8H4,dispensation,2026-08-19 08:40:19.227405,14.683316,-16.256156,Officine off.diourbel1,officine,Diourbel,normal
05a8436a9acd43bea411500a22984809,FK6PYUJK9JRV,expedition,2026-08-19 09:03:00,14.718109,-17.470188,Laboratoire Historique,fabricant,Dakar,normal
ebd3cccb88fb4ee5a53b053a38789984,DKGZU5XFS4WT,expedition,2026-08-19 09:03:08.290538,14.718834,-17.468879,Laboratoire Historique,fabricant,Dakar,normal
be98d0284b93456ca7eb5600e9c2c7f9,JPB88ZGSDRYN,expedition,2026-08-19 09:03:20.891611,14.716874,-17.469726,Laboratoire Historique,fabricant,Dakar,normal
d04e7654de2c4abca1d308ac926d308e,XC6G7QSDMZ8M,expedition,2026-08-19 09:03:30.232509,14.719173,-17.470405,Laboratoire Historique,fabricant,Dakar,normal
259d4c6dd3854e8792b133409e3b67dd,FQ2ZN558YJYH,expedition,2026-08-19 09:03:38.580623,14.717977,-17.470552,Laboratoire Historique,fabricant,Dakar,normal
fbb9ff00136e49de9eef06331c893346,CBXRXUGDQ3ZT,expedition,2026-08-19 09:03:52.963041,14.718363,-17.470758,Laboratoire Historique,fabricant,Dakar,normal
e74bcbd854524312bfbf94d0c204790e,AAHU46NYG6AN,expedition,2026-08-19 09:04:05.853874,14.716456,-17.471414,Laboratoire Historique,fabricant,Dakar,normal
a9c69fb063ba452a80d98bf2ffcad16e,K6DXWHVVDFEV,expedition,2026-08-19 09:04:15.475303,14.716472,-17.470403,Laboratoire Historique,fabricant,Dakar,normal
899f5cd53e5345aa883845d8f248edf2,A56ZGMEFFVJP,expedition,2026-08-19 09:04:29.341955,14.718978,-17.469284,Laboratoire Historique,fabricant,Dakar,normal
699918ea31384eb789bd08c0f350360a,5D8ZFXDSJ6Z5,expedition,2026-08-19 09:04:43.471918,14.716421,-17.470658,Laboratoire Historique,fabricant,Dakar,normal
924c78d39ab44024a5014d555dcc1317,SCHGD66Z74FN,expedition,2026-08-19 09:04:55.129144,14.717851,-17.471156,Laboratoire Historique,fabricant,Dakar,normal
5b7dba479b8f43dca38325f008387731,MPHA53ZZYVCD,expedition,2026-08-19 09:05:07.461671,14.71866,-17.469851,Laboratoire Historique,fabricant,Dakar,normal
82a53ed7c2f1400283337a1d28b389d7,FXNTE6RTZ4WZ,expedition,2026-08-19 09:05:16.025779,14.718487,-17.469293,Laboratoire Historique,fabricant,Dakar,normal
f2d64554b32c4c178f2696fc3690a7b2,PGJGW57WVC9W,expedition,2026-08-19 09:05:25.443388,14.717683,-17.469736,Laboratoire Historique,fabricant,Dakar,normal
e938ec5f9bb24c76b0e9533eb9099e7a,69FQ56EMGJ64,expedition,2026-08-19 09:05:34.073728,14.716949,-17.469722,Laboratoire Historique,fabricant,Dakar,normal
ab44b49a4d8c433890de13dd2da47295,G2VXEEB7AQPJ,expedition,2026-08-19 09:05:48.049754,14.719171,-17.469041,Laboratoire Historique,fabricant,Dakar,normal
fe778200e1b14191bd60246678ebe0aa,3AUJ5MVCSBNT,expedition,2026-08-19 09:06:02.108542,14.716779,-17.469049,Laboratoire Historique,fabricant,Dakar,normal
716f39f2aeb146cc9761ed34484ff7a1,TY7NPAGKY2RY,expedition,2026-08-19 09:06:13.738165,14.718855,-17.471277,Laboratoire Historique,fabricant,Dakar,normal
2c0cdf217da64c5ea3ce2462f0f2d3af,EZZB25UAPR4E,expedition,2026-08-19 09:06:28.326655,14.719314,-17.469706,Laboratoire Historique,fabricant,Dakar,normal
ddfacfe3f193402d87f6e2b4a7be3125,F5UK8RKRZNRM,expedition,2026-08-19 09:06:40.826715,14.716525,-17.470791,Laboratoire Historique,fabricant,Dakar,normal
42daf423293949aca28c40ca209477cf,DT8CZCNKC64G,expedition,2026-08-19 09:06:49.506358,14.716732,-17.46998,Laboratoire Historique,fabricant,Dakar,normal
cc22099460ef47359bad9f2e83cef171,KH3Z8JMT44Q4,expedition,2026-08-19 09:06:58.829184,14.716752,-17.47096,Laboratoire Historique,fabricant,Dakar,normal
c56490825abb444c9052eb23a2a409ba,6R9TSUZQ8A6Q,expedition,2026-08-19 09:07:05.352314,14.71758,-17.470842,Laboratoire Historique,fabricant,Dakar,normal
853cf2dcd47a4edf90e50da91f20a5e1,NTD9925GBJTG,expedition,2026-08-19 09:07:15.534324,14.717801,-17.468957,Laboratoire Historique,fabricant,Dakar,normal
c6819060d88d4482915e048fd2f851ca,3AW6VGBSAGTC,expedition,2026-08-19 09:07:28.502380,14.719041,-17.469543,Laboratoire Historique,fabricant,Dakar,normal
84bd921ff15545b2b1dd67410761c263,F45JHKJ63RT4,expedition,2026-08-19 09:07:37.052183,14.717017,-17.469658,Laboratoire Historique,fabricant,Dakar,normal
7f7b73f7df384957a195dc4e85d56623,GSYBEMBDQUV2,expedition,2026-08-19 09:07:45.017002,14.718761,-17.469186,Laboratoire Historique,fabricant,Dakar,normal
0056fbae9a2546078e9826bac8e7cbd2,QT2T3RFK5QDB,expedition,2026-08-19 09:07:51.750505,14.717616,-17.470466,Laboratoire Historique,fabricant,Dakar,normal
7cc67b223d8a4e6c8ab0305f65ea5cf0,8PAEDSPY2SRE,expedition,2026-08-19 09:08:05.083357,14.719186,-17.470485,Laboratoire Historique,fabricant,Dakar,normal
189c0318d0a247b2b476e6b46325cf13,EBFYMF8K5BBU,expedition,2026-08-19 09:08:14.482615,14.718291,-17.469948,Laboratoire Historique,fabricant,Dakar,normal
f1c29f2333de4a169cd74bcdd4f6e8cf,9F29DDHDVAWR,expedition,2026-08-19 09:08:27.357833,14.719274,-17.471202,Laboratoire Historique,fabricant,Dakar,normal
e454262ccdc14d0d960f0e3a42aae650,KKXR72TGQBPK,expedition,2026-08-19 09:08:41.576567,14.718353,-17.471495,Laboratoire Historique,fabricant,Dakar,normal
02c5ac0f3b9f4e769b47e50ed3926fd8,DGENCGRP4GHW,expedition,2026-08-19 09:08:52.786554,14.71687,-17.471368,Laboratoire Historique,fabricant,Dakar,normal
2d333d2ea4184921b00330727937847c,WNGDAVW6NNSP,expedition,2026-08-19 09:09:04.059710,14.716834,-17.469234,Laboratoire Historique,fabricant,Dakar,normal
5355032fbc4643f4b8edecf12546a6f9,QXE8EPH9QFHC,expedition,2026-08-19 09:09:10.672605,14.71918,-17.47004,Laboratoire Historique,fabricant,Dakar,normal
2e5f18d93ea14c2b99e87e226c5ca9ce,CUXZ8JSRYVXF,expedition,2026-08-19 09:09:24.355690,14.718825,-17.470474,Laboratoire Historique,fabricant,Dakar,normal
45eabd59c11848bfae1a0647f16e32f6,NP4T2FRXXHKP,expedition,2026-08-19 09:09:38.335582,14.718136,-17.46995,Laboratoire Historique,fabricant,Dakar,normal
26a2eddb3aab46c49af72f38152b73ca,4ME7JYNWSJKP,expedition,2026-08-19 09:09:44.594621,14.717213,-17.469658,Laboratoire Historique,fabricant,Dakar,normal
4d4df72bfc37431595698bfe118d8d28,BCX8MKG7MFEU,expedition,2026-08-19 09:09:57.906252,14.719243,-17.46891,Laboratoire Historique,fabricant,Dakar,normal
185d1eb6b62448488c1d3716e4b0e1c2,NE73FPGFGGP7,expedition,2026-08-19 09:10:08.827839,14.718501,-17.470173,Laboratoire Historique,fabricant,Dakar,normal
dfdcb79782db4b3cb2ffbf9aa79ad985,QWZ94REGNFTQ,expedition,2026-08-19 09:10:22.654841,14.717719,-17.469525,Laboratoire Historique,fabricant,Dakar,normal
cc465f6b821947019f6e885f1b371208,SJ5NKTXPTR5M,expedition,2026-08-19 09:10:33.832432,14.718576,-17.46882,Laboratoire Historique,fabricant,Dakar,normal
a7936e3979eb45e891494c33f341d649,6TGCW3753Y9G,expedition,2026-08-19 09:10:45.979037,14.717436,-17.468887,Laboratoire Historique,fabricant,Dakar,normal
fa552db753924ebd8224ff980cd741cc,ZQNGYNBRAEAG,expedition,2026-08-19 09:10:53.768266,14.719134,-17.469521,Laboratoire Historique,fabricant,Dakar,normal
fee4d5c5e62f4e85b3542a420ebb6501,A75HH38RXSBB,expedition,2026-08-19 09:11:07.193941,14.717329,-17.468946,Laboratoire Historique,fabricant,Dakar,normal
7bfe7640159f4430ae26e4f970ca035f,N4XNK6KXCKVS,expedition,2026-08-19 09:11:21.287857,14.71883,-17.471499,Laboratoire Historique,fabricant,Dakar,normal
c7a5ef5c84354513a03e99b8caa4a939,69MHEFFRU6WA,expedition,2026-08-19 09:11:35.823777,14.716575,-17.470956,Laboratoire Historique,fabricant,Dakar,normal
0434843b8f624fd3b59df1e147a01a98,2CY4X64RY78V,expedition,2026-08-19 09:11:48.079804,14.717462,-17.468605,Laboratoire Historique,fabricant,Dakar,normal
48a1cd4ee66d47b6880d07b45908fa73,8U3PQNC3CD39,expedition,2026-08-19 09:11:59.319555,14.716635,-17.469954,Laboratoire Historique,fabricant,Dakar,normal
e01361180a7240ee89f0b97fc339a856,USRBJTYB6AJH,expedition,2026-08-19 09:12:11.887569,14.71837,-17.471059,Laboratoire Historique,fabricant,Dakar,normal
adbb29b9b4c04550ab44ed2a92af5072,WDKXWFX7EWBM,reception,2026-08-19 09:29:00,14.702561,-17.413461,Officine off.dakar2,officine,Dakar,reutilisationIdentifiant
e0e635d841e943e0862d4bc9ffc44515,4EWQ7FU933CB,reception,2026-08-19 10:58:17.542924,13.75536,-13.672785,Officine off.tamba1,officine,Tambacounda,normal
41e4ae91b5af4c17945da9d3fda4afe7,5Z55759V69U2,reception,2026-08-19 10:58:30.764409,13.754479,-13.67444,Officine off.tamba1,officine,Tambacounda,normal
a188a942618a4785be272b0791ddc345,3WTBYEGMSQ4P,reception,2026-08-19 10:58:42.196961,13.75334,-13.672994,Officine off.tamba1,officine,Tambacounda,normal
44b0ca4627e6458190897da4aed129ec,TUS4V8PTA9DK,reception,2026-08-19 10:58:51.824717,13.755259,-13.674598,Officine off.tamba1,officine,Tambacounda,normal
fe28f3a7c20e48c4baecaf7a553ad7b9,CUKPF33FSAK2,reception,2026-08-19 10:59:01.679667,13.755244,-13.672405,Officine off.tamba1,officine,Tambacounda,normal
8bb6c49be8f8422c886623412e7388eb,B8HUC2BZRXKT,reception,2026-08-19 10:59:09.703734,13.754834,-13.674833,Officine off.tamba1,officine,Tambacounda,normal
0613b00e3ee041fe9e61e419104f3149,286E9KNNCGBD,reception,2026-08-19 10:59:18.328206,13.754266,-13.674866,Officine off.tamba1,officine,Tambacounda,normal
a9bdf48e7fe04f00941159b90b0a5b4a,4ECCWSRYNWSK,expedition,2026-08-19 12:25:35.859795,14.684204,-16.244373,SR Diourbel,SR,Diourbel,normal
9121f90277114dbea7370413bf05b28d,9E8ATHU7RAPM,expedition,2026-08-19 12:25:46.486639,14.68282,-16.244057,SR Diourbel,SR,Diourbel,normal
16e9fb2b91f34ee28be580653c49f45e,6V4547V3MKR7,expedition,2026-08-19 12:25:53.197030,14.682993,-16.244034,SR Diourbel,SR,Diourbel,normal
7b0b4e8034444504bf04982f9d713437,6C4AD8X4FC95,expedition,2026-08-19 12:26:06.943894,14.68403,-16.243931,SR Diourbel,SR,Diourbel,normal
1eabeee95a4f4c568b7d9d2fc3776062,N97RZSJVTU84,expedition,2026-08-19 12:26:16.345405,14.683672,-16.244709,SR Diourbel,SR,Diourbel,normal
b2785978e8e24a6c9473189387b68573,5HG9H6AQ5NE7,expedition,2026-08-19 12:26:22.898013,14.685247,-16.243026,SR Diourbel,SR,Diourbel,normal
aefe0d73bf904dc2884da56702cd2650,SPASVE526HYQ,expedition,2026-08-19 12:26:30.260849,14.684162,-16.243908,SR Diourbel,SR,Diourbel,normal
0417606461e14328becbd5990aca43f6,KDUP9R9JG2QX,expedition,2026-08-19 12:26:44.713039,14.683788,-16.242043,SR Diourbel,SR,Diourbel,normal
eb755b8920974821b210d95603667d06,TDBQG7ZHSGHZ,reception,2026-08-19 12:30:08.411645,15.608076,-16.252417,Officine off.louga1,officine,Louga,normal
9ed9154141a34a7f946c9faba5fde6d7,BHPYHZGMUY35,reception,2026-08-19 12:30:22.519243,15.609334,-16.250677,Officine off.louga1,officine,Louga,normal
1ff64e2dbebb4e349ef0d0a940595a0d,K2VK3BXHNPGE,reception,2026-08-19 12:30:28.807962,15.609202,-16.252243,Officine off.louga1,officine,Louga,normal
285f11d856a3445693424a77e3ec9925,VMHSDCBBA7HE,expedition,2026-08-19 13:39:23.901719,14.666714,-17.462905,SR Dakar,SR,Dakar,normal
3c08a3fc311748c4a438c9cdd9beb40f,JCKV2XT82WZF,reception,2026-08-19 15:16:25.724162,14.761065,-16.916517,SR Thies,SR,Thies,normal
1ae4c766edef439897623ac2fc27acdf,XEETM8TVSYA9,reception,2026-08-19 15:16:37.442328,14.761594,-16.914967,SR Thies,SR,Thies,normal
b3f51777b9df4cc89cf29f7aa568a91a,KENQGYK4U4FX,reception,2026-08-19 15:16:48.986577,14.763424,-16.916806,SR Thies,SR,Thies,normal
e842fab5ef1a4aa7bf8f9088b946ed3a,2KWM6VE3GP2Y,reception,2026-08-19 15:16:55.875848,14.763017,-16.916668,SR Thies,SR,Thies,normal
01fa88254aea4b2fa0c4cb30ab7cf277,6MXYGUMDBDU8,reception,2026-08-19 15:17:02.852235,14.762924,-16.915833,SR Thies,SR,Thies,normal
2816fb5aecdb4861a2b9fad2e0e43dd2,AX58CJM4RN7X,reception,2026-08-19 15:17:08.892860,14.762118,-16.913955,SR Thies,SR,Thies,normal
323076e2de5a488dbc601f235f644956,DJQPU6GUZCGP,reception,2026-08-19 15:17:16.564475,14.761587,-16.914052,SR Thies,SR,Thies,normal
9a6df23913464681a003c128825890f8,YD6R9S747UBT,reception,2026-08-19 15:17:22.986032,14.761297,-16.914872,SR Thies,SR,Thies,normal
f31b9501452f43d59e2d735844ba3315,K6B2QAA6WFP7,reception,2026-08-19 15:17:31.957180,14.761291,-16.915068,SR Thies,SR,Thies,normal
a25ea95277dd41b388464540a6d12524,4RW97FMKCSGD,reception,2026-08-19 15:17:40.804005,14.763557,-16.915478,SR Thies,SR,Thies,normal
df13fafaf7c44d758421938f2de381f3,VGUJWJM6THKC,expedition,2026-08-19 15:54:33.736951,14.667558,-17.462982,SR Dakar,SR,Dakar,normal
8c7e4be8d5574a089acc5e66de609492,J8E7YQBYRAQH,expedition,2026-08-19 15:54:42.620411,14.668175,-17.462539,SR Dakar,SR,Dakar,normal
d03f8ae99ff64cb29b07925f372e1fea,JDAG4KB5PS2F,reception,2026-08-19 16:22:33.147225,14.699123,-17.466749,Officine off.dakar3,officine,Dakar,normal
db269b67fa9f43309092a7498bcddff6,JPCMUPS7TVPH,reception,2026-08-19 16:22:42.283215,14.699035,-17.46558,Officine off.dakar3,officine,Dakar,normal
e470c8ba9adb48569ccdc99c11154bbd,BQ6P6DXF7SCH,reception,2026-08-19 16:22:51.452384,14.699427,-17.465941,Officine off.dakar3,officine,Dakar,normal
28b8eb2b1a7b4852a4434e46adcbb073,MFMXM5E8DPPX,dispensation,2026-08-19 17:43:38.354862,15.609817,-16.253427,Officine off.louga1,officine,Louga,normal
5eeb1d5f599c45d09ff86b07769af3da,FJ3SAD4PY88U,reception,2026-08-20 08:05:00,16.007392,-16.516806,Officine off.saintlouis1,officine,Saint-Louis,normal
5f38de3866834f5d86afb807a2f5708e,MZU547A2P5PT,reception,2026-08-20 08:05:13.579226,16.007238,-16.515968,Officine off.saintlouis1,officine,Saint-Louis,normal
4149f5bb442047d0a42ea36b152664f7,QK28VPN6TE7P,dispensation,2026-08-20 08:32:00,14.813139,-16.925086,Officine off.thies2,officine,Thies,normal
a55f2eee91924f28ac6d9471ce8600fd,4ECCWSRYNWSK,reception,2026-08-20 08:34:00,14.682593,-16.255275,Officine off.diourbel1,officine,Diourbel,normal
606f26e1bf20480c8f3d8b1a650f7e8e,9E8ATHU7RAPM,reception,2026-08-20 08:34:14.747968,14.683208,-16.255166,Officine off.diourbel1,officine,Diourbel,normal
6aa919de4f4c4b85b8ae42d25417c0b8,6V4547V3MKR7,reception,2026-08-20 08:34:21.191912,14.683114,-16.256825,Officine off.diourbel1,officine,Diourbel,normal
a6e90d7c65044c1a8fe12f5b10b0351f,6C4AD8X4FC95,reception,2026-08-20 08:34:30.774326,14.683407,-16.257864,Officine off.diourbel1,officine,Diourbel,normal
f197042ae5cd40e1949e760e2cf0e091,N97RZSJVTU84,reception,2026-08-20 08:34:44.182030,14.682014,-16.257434,Officine off.diourbel1,officine,Diourbel,normal
0ede00bbb1f24b26b2a40f8b0ddc0fd1,5HG9H6AQ5NE7,reception,2026-08-20 08:34:51.809005,14.682276,-16.256519,Officine off.diourbel1,officine,Diourbel,normal
2568cc93a75b4bd4a0f80bf8a0700c87,SPASVE526HYQ,reception,2026-08-20 08:35:01.070865,14.681248,-16.257369,Officine off.diourbel1,officine,Diourbel,normal
852f60885d404436a86260259af78f31,KDUP9R9JG2QX,reception,2026-08-20 08:35:07.992364,14.682874,-16.257015,Officine off.diourbel1,officine,Diourbel,normal
52ffc9e9cd4749ac92523a688494ebc8,ZD7EDJPFG7D9,dispensation,2026-08-20 08:45:00,14.700894,-17.439585,Officine off.dakar1,officine,Dakar,normal
b3852ba6064349498222beda5730eecd,JCKV2XT82WZF,expedition,2026-08-20 08:53:00,14.763117,-16.916492,SR Thies,SR,Thies,normal
cb6e9fb4fef0466996754cb9f553c7d1,XEETM8TVSYA9,expedition,2026-08-20 08:53:13.649717,14.761377,-16.91647,SR Thies,SR,Thies,normal
c9ced25df66944dd9c365f55629f4ab4,KENQGYK4U4FX,expedition,2026-08-20 08:53:28.216569,14.762972,-16.91503,SR Thies,SR,Thies,normal
eed1907930a64b11be74731a914ba67d,2KWM6VE3GP2Y,expedition,2026-08-20 08:53:37.083188,14.762841,-16.913904,SR Thies,SR,Thies,normal
b7f5f954d42348598536aefa4c9b6e54,GCP8KRD6XZE2,dispensation,2026-08-20 08:53:43.761571,14.161772,-16.062639,Officine off.kaolack2,officine,Kaolack,normal
64d409f28507425fa049bfccff32bca2,6MXYGUMDBDU8,expedition,2026-08-20 08:53:47.367544,14.76181,-16.914216,SR Thies,SR,Thies,normal
175fce576f3549348fa4b1b86ed52a73,VGUJWJM6THKC,reception,2026-08-20 09:03:00,14.702644,-17.439198,Officine off.dakar1,officine,Dakar,normal
32345ac975824992ad78cfd5ccff23e9,J8E7YQBYRAQH,reception,2026-08-20 09:03:09.385160,14.702274,-17.438228,Officine off.dakar1,officine,Dakar,normal
328e8da96f344fa3a2f94f41bbd5f9cb,4VJTBSYM26Q4,dispensation,2026-08-20 09:04:00,14.682159,-16.255258,Officine off.diourbel1,officine,Diourbel,normal
c7551657661f43f8a045aa5b1f42db2f,WPJ3NUS782YR,reception,2026-08-20 09:13:00,14.152642,-16.04369,SR Kaolack,SR,Kaolack,normal
61f40c1e58b740448d83943fa093ece7,JK3NSAXWVWCX,reception,2026-08-20 09:13:09.169689,14.151892,-16.044126,SR Kaolack,SR,Kaolack,normal
07a5256d7454478ca84f7c7fbf0f5773,KTCNHTHXV68P,reception,2026-08-20 09:13:21.368510,14.151037,-16.042388,SR Kaolack,SR,Kaolack,normal
a86d6dc5aa0b4482852bae4f38c38da7,RHYZMFRAWCRT,reception,2026-08-20 09:13:30.819425,14.153626,-16.043419,SR Kaolack,SR,Kaolack,normal
5a2d1835c8ab479dad575e0bd1805133,39EUZMS9HYZJ,reception,2026-08-20 09:13:40.154493,14.153884,-16.043546,SR Kaolack,SR,Kaolack,normal
06aa21e6b51e4f739ec9d5d68272d23b,MWZAPA4A3VB3,reception,2026-08-20 09:13:53.661929,14.152548,-16.042911,SR Kaolack,SR,Kaolack,normal
de41881230ec40b5bb9c339f7a68d49a,4V52QQJYAEMG,reception,2026-08-20 09:14:06.855539,14.15329,-16.04392,SR Kaolack,SR,Kaolack,normal
7867c0594144485c85dabc45bf379ae3,8VP99FYXQWUY,reception,2026-08-20 09:14:15.870598,14.151867,-16.043569,SR Kaolack,SR,Kaolack,normal
e422cc26746f40fc9966d8d2163862a0,9HP7ZAFNCXZP,reception,2026-08-20 09:14:27.965014,14.151191,-16.043614,SR Kaolack,SR,Kaolack,normal
1154ffb0363e46788e17b50727445855,FK6PYUJK9JRV,reception,2026-08-20 09:37:49.643058,14.159138,-16.101276,Grossiste Kaolack,grossisteRepartiteur,Kaolack,normal
5cbf667865874db1875569da2b530d3a,DKGZU5XFS4WT,reception,2026-08-20 09:38:02.643695,14.156922,-16.101367,Grossiste Kaolack,grossisteRepartiteur,Kaolack,normal
3f9f7eaba89b4f608288cd3cfdf694a5,JPB88ZGSDRYN,reception,2026-08-20 09:38:13.883713,14.156976,-16.101265,Grossiste Kaolack,grossisteRepartiteur,Kaolack,normal
a9f85c1cb33f49fc9d71166ee06cb5ab,XC6G7QSDMZ8M,reception,2026-08-20 09:38:25.497355,14.15755,-16.098867,Grossiste Kaolack,grossisteRepartiteur,Kaolack,normal
fc6e5a5bfd704f819725e4a8dac86cc3,FQ2ZN558YJYH,reception,2026-08-20 09:38:38.243931,14.157256,-16.100908,Grossiste Kaolack,grossisteRepartiteur,Kaolack,normal
7436f3c4d62949c397ffdb3158c97637,CBXRXUGDQ3ZT,reception,2026-08-20 09:38:44.520185,14.157639,-16.099033,Grossiste Kaolack,grossisteRepartiteur,Kaolack,normal
f2baadcc12ba41ec926a2aef14c97cdd,AAHU46NYG6AN,reception,2026-08-20 09:38:55.290174,14.158716,-16.101601,Grossiste Kaolack,grossisteRepartiteur,Kaolack,normal
5c7c5ab302e941d29ee7883fa24aa0bb,K6DXWHVVDFEV,reception,2026-08-20 09:39:06.401457,14.156461,-16.09873,Grossiste Kaolack,grossisteRepartiteur,Kaolack,normal
e6afc0643ac84e71a5e6145d84108df9,A56ZGMEFFVJP,reception,2026-08-20 09:39:19.525207,14.158964,-16.101217,Grossiste Kaolack,grossisteRepartiteur,Kaolack,normal
592a0c63212c48f9851dd3aa4c381156,5D8ZFXDSJ6Z5,reception,2026-08-20 09:39:26.625948,14.157639,-16.098982,Grossiste Kaolack,grossisteRepartiteur,Kaolack,normal
66c8fb88fc8446a3a16322643d7612c3,SCHGD66Z74FN,reception,2026-08-20 09:39:36.627055,14.159007,-16.098935,Grossiste Kaolack,grossisteRepartiteur,Kaolack,normal
98e02d6e5dc342d285effc456f150664,MPHA53ZZYVCD,reception,2026-08-20 09:39:47.414021,14.15826,-16.099356,Grossiste Kaolack,grossisteRepartiteur,Kaolack,normal
a460da1cd6b54b538a80741f42d53721,FXNTE6RTZ4WZ,reception,2026-08-20 09:40:00.408610,14.156688,-16.1008,Grossiste Kaolack,grossisteRepartiteur,Kaolack,normal
0b02a57840864fc08468c00f4158552c,PGJGW57WVC9W,reception,2026-08-20 09:40:14.386829,14.159036,-16.100337,Grossiste Kaolack,grossisteRepartiteur,Kaolack,normal
379f5bc21cb943c2b09d0761a569a63e,69FQ56EMGJ64,reception,2026-08-20 09:40:25.979480,14.156545,-16.09899,Grossiste Kaolack,grossisteRepartiteur,Kaolack,normal
3c229cb38b654914a0e744504c472029,G2VXEEB7AQPJ,reception,2026-08-20 09:40:36.847915,14.157498,-16.099069,Grossiste Kaolack,grossisteRepartiteur,Kaolack,normal
53833da2d2f84409be77121be51c0f8c,3AUJ5MVCSBNT,reception,2026-08-20 09:40:47.202981,14.156364,-16.101096,Grossiste Kaolack,grossisteRepartiteur,Kaolack,normal
4fc8b334b76f4a1b94c7479fcfe3745b,TY7NPAGKY2RY,reception,2026-08-20 09:40:56.110178,14.156393,-16.101719,Grossiste Kaolack,grossisteRepartiteur,Kaolack,normal
1749e82420bf489fbab73dc37ec4dcf4,EZZB25UAPR4E,reception,2026-08-20 09:41:04.408504,14.158736,-16.100531,Grossiste Kaolack,grossisteRepartiteur,Kaolack,normal
38bbb4231af447beacc7c3bcb36a99a5,F5UK8RKRZNRM,reception,2026-08-20 09:41:17.475547,14.157809,-16.101178,Grossiste Kaolack,grossisteRepartiteur,Kaolack,normal
1688c29434794ec88fe7aea808b0357d,DT8CZCNKC64G,reception,2026-08-20 09:41:25.480454,14.157721,-16.100635,Grossiste Kaolack,grossisteRepartiteur,Kaolack,normal
5e687a56a8ab41369d49aa914733f494,KH3Z8JMT44Q4,reception,2026-08-20 09:41:32.715941,14.157709,-16.101565,Grossiste Kaolack,grossisteRepartiteur,Kaolack,normal
c6e5020d1bf9481da09f5dbb50695cad,6R9TSUZQ8A6Q,reception,2026-08-20 09:41:39.946090,14.157047,-16.100938,Grossiste Kaolack,grossisteRepartiteur,Kaolack,normal
9b8b10c773ac448191b3b50190c1f95e,NTD9925GBJTG,reception,2026-08-20 09:41:53.042623,14.157452,-16.099449,Grossiste Kaolack,grossisteRepartiteur,Kaolack,normal
f6b15b3d393a4adf861a265560843b3f,3AW6VGBSAGTC,reception,2026-08-20 09:42:00.723884,14.158302,-16.098959,Grossiste Kaolack,grossisteRepartiteur,Kaolack,normal
848b22a2eb474a3e90418444cbae1c6e,F45JHKJ63RT4,reception,2026-08-20 09:42:11.734327,14.159059,-16.099384,Grossiste Kaolack,grossisteRepartiteur,Kaolack,normal
b153ec8564a84eb583e8e41f74c1b2f2,GSYBEMBDQUV2,reception,2026-08-20 09:42:18.646268,14.157723,-16.100066,Grossiste Kaolack,grossisteRepartiteur,Kaolack,normal
40133c1c81e34a0687aa68778ee0d9db,QT2T3RFK5QDB,reception,2026-08-20 09:42:30.095976,14.158057,-16.100651,Grossiste Kaolack,grossisteRepartiteur,Kaolack,normal
0c1b71b6246d4c76becb43bf2aed2607,8PAEDSPY2SRE,reception,2026-08-20 09:42:44.601430,14.158068,-16.101461,Grossiste Kaolack,grossisteRepartiteur,Kaolack,normal
f988f1fa34bf4863a58884190d24e9a0,EBFYMF8K5BBU,reception,2026-08-20 09:42:59.095832,14.158304,-16.101629,Grossiste Kaolack,grossisteRepartiteur,Kaolack,normal
10aa79d5cf6d4c03a7eea5fec4345fe6,9F29DDHDVAWR,reception,2026-08-20 09:43:14.026063,14.158787,-16.100517,Grossiste Kaolack,grossisteRepartiteur,Kaolack,normal
5c9001dd0fa34dc19e45518a3ec4f058,KKXR72TGQBPK,reception,2026-08-20 09:43:21.697883,14.156184,-16.099775,Grossiste Kaolack,grossisteRepartiteur,Kaolack,normal
de5bb61982e64e3990cf2c42eee7e4f9,DGENCGRP4GHW,reception,2026-08-20 09:43:31.134929,14.156697,-16.099634,Grossiste Kaolack,grossisteRepartiteur,Kaolack,normal
103119e200c845a1b03296ba7157f19b,WNGDAVW6NNSP,reception,2026-08-20 09:43:43.359590,14.156156,-16.101411,Grossiste Kaolack,grossisteRepartiteur,Kaolack,normal
acea167722684731ab7684ed9c7f8b93,QXE8EPH9QFHC,reception,2026-08-20 09:43:55.791703,14.157552,-16.101457,Grossiste Kaolack,grossisteRepartiteur,Kaolack,normal
3a759306ab7649a69875b301a5542393,CUXZ8JSRYVXF,reception,2026-08-20 09:44:06.777664,14.158446,-16.100016,Grossiste Kaolack,grossisteRepartiteur,Kaolack,normal
ccf502fcd26740508660d54c8c9d99fa,NP4T2FRXXHKP,reception,2026-08-20 09:44:17.432112,14.157393,-16.100927,Grossiste Kaolack,grossisteRepartiteur,Kaolack,normal
f6269c5333f140bc96486834bd90128e,4ME7JYNWSJKP,reception,2026-08-20 09:44:27.444724,14.157612,-16.099036,Grossiste Kaolack,grossisteRepartiteur,Kaolack,normal
d1cd7c016be64f18a31a3fcf2474c3df,BCX8MKG7MFEU,reception,2026-08-20 09:44:36.215553,14.156174,-16.09995,Grossiste Kaolack,grossisteRepartiteur,Kaolack,normal
83325f5c7a2847aa90936428a0b77f70,NE73FPGFGGP7,reception,2026-08-20 09:44:45.530355,14.156303,-16.100756,Grossiste Kaolack,grossisteRepartiteur,Kaolack,normal
f7a65a84fd2d42ac906ce2f2540371a6,QWZ94REGNFTQ,reception,2026-08-20 09:44:54.793079,14.157697,-16.099242,Grossiste Kaolack,grossisteRepartiteur,Kaolack,normal
5bf51f08246e440e81cf930259d45e73,SJ5NKTXPTR5M,reception,2026-08-20 09:45:03.165309,14.156687,-16.101067,Grossiste Kaolack,grossisteRepartiteur,Kaolack,normal
2294edb402ac48e7a7689692b55fd380,6TGCW3753Y9G,reception,2026-08-20 09:45:14.029761,14.156798,-16.099042,Grossiste Kaolack,grossisteRepartiteur,Kaolack,normal
b00ff2226e87425db3283f9d9cd2af8a,ZQNGYNBRAEAG,reception,2026-08-20 09:45:28.582092,14.156905,-16.100502,Grossiste Kaolack,grossisteRepartiteur,Kaolack,normal
5008c02df54d4215884e1921f0faf030,A75HH38RXSBB,reception,2026-08-20 09:45:40.612430,14.157389,-16.100283,Grossiste Kaolack,grossisteRepartiteur,Kaolack,normal
b807c5469d134241ad8263bfb2e206f8,N4XNK6KXCKVS,reception,2026-08-20 09:45:52.415503,14.1585,-16.099406,Grossiste Kaolack,grossisteRepartiteur,Kaolack,normal
75b4b403e4694c34a6955e729d86930e,69MHEFFRU6WA,reception,2026-08-20 09:46:03.909320,14.158436,-16.098764,Grossiste Kaolack,grossisteRepartiteur,Kaolack,normal
12e5cc6d463d47eea005d6ac253cd739,2CY4X64RY78V,reception,2026-08-20 09:46:14.594556,14.158525,-16.100278,Grossiste Kaolack,grossisteRepartiteur,Kaolack,normal
7f61ab3efa8b40e583b831b758eb0b91,8U3PQNC3CD39,reception,2026-08-20 09:46:27.225932,14.156663,-16.100288,Grossiste Kaolack,grossisteRepartiteur,Kaolack,normal
43dc0a428662449aa1691cd47817d9f9,USRBJTYB6AJH,reception,2026-08-20 09:46:36.088766,14.158275,-16.099638,Grossiste Kaolack,grossisteRepartiteur,Kaolack,normal
5a1f1910542a49058f1c97793bad0a7c,W5GSC636YVCP,dispensation,2026-08-20 10:28:50.865121,15.610324,-16.251621,Officine off.louga1,officine,Louga,normal
4a7e11c25c874fc6a428030658986353,VMHSDCBBA7HE,reception,2026-08-20 12:43:55.904877,14.702013,-17.413882,Officine off.dakar2,officine,Dakar,normal
c4173162ff6a4948904a23b8237c3586,RR9SA29R469K,dispensation,2026-08-20 13:47:28.185738,15.60895,-16.251102,Officine off.louga1,officine,Louga,normal
19e4c7cf09474dc29ceb2cee32b8c357,AX58CJM4RN7X,expedition,2026-08-20 16:10:22.434871,14.761473,-16.91434,SR Thies,SR,Thies,normal
89a470fd05a746c4ad1c9e38a0d2f76c,DJQPU6GUZCGP,expedition,2026-08-20 16:10:31.854522,14.762589,-16.914368,SR Thies,SR,Thies,normal
401596167b22486ab1966e1c873266d2,YD6R9S747UBT,expedition,2026-08-20 16:10:37.907293,14.763488,-16.916549,SR Thies,SR,Thies,normal
6af54559bbc44d4294349146448fda3b,K6B2QAA6WFP7,expedition,2026-08-20 16:10:46.351009,14.760954,-16.915453,SR Thies,SR,Thies,normal
e7258b206a38428199f59c5dae3fcf7a,4RW97FMKCSGD,expedition,2026-08-20 16:10:56.462215,14.76337,-16.915201,SR Thies,SR,Thies,normal
b7e0b81415314f669c9cdaef0c130d64,FQ2ZN558YJYH,expedition,2026-08-21 08:04:00,14.158478,-16.099621,Grossiste Kaolack,grossisteRepartiteur,Kaolack,normal
c6b08315987f48a58ea5f295ce2b0922,A56ZGMEFFVJP,expedition,2026-08-21 08:04:11.260808,14.1577,-16.101594,Grossiste Kaolack,grossisteRepartiteur,Kaolack,normal
24f8a3621806400d935d0ae20b715976,FXNTE6RTZ4WZ,expedition,2026-08-21 08:04:19.666144,14.157848,-16.101037,Grossiste Kaolack,grossisteRepartiteur,Kaolack,normal
f61008fdb581479a9b9fe5d0899856cc,3AUJ5MVCSBNT,expedition,2026-08-21 08:04:29.623976,14.158963,-16.098761,Grossiste Kaolack,grossisteRepartiteur,Kaolack,normal
27db9629fb5949bfac22a8d354657f59,EZZB25UAPR4E,expedition,2026-08-21 08:04:37.990794,14.158741,-16.101643,Grossiste Kaolack,grossisteRepartiteur,Kaolack,normal
442d3fb051254771bccaff96c247dbe1,F5UK8RKRZNRM,expedition,2026-08-21 08:04:46.112134,14.159005,-16.099976,Grossiste Kaolack,grossisteRepartiteur,Kaolack,normal
9232a537db6c4350a0c72a5f54e338ea,NTD9925GBJTG,expedition,2026-08-21 08:04:57.615434,14.156747,-16.098747,Grossiste Kaolack,grossisteRepartiteur,Kaolack,normal
42bbcf1b8ab64f3f92db44ff639111dc,NE73FPGFGGP7,expedition,2026-08-21 08:05:05.916767,14.156752,-16.101504,Grossiste Kaolack,grossisteRepartiteur,Kaolack,normal
ee730cbe866b4dfdbd46a7b839bd52ff,8U3PQNC3CD39,expedition,2026-08-21 08:05:13.846531,14.1578,-16.100091,Grossiste Kaolack,grossisteRepartiteur,Kaolack,normal
bc806944e2004a399383748284d60949,DKGZU5XFS4WT,expedition,2026-08-21 08:15:00,14.157291,-16.101148,Grossiste Kaolack,grossisteRepartiteur,Kaolack,normal
e0bb1cf72d7e4c2285eb351af85de279,MPHA53ZZYVCD,expedition,2026-08-21 08:15:07.045618,14.156807,-16.101334,Grossiste Kaolack,grossisteRepartiteur,Kaolack,normal
929ec70fd8ba428f8835944c0ebb8daa,8VP99FYXQWUY,expedition,2026-08-21 08:24:00,14.151008,-16.044769,SR Kaolack,SR,Kaolack,normal
6eed90ca9945434a9b3166821a7d9bba,9HP7ZAFNCXZP,expedition,2026-08-21 08:24:14.321673,14.152568,-16.043702,SR Kaolack,SR,Kaolack,normal
1221696a1f154aef9b1c2790d67eee0b,CBXRXUGDQ3ZT,expedition,2026-08-21 08:35:00,14.15898,-16.10127,Grossiste Kaolack,grossisteRepartiteur,Kaolack,normal
f80abc19831145d6b64e8a6cef8eaf56,GSYBEMBDQUV2,expedition,2026-08-21 08:35:07.901222,14.15665,-16.09873,Grossiste Kaolack,grossisteRepartiteur,Kaolack,normal
1eab182a4a2442baa862b9c6def4b5e0,CUXZ8JSRYVXF,expedition,2026-08-21 08:35:17.324451,14.158808,-16.099767,Grossiste Kaolack,grossisteRepartiteur,Kaolack,normal
f4c96db62e324c219140ecdbf5c25d34,69MHEFFRU6WA,expedition,2026-08-21 08:35:23.846322,14.15802,-16.101078,Grossiste Kaolack,grossisteRepartiteur,Kaolack,normal
ed2891bf58a84889915606b91bc1086b,A75HH38RXSBB,expedition,2026-08-21 08:35:35.696216,14.15892,-16.099387,Grossiste Kaolack,grossisteRepartiteur,Kaolack,normal
f08f9d8824a54fa2b75c7d81ae46d31e,DBKDTYC2QTC3,dispensation,2026-08-21 08:52:06.359013,14.704032,-17.415067,Officine off.dakar2,officine,Dakar,normal
412532f4ec8e4bcb949e71c811bd1862,SCHGD66Z74FN,expedition,2026-08-21 08:56:00,14.156291,-16.099394,Grossiste Kaolack,grossisteRepartiteur,Kaolack,normal
c25b936318354e828be7397ca2f510c7,EBFYMF8K5BBU,expedition,2026-08-21 08:56:11.809806,14.158343,-16.101057,Grossiste Kaolack,grossisteRepartiteur,Kaolack,normal
f7743060b7264c0cafd198aa0c15b3c0,9F29DDHDVAWR,expedition,2026-08-21 08:56:24.743206,14.157708,-16.098882,Grossiste Kaolack,grossisteRepartiteur,Kaolack,normal
99e85e7b281f4a368d64a0bad4449c2e,DGENCGRP4GHW,expedition,2026-08-21 08:56:37.073287,14.15824,-16.10152,Grossiste Kaolack,grossisteRepartiteur,Kaolack,normal
299254decd7548a1906deaea39ddaf6e,USRBJTYB6AJH,expedition,2026-08-21 08:56:50.677104,14.1582,-16.099161,Grossiste Kaolack,grossisteRepartiteur,Kaolack,normal
96202fd24f7e46e8a973dcc1e6d47114,8PAEDSPY2SRE,expedition,2026-08-21 08:57:01.998349,14.157516,-16.100998,Grossiste Kaolack,grossisteRepartiteur,Kaolack,normal
6d7190f2aae74dc7b8fc6ca109b1ff6c,NP4T2FRXXHKP,expedition,2026-08-21 08:57:16.678624,14.1569,-16.100277,Grossiste Kaolack,grossisteRepartiteur,Kaolack,normal
c124f2a8f9854df4b0ba35b849df288a,5QWRX9BE7TZ2,expedition,2026-08-21 09:13:00,12.608156,-16.27019,SR Ziguinchor,SR,Ziguinchor,normal
7bd64aaca0b945d497b0b8fd1491d674,9PEMABMHYYQ6,expedition,2026-08-21 09:13:13.224427,12.608135,-16.27101,SR Ziguinchor,SR,Ziguinchor,normal
1d6c571da30c4924ad627843f03e88d2,GWBP6ZUCDDRF,expedition,2026-08-21 09:13:27.633002,12.606016,-16.269666,SR Ziguinchor,SR,Ziguinchor,normal
30dd4fe8420241448489d2d6615dfd77,QG967ADKKCP2,expedition,2026-08-21 09:13:36.426601,12.606865,-16.269511,SR Ziguinchor,SR,Ziguinchor,normal
cae4519b83f8471084926e1745039863,SXZ6VNJ2HGTZ,expedition,2026-08-21 09:13:43.562889,12.60582,-16.269635,SR Ziguinchor,SR,Ziguinchor,normal
7b10a6cc8cee48ce9ceeeb95a6bec564,CWSZTN59A97J,dispensation,2026-08-21 09:18:00,14.144654,-16.066201,Officine off.kaolack1,officine,Kaolack,normal
50ce8c7e0a7a48a592155da3c28d5276,JPCMUPS7TVPH,dispensation,2026-08-21 09:21:00,14.697846,-17.464091,Officine off.dakar3,officine,Dakar,normal
4eb5cf228cc941a994a4b8da21ccc758,JCKV2XT82WZF,reception,2026-08-21 09:23:00,14.80245,-16.925504,Officine off.thies1,officine,Thies,normal
d98a3dc23f9348f99e8560e668254f47,XEETM8TVSYA9,reception,2026-08-21 09:23:13.176550,14.80184,-16.924157,Officine off.thies1,officine,Thies,normal
662c79ec6795472d922bac69f7af03e1,KENQGYK4U4FX,reception,2026-08-21 09:23:22.866208,14.801432,-16.924937,Officine off.thies1,officine,Thies,normal
47991188c787438783816afe9db718bd,2KWM6VE3GP2Y,reception,2026-08-21 09:23:37.448916,14.801079,-16.925657,Officine off.thies1,officine,Thies,normal
db2858445db54f49a4d07e32baabf0d3,6MXYGUMDBDU8,reception,2026-08-21 09:23:46.939010,14.80377,-16.924936,Officine off.thies1,officine,Thies,normal
d93bcf49e2e84d4bb9a75175fbc53f5a,AX58CJM4RN7X,reception,2026-08-21 09:27:00,14.811592,-16.924174,Officine off.thies2,officine,Thies,normal
4508252034224b03a0f9e5d8df7feaf8,DJQPU6GUZCGP,reception,2026-08-21 09:27:12.736107,14.81295,-16.925989,Officine off.thies2,officine,Thies,normal
a5affdcc9d1043e2a74f51fedccec5dc,YD6R9S747UBT,reception,2026-08-21 09:27:22.028958,14.811105,-16.924761,Officine off.thies2,officine,Thies,normal
133278ad4b8c4c20b8cab622b7a0bfec,K6B2QAA6WFP7,reception,2026-08-21 09:27:30.484692,14.810953,-16.925885,Officine off.thies2,officine,Thies,normal
eb14bb338a5e480286f34d12ef277ad5,4RW97FMKCSGD,reception,2026-08-21 09:27:40.736370,14.812622,-16.925493,Officine off.thies2,officine,Thies,normal
00b26e01910d490fb13155e72a7a35db,XC6G7QSDMZ8M,expedition,2026-08-21 15:46:42.259250,14.157792,-16.099759,Grossiste Kaolack,grossisteRepartiteur,Kaolack,normal
e9827aaf94c94f8ea909c518aadbc659,AAHU46NYG6AN,expedition,2026-08-21 15:46:56.739825,14.157151,-16.100723,Grossiste Kaolack,grossisteRepartiteur,Kaolack,normal
72b2853c75c54bc49dc8f33609d9e2f0,5D8ZFXDSJ6Z5,expedition,2026-08-21 15:47:05.503017,14.156992,-16.101046,Grossiste Kaolack,grossisteRepartiteur,Kaolack,normal
be50e27de7d24482b3cf5fff43d8301b,6R9TSUZQ8A6Q,expedition,2026-08-21 15:47:13.508351,14.156817,-16.099214,Grossiste Kaolack,grossisteRepartiteur,Kaolack,normal
ae88c0a873c9428b90f9332071159913,QWZ94REGNFTQ,expedition,2026-08-21 15:47:28.218281,14.157987,-16.099721,Grossiste Kaolack,grossisteRepartiteur,Kaolack,normal
3e3060aef8924a5196d366f6c380fdd7,FK6PYUJK9JRV,expedition,2026-08-21 16:48:53.455058,14.158275,-16.100364,Grossiste Kaolack,grossisteRepartiteur,Kaolack,normal
3fbd3960c82a444b8c77c7501f1ed974,69FQ56EMGJ64,expedition,2026-08-21 16:49:06.782908,14.156558,-16.099429,Grossiste Kaolack,grossisteRepartiteur,Kaolack,normal
1a66bb7831e74eecbf8b76403cab7231,DT8CZCNKC64G,expedition,2026-08-21 16:49:18.245551,14.158696,-16.100516,Grossiste Kaolack,grossisteRepartiteur,Kaolack,normal
ef000ae4bf9044a383c1a0efd51d7199,3AW6VGBSAGTC,expedition,2026-08-21 16:49:31.666913,14.15874,-16.101477,Grossiste Kaolack,grossisteRepartiteur,Kaolack,normal
234ff74782434a8c9b73b74714115f08,BCX8MKG7MFEU,expedition,2026-08-21 16:49:41.860635,14.156924,-16.100103,Grossiste Kaolack,grossisteRepartiteur,Kaolack,normal
1bdcffcbe943449ca7189c00149e353c,6TGCW3753Y9G,expedition,2026-08-21 16:49:53.787815,14.157044,-16.098862,Grossiste Kaolack,grossisteRepartiteur,Kaolack,normal
7eeb679881d24f78ac12ced30fa137e6,N4XNK6KXCKVS,expedition,2026-08-21 16:50:04.014877,14.15884,-16.100374,Grossiste Kaolack,grossisteRepartiteur,Kaolack,normal
a1fe9068424e43f6858c59bde1e7bb2d,K6DXWHVVDFEV,expedition,2026-08-21 16:50:11.233025,14.157675,-16.099474,Grossiste Kaolack,grossisteRepartiteur,Kaolack,normal
9de038da5eb44f799eb79379a5aa01bf,F45JHKJ63RT4,expedition,2026-08-21 16:50:23.039129,14.158654,-16.098725,Grossiste Kaolack,grossisteRepartiteur,Kaolack,normal
4da5e317f777466090b0719f99fe586d,2CY4X64RY78V,expedition,2026-08-21 16:50:37.948042,14.15833,-16.099456,Grossiste Kaolack,grossisteRepartiteur,Kaolack,normal
11288dfb14924958a1c2e4d72e691593,SCHGD66Z74FN,reception,2026-08-21 17:29:06.541273,14.151412,-16.043527,SR Kaolack,SR,Kaolack,normal
f8edf851e3e74b42a7d1698e115d3b17,EBFYMF8K5BBU,reception,2026-08-21 17:29:20.480016,14.152634,-16.04478,SR Kaolack,SR,Kaolack,normal
5ee545582a7f4c548263d6f56a7753fe,9F29DDHDVAWR,reception,2026-08-21 17:29:34.800418,14.151194,-16.044427,SR Kaolack,SR,Kaolack,normal
d07d1ee34a4d4b94aaeb5e38a9b73a28,DGENCGRP4GHW,reception,2026-08-21 17:29:48.323341,14.153841,-16.04368,SR Kaolack,SR,Kaolack,normal
b6a2c92035424dd28e02dc9a129cdd1f,USRBJTYB6AJH,reception,2026-08-21 17:29:58.355743,14.152919,-16.042327,SR Kaolack,SR,Kaolack,normal
b3b211b0f67e423a868158c29b5fd80f,8PAEDSPY2SRE,reception,2026-08-21 17:30:07.797073,14.152392,-16.042268,SR Kaolack,SR,Kaolack,normal
109b8d38edc84f72ae6811cd94b6cf51,NP4T2FRXXHKP,reception,2026-08-21 17:30:21.576216,14.153378,-16.042603,SR Kaolack,SR,Kaolack,normal
8abee4dba8c3414bb5a021ddbed89318,FQ2ZN558YJYH,reception,2026-08-22 08:16:00,13.758426,-13.678107,SR Tambacounda,SR,Tambacounda,normal
6512878a0b7343cb99f730e3f37c69e7,A56ZGMEFFVJP,reception,2026-08-22 08:16:11.443419,13.759139,-13.677919,SR Tambacounda,SR,Tambacounda,normal
fe9382b5672945379003dfd949aace29,FXNTE6RTZ4WZ,reception,2026-08-22 08:16:18.064277,13.756415,-13.678278,SR Tambacounda,SR,Tambacounda,normal
ae46d2b1a2594403adc49e2c994be46b,3AUJ5MVCSBNT,reception,2026-08-22 08:16:27.984840,13.758842,-13.678825,SR Tambacounda,SR,Tambacounda,normal
fb60aa4aaf954888b684f54231931778,EZZB25UAPR4E,reception,2026-08-22 08:16:42.204128,13.7579,-13.680466,SR Tambacounda,SR,Tambacounda,normal
13b9e841e0bf43f4baac5fe9dbf270bb,F5UK8RKRZNRM,reception,2026-08-22 08:16:53.314010,13.757076,-13.678106,SR Tambacounda,SR,Tambacounda,normal
fead471f35ef468c9d424e7e1f563620,NTD9925GBJTG,reception,2026-08-22 08:17:03.649941,13.757804,-13.679657,SR Tambacounda,SR,Tambacounda,normal
ad6fa8b9b7004810a711d39c5cd5c94c,NE73FPGFGGP7,reception,2026-08-22 08:17:15.580349,13.756581,-13.679654,SR Tambacounda,SR,Tambacounda,normal
9f63a9e766064f4eb317a99f6bbe49ce,8U3PQNC3CD39,reception,2026-08-22 08:17:23.205096,13.757817,-13.679171,SR Tambacounda,SR,Tambacounda,normal
083166bf4fdd41118868ee62060831ba,8PAEDSPY2SRE,expedition,2026-08-22 08:18:00,14.153577,-16.044109,SR Kaolack,SR,Kaolack,normal
28eaa2a648334d6b9aeb1aea30c42029,NP4T2FRXXHKP,expedition,2026-08-22 08:18:07.999165,14.151098,-16.04356,SR Kaolack,SR,Kaolack,normal
189d1664bd5042c3ae4b71594acf01fa,3UYSW8C9VUZX,dispensation,2026-08-22 08:21:00,15.610501,-16.252063,Officine off.louga1,officine,Louga,normal
c77a34cbe7054cf694262ee0e20b1c2d,JPB88ZGSDRYN,expedition,2026-08-22 08:27:00,14.156827,-16.099348,Grossiste Kaolack,grossisteRepartiteur,Kaolack,normal
35c0566325da4921add6958476e3a77c,PGJGW57WVC9W,expedition,2026-08-22 08:27:14.032357,14.156845,-16.101028,Grossiste Kaolack,grossisteRepartiteur,Kaolack,normal
9dba24eec60a4ef79dc22766221912ca,TY7NPAGKY2RY,expedition,2026-08-22 08:27:27.356013,14.158031,-16.101703,Grossiste Kaolack,grossisteRepartiteur,Kaolack,normal
f858c67fb6bf47fa949dafd829c21ef4,QT2T3RFK5QDB,expedition,2026-08-22 08:27:40.213260,14.156219,-16.100871,Grossiste Kaolack,grossisteRepartiteur,Kaolack,normal
15033dce47394dadb4f29f800a73de29,KKXR72TGQBPK,expedition,2026-08-22 08:27:48.318642,14.156665,-16.101455,Grossiste Kaolack,grossisteRepartiteur,Kaolack,normal
b8a0d14f8ee7478ca5c89e6269b3c337,WNGDAVW6NNSP,expedition,2026-08-22 08:28:00.814980,14.158118,-16.099916,Grossiste Kaolack,grossisteRepartiteur,Kaolack,normal
c805c8cf88af45429cc53a7517a30ce9,QXE8EPH9QFHC,expedition,2026-08-22 08:28:09.595640,14.15902,-16.100315,Grossiste Kaolack,grossisteRepartiteur,Kaolack,normal
48ca907c43454568a621969ae11e7691,4ME7JYNWSJKP,expedition,2026-08-22 08:28:22.153677,14.158809,-16.101115,Grossiste Kaolack,grossisteRepartiteur,Kaolack,normal
09e27e14edfc4755a9e0bd2857b5743f,SJ5NKTXPTR5M,expedition,2026-08-22 08:28:35.841965,14.158156,-16.10055,Grossiste Kaolack,grossisteRepartiteur,Kaolack,normal
b9eb4bd8411a4d0cab7fc637daf196ac,DKGZU5XFS4WT,reception,2026-08-22 08:29:00,14.683271,-16.243179,SR Diourbel,SR,Diourbel,normal
7fc4369b29534774b9e6ea44a0cf1f93,MPHA53ZZYVCD,reception,2026-08-22 08:29:07.259702,14.684543,-16.243107,SR Diourbel,SR,Diourbel,normal
c17bd3b9ace848ac950433c63b6164fe,5QWRX9BE7TZ2,reception,2026-08-22 08:48:54.982239,12.590216,-16.266609,Officine off.ziguinchor1,officine,Ziguinchor,normal
2a9e8397558e47e3a340b54607fbb116,28TNR4M6K67A,dispensation,2026-08-22 08:49:00,14.70301,-17.439148,Officine off.dakar1,officine,Dakar,ruptureSequence
594a80cd719a41819b62ff11aa70a7af,9PEMABMHYYQ6,reception,2026-08-22 08:49:09.057603,12.588429,-16.264755,Officine off.ziguinchor1,officine,Ziguinchor,normal
7329fe175d6d4b5fac711269a5cdeff3,GWBP6ZUCDDRF,reception,2026-08-22 08:49:18.021732,12.590162,-16.265717,Officine off.ziguinchor1,officine,Ziguinchor,normal
54c62166f4614c5baa89b58870a619e8,QG967ADKKCP2,reception,2026-08-22 08:49:28.798704,12.58945,-16.266216,Officine off.ziguinchor1,officine,Ziguinchor,normal
7f5beaf7ab7143a0940a2589b0cd9327,SXZ6VNJ2HGTZ,reception,2026-08-22 08:49:35.644208,12.590362,-16.266028,Officine off.ziguinchor1,officine,Ziguinchor,normal
9c0fffebf834431eac7743f3c0a72ce7,5ANQDAKYAZAN,dispensation,2026-08-22 08:51:00,13.75561,-13.673602,Officine off.tamba1,officine,Tambacounda,normal
eb52c9af15c34bf9ab17fe97cd17e6ef,3QREYYCXFUXD,dispensation,2026-08-22 09:10:00,14.811143,-16.924352,Officine off.thies2,officine,Thies,normal
808c1407a0434945a91d2e3e3108672c,4R7MEBEVJ4PN,dispensation,2026-08-22 09:10:00,14.68235,-16.257501,Officine off.diourbel1,officine,Diourbel,normal
f143cb7cbd504e7b94917dc57d895d44,WPJ3NUS782YR,expedition,2026-08-22 09:11:00,14.151355,-16.042345,SR Kaolack,SR,Kaolack,normal
c545d962f1584592abc3e692db452654,JK3NSAXWVWCX,expedition,2026-08-22 09:11:14.767675,14.152887,-16.042573,SR Kaolack,SR,Kaolack,normal
e6e467fcc5af44008eaa8532e8e5d6d5,KTCNHTHXV68P,expedition,2026-08-22 09:11:29.712040,14.151304,-16.044981,SR Kaolack,SR,Kaolack,normal
5546f55730d749fab77e3b19b4dbf2be,RHYZMFRAWCRT,expedition,2026-08-22 09:11:36.330653,14.152726,-16.042083,SR Kaolack,SR,Kaolack,normal
849aa07f05ec46729565fad3f4a6a80b,39EUZMS9HYZJ,expedition,2026-08-22 09:11:49.283741,14.152209,-16.04433,SR Kaolack,SR,Kaolack,normal
d362a82aca91415b9abe9ecfbd715e7b,MWZAPA4A3VB3,expedition,2026-08-22 09:11:59.416834,14.15205,-16.042668,SR Kaolack,SR,Kaolack,normal
74cd2db0ae334a2b8bdc00124ec823fc,4V52QQJYAEMG,expedition,2026-08-22 09:12:11.430101,14.153344,-16.043583,SR Kaolack,SR,Kaolack,normal
cb413c66df424937a49a5765a61bf773,G2VXEEB7AQPJ,expedition,2026-08-22 09:16:00,14.156707,-16.100083,Grossiste Kaolack,grossisteRepartiteur,Kaolack,normal
6d5eaacd11114ff9a37130c1e90dcf9f,KH3Z8JMT44Q4,expedition,2026-08-22 09:16:07.093810,14.156349,-16.101127,Grossiste Kaolack,grossisteRepartiteur,Kaolack,normal
5d59ddce83ce462e8eebd3b6c0122384,ZQNGYNBRAEAG,expedition,2026-08-22 09:16:19.430090,14.156305,-16.099903,Grossiste Kaolack,grossisteRepartiteur,Kaolack,normal
e5e225ff79c84798920eb73bba2d8da1,FK6PYUJK9JRV,reception,2026-08-22 09:19:00,14.762393,-16.914908,SR Thies,SR,Thies,normal
c2821aa4bc534ff1b414a893d412b0c3,69FQ56EMGJ64,reception,2026-08-22 09:19:06.715225,14.763448,-16.914116,SR Thies,SR,Thies,normal
9856878e01f446b2869f5ecbc0140a92,DT8CZCNKC64G,reception,2026-08-22 09:19:20.663674,14.760698,-16.914042,SR Thies,SR,Thies,normal
1dca2d5b3aa94fe5bb64745533a5e4f1,3AW6VGBSAGTC,reception,2026-08-22 09:19:30.813398,14.763503,-16.915987,SR Thies,SR,Thies,normal
807fe53f63c1410c9c3cb641f7258fdb,BCX8MKG7MFEU,reception,2026-08-22 09:19:45.320877,14.762419,-16.914005,SR Thies,SR,Thies,normal
52b04681d4e348998174c4228a427d4a,6TGCW3753Y9G,reception,2026-08-22 09:19:53.019228,14.762886,-16.915509,SR Thies,SR,Thies,normal
7e17b215b25d4c2eb907b8a2bf52ec44,N4XNK6KXCKVS,reception,2026-08-22 09:20:06.433151,14.761258,-16.914499,SR Thies,SR,Thies,normal
38c0890c27104168be5bf6f285da82ec,K6DXWHVVDFEV,reception,2026-08-22 09:20:16.825666,14.760992,-16.913953,SR Thies,SR,Thies,normal
54e7f5dfd0bb4c1498ef3ea7a3cd9fb7,F45JHKJ63RT4,reception,2026-08-22 09:20:28.094396,14.761382,-16.915071,SR Thies,SR,Thies,normal
da0340653c9d452689c0ebdad16b0174,2CY4X64RY78V,reception,2026-08-22 09:20:40.008347,14.762349,-16.914776,SR Thies,SR,Thies,normal
c768af6447f64391808f349dc284e0fb,CBXRXUGDQ3ZT,reception,2026-08-22 09:22:00,14.667823,-17.462176,SR Dakar,SR,Dakar,normal
777417685c2d49e7adfe34d2256cff5d,GSYBEMBDQUV2,reception,2026-08-22 09:22:06.771361,14.66543,-17.464738,SR Dakar,SR,Dakar,normal
4c23488d5f874c089f51a73092e63757,CUXZ8JSRYVXF,reception,2026-08-22 09:22:17.774904,14.666898,-17.463322,SR Dakar,SR,Dakar,normal
31e08de1b904474f95354bde2e82d4b1,69MHEFFRU6WA,reception,2026-08-22 09:22:27.771280,14.665657,-17.46487,SR Dakar,SR,Dakar,normal
64d012907f9a44e2a209fe171572eab0,A75HH38RXSBB,reception,2026-08-22 09:22:41.886344,14.667033,-17.462029,SR Dakar,SR,Dakar,normal
4fae41365a6a47ee98fdb980f41835cc,226RZYP38KP6,dispensation,2026-08-22 09:29:00,14.813717,-16.9241,Officine off.thies2,officine,Thies,normal
ffc0e0a61996468aa74d3068ee847da3,FQ2ZN558YJYH,expedition,2026-08-22 11:36:57.968262,13.758586,-13.677937,SR Tambacounda,SR,Tambacounda,normal
797335860e0a4e0b9272aae5fe92495e,A56ZGMEFFVJP,expedition,2026-08-22 11:37:09.284740,13.758146,-13.677964,SR Tambacounda,SR,Tambacounda,normal
8d0bb85032d04c06baca476390d3b99c,FXNTE6RTZ4WZ,expedition,2026-08-22 11:37:22.247045,13.756941,-13.679893,SR Tambacounda,SR,Tambacounda,normal
8a9644f7909a46f8b866d85fa96d816f,3AUJ5MVCSBNT,expedition,2026-08-22 11:37:36.981696,13.758769,-13.678981,SR Tambacounda,SR,Tambacounda,normal
b8546bb9dad04ac0a26e640b26eee5a6,EZZB25UAPR4E,expedition,2026-08-22 11:37:47.430225,13.756479,-13.677675,SR Tambacounda,SR,Tambacounda,normal
f5cbffacdd514b4da3ba74d029722fd9,F5UK8RKRZNRM,expedition,2026-08-22 11:38:02.130600,13.757892,-13.678334,SR Tambacounda,SR,Tambacounda,normal
0bc1a360cc464489a2214d7a406dffe1,NTD9925GBJTG,expedition,2026-08-22 11:38:10.059499,13.757234,-13.677761,SR Tambacounda,SR,Tambacounda,normal
b78220fc43d34a78aae5b2952a1e3c8d,NE73FPGFGGP7,expedition,2026-08-22 11:38:20.727654,13.756665,-13.677768,SR Tambacounda,SR,Tambacounda,normal
6fc56c2558dd419a8bb9991a2b0085d2,8U3PQNC3CD39,expedition,2026-08-22 11:38:34.538862,13.758112,-13.680646,SR Tambacounda,SR,Tambacounda,normal
d208746779f6498a85d16a3a733b401f,8VP99FYXQWUY,reception,2026-08-22 13:45:40.273201,14.162247,-16.062562,Officine off.kaolack2,officine,Kaolack,normal
8c27928cb72f4c1b860a905ac8eec68c,9HP7ZAFNCXZP,reception,2026-08-22 13:45:50.900591,14.161268,-16.062809,Officine off.kaolack2,officine,Kaolack,normal
ef0b116c5c1b4c66a53fdfe294b3001c,B8HUC2BZRXKT,dispensation,2026-08-22 13:52:18.981775,13.756061,-13.673189,Officine off.tamba1,officine,Tambacounda,normal
146eaeb0bf2d4f5598bfb59ddad9197f,AW8JQVJMEHRE,dispensation,2026-08-22 15:53:30.926440,13.755053,-13.674684,Officine off.tamba1,officine,Tambacounda,normal
f3aa9a67318f4fbf984c73617b319136,8PAEDSPY2SRE,reception,2026-08-22 15:58:23.043840,14.161403,-16.061281,Officine off.kaolack2,officine,Kaolack,normal
5315d4397f8c415187b0444a2f03b02d,NP4T2FRXXHKP,reception,2026-08-22 15:58:29.194602,14.161463,-16.062548,Officine off.kaolack2,officine,Kaolack,normal
bea860dc331c4e1a9feb00840cc98a5d,5Z55759V69U2,dispensation,2026-08-22 16:57:03.924774,13.755978,-13.673576,Officine off.tamba1,officine,Tambacounda,normal
a3261e31c97f438184fb9a6ee6f58286,K6DXWHVVDFEV,expedition,2026-08-22 17:07:39.747266,14.762342,-16.915662,SR Thies,SR,Thies,normal
c8dc767358514b2e8749e6e1ba8a5286,F45JHKJ63RT4,expedition,2026-08-22 17:07:45.924949,14.761751,-16.914668,SR Thies,SR,Thies,normal
68e4590db3884b689904704f31dbecdc,2CY4X64RY78V,expedition,2026-08-22 17:07:58.061868,14.761706,-16.91404,SR Thies,SR,Thies,normal
8e981a10867b44429edb3b687ec93488,A7JWFRUAFFXK,dispensation,2026-08-23 08:11:00,15.610921,-16.253183,Officine off.louga1,officine,Louga,normal
cd388736bb8547aea4488dcc7eaae104,G2VXEEB7AQPJ,reception,2026-08-23 08:12:00,16.012806,-16.513908,SR Saint-Louis,SR,Saint-Louis,normal
23b8e3dc39c2445f9a2881e816060010,KH3Z8JMT44Q4,reception,2026-08-23 08:12:12.115333,16.012319,-16.514538,SR Saint-Louis,SR,Saint-Louis,normal
db27a938b1574b5ca00b2ad8887a6e1f,ZQNGYNBRAEAG,reception,2026-08-23 08:12:20.706263,16.013154,-16.51481,SR Saint-Louis,SR,Saint-Louis,normal
c0b96428eb9647aea99f27c378c796cb,FQ2ZN558YJYH,reception,2026-08-23 08:15:00,13.753453,-13.672652,Officine off.tamba1,officine,Tambacounda,normal
18ac29266786423bae1188b23a6e56bc,A56ZGMEFFVJP,reception,2026-08-23 08:15:14.216867,13.75599,-13.673295,Officine off.tamba1,officine,Tambacounda,normal
4452ff6233394c59b8847ab70b0f3b3b,FXNTE6RTZ4WZ,reception,2026-08-23 08:15:21.468513,13.756102,-13.674404,Officine off.tamba1,officine,Tambacounda,normal
dd26bb01353f4a89914b0e0d2f88ee18,3AUJ5MVCSBNT,reception,2026-08-23 08:15:30.687605,13.75338,-13.674565,Officine off.tamba1,officine,Tambacounda,normal
f3b8cc3f6b3f447b9c08d25fab2e6525,EZZB25UAPR4E,reception,2026-08-23 08:15:43.620094,13.753589,-13.67447,Officine off.tamba1,officine,Tambacounda,normal
11c072e4e2ea4aeb99e63aa69929c18a,F5UK8RKRZNRM,reception,2026-08-23 08:15:52.363904,13.754564,-13.674318,Officine off.tamba1,officine,Tambacounda,normal
5cb57a54c8b34374b54154554b75fa7a,NTD9925GBJTG,reception,2026-08-23 08:15:59.929140,13.754294,-13.673655,Officine off.tamba1,officine,Tambacounda,normal
9289fc46a384465981377cbca4567881,NE73FPGFGGP7,reception,2026-08-23 08:16:11.363922,13.75542,-13.674995,Officine off.tamba1,officine,Tambacounda,normal
8584b5e90eec4e2e9ee89aaf5981eabe,8U3PQNC3CD39,reception,2026-08-23 08:16:21.216546,13.753227,-13.672705,Officine off.tamba1,officine,Tambacounda,normal
68cea1f56e0b4b31b3eb181517f0c6ad,JPB88ZGSDRYN,reception,2026-08-23 08:22:00,15.627135,-16.242144,SR Louga,SR,Louga,normal
dd614c8541cf4f039d2c463bedf4d51a,PGJGW57WVC9W,reception,2026-08-23 08:22:10.231276,15.626073,-16.242475,SR Louga,SR,Louga,normal
09174d25bee94ec2a5913734a8710d60,TY7NPAGKY2RY,reception,2026-08-23 08:22:18.552927,15.626339,-16.241351,SR Louga,SR,Louga,normal
2f21052379544b6291e24a4865a56ed5,QT2T3RFK5QDB,reception,2026-08-23 08:22:30.374424,15.628204,-16.24053,SR Louga,SR,Louga,normal
52c7bfe4c9124951b7d26057942981bf,KKXR72TGQBPK,reception,2026-08-23 08:22:44.889201,15.627324,-16.242515,SR Louga,SR,Louga,normal
959add55299045459c4ff4b2ee0bad15,WNGDAVW6NNSP,reception,2026-08-23 08:22:56.920689,15.62667,-16.242701,SR Louga,SR,Louga,normal
1731db6e66e845c297580081902505fc,QXE8EPH9QFHC,reception,2026-08-23 08:23:09.870739,15.625321,-16.242286,SR Louga,SR,Louga,normal
366d0ce13531447f8c6cc1af25ed76c8,4ME7JYNWSJKP,reception,2026-08-23 08:23:17.123414,15.627601,-16.243187,SR Louga,SR,Louga,normal
659b787f274342f5807e20b8d603fc2b,SJ5NKTXPTR5M,reception,2026-08-23 08:23:26.060751,15.62524,-16.243293,SR Louga,SR,Louga,normal
a2a1bf50949046f2a3d2d6c7e3f3583c,K6DXWHVVDFEV,reception,2026-08-23 08:26:00,14.810918,-16.925509,Officine off.thies2,officine,Thies,normal
6eb32b73b95a44cd92a8622945baa22d,F45JHKJ63RT4,reception,2026-08-23 08:26:08.458407,14.812411,-16.926266,Officine off.thies2,officine,Thies,normal
e2e6fab6cfd7421fa3b04031b555b767,2CY4X64RY78V,reception,2026-08-23 08:26:18.954611,14.812341,-16.925233,Officine off.thies2,officine,Thies,normal
41da3ad6327048a7842a7c1f63a7404b,7UTHYZWSQDAH,dispensation,2026-08-23 08:28:00,16.006746,-16.518471,Officine off.saintlouis1,officine,Saint-Louis,normal
b7abc7513d0b4b5e949c594a4b558245,S8QTAXUWHB6T,expedition,2026-08-23 08:39:00,14.718528,-17.470995,Laboratoire Historique,fabricant,Dakar,normal
de4625c74d0942c48dc61ad10703215f,7FC6J4APKZ2F,expedition,2026-08-23 08:39:12.853326,14.718399,-17.469004,Laboratoire Historique,fabricant,Dakar,normal
bc0ebd06c77e44598406b7512a11cb77,D8Y88NGWRNFY,expedition,2026-08-23 08:39:18.887280,14.717777,-17.470818,Laboratoire Historique,fabricant,Dakar,normal
0067f276170d4efdaa6fde355a2aae5d,VRD8FPXGY995,expedition,2026-08-23 08:39:30.949580,14.717512,-17.468558,Laboratoire Historique,fabricant,Dakar,normal
2c68f35b4be044ff9f7e876f3c105199,GG6TVQ2M3ZYT,expedition,2026-08-23 08:39:39.992557,14.716854,-17.471233,Laboratoire Historique,fabricant,Dakar,normal
362fb2f7ab2c49768771642d717df97c,MN8WYD4FQC3V,expedition,2026-08-23 08:39:52.759092,14.718736,-17.470229,Laboratoire Historique,fabricant,Dakar,normal
be36aa9106284486ad843ee2927778c7,ANGTSA7B4YGF,expedition,2026-08-23 08:39:59.991559,14.718581,-17.470379,Laboratoire Historique,fabricant,Dakar,normal
a08892bc7c924084842c31625c4fc740,FGYYSWAWQNXV,expedition,2026-08-23 08:40:09.226970,14.719363,-17.470964,Laboratoire Historique,fabricant,Dakar,normal
8891ca884a4240f5b2a327343bb10107,UQGWMZSFZVPA,expedition,2026-08-23 08:40:20.501026,14.719129,-17.470402,Laboratoire Historique,fabricant,Dakar,normal
a8579c2cc2a94834a6046c4795e812dd,X4E9TX327WR8,expedition,2026-08-23 08:40:30.367546,14.718646,-17.469539,Laboratoire Historique,fabricant,Dakar,normal
94e823bf9fd04fa68c0722bfc1d12e26,J7D23T3K65VZ,expedition,2026-08-23 08:40:41.950417,14.717566,-17.468679,Laboratoire Historique,fabricant,Dakar,normal
0ef95ea7aaf44ff781f202ddc1be5152,8A8W68DCMKHP,expedition,2026-08-23 08:40:52.406745,14.716948,-17.470699,Laboratoire Historique,fabricant,Dakar,normal
0ba5b5e45dc74ce19ed48766eb2d71fb,YD8WHQ55ZGTF,expedition,2026-08-23 08:41:02.373588,14.718341,-17.468982,Laboratoire Historique,fabricant,Dakar,normal
60ae74377af142d69929744f3e2ee349,ZDVD6XXWNU8H,expedition,2026-08-23 08:41:10.788719,14.716817,-17.471283,Laboratoire Historique,fabricant,Dakar,normal
ceec38f9b8614112ada22eafef441f67,DJ3CR5YBSVUE,expedition,2026-08-23 08:41:24.407682,14.71892,-17.469166,Laboratoire Historique,fabricant,Dakar,normal
285da4392af0449fb811e64c1a2ea0d5,A8Z88KZTKDJT,expedition,2026-08-23 08:41:37.258456,14.718898,-17.47099,Laboratoire Historique,fabricant,Dakar,normal
ebf0358e9be74ec99de07e415b2ab31f,2342GYDAMAWN,expedition,2026-08-23 08:41:51.928184,14.718728,-17.471473,Laboratoire Historique,fabricant,Dakar,normal
a560212dcb64430e950e9b5130ffa0cf,YSTB7DY2SBBD,expedition,2026-08-23 08:42:06.385592,14.717959,-17.469104,Laboratoire Historique,fabricant,Dakar,normal
d39e1195f6e24d51b7eb688db08d5564,WHHYVS6YR4XC,expedition,2026-08-23 08:42:17.238834,14.719041,-17.470725,Laboratoire Historique,fabricant,Dakar,normal
89b09c45034f4f8faf567fb98296b29b,44YUWK3AQCDS,expedition,2026-08-23 08:42:25.055942,14.719055,-17.468889,Laboratoire Historique,fabricant,Dakar,normal
12d6b47caad04a429d5d6ef8795dc7fd,67GWGXTQB7TM,expedition,2026-08-23 08:42:37.586460,14.71722,-17.47133,Laboratoire Historique,fabricant,Dakar,normal
360ac894a9e04fa38d53b86a45720908,QP3623U3JHYF,expedition,2026-08-23 08:42:45.317612,14.718727,-17.469784,Laboratoire Historique,fabricant,Dakar,normal
6ada30a2470e41ae8a4b929f7692ba3e,HKAQXN8GYTU2,expedition,2026-08-23 08:42:55.393677,14.717991,-17.470095,Laboratoire Historique,fabricant,Dakar,normal
4ed3f5d556d14d9a9ad3352bad7014ab,YG8QP962B9YM,expedition,2026-08-23 08:43:05.925296,14.718684,-17.47032,Laboratoire Historique,fabricant,Dakar,normal
e4054e9db1f74b43bff616ecac73dcf9,V2XWZAJETNWN,expedition,2026-08-23 08:43:18.679600,14.717494,-17.469695,Laboratoire Historique,fabricant,Dakar,normal
e5489d5a17f74fafb59704a9d21d93a5,RUM9FTCQ579T,expedition,2026-08-23 08:43:30.927883,14.71822,-17.468687,Laboratoire Historique,fabricant,Dakar,normal
9731b34080d54e5bb2ddd4a90e92137d,9ZYM4S6VFDPH,expedition,2026-08-23 08:43:44.191421,14.719363,-17.470663,Laboratoire Historique,fabricant,Dakar,normal
3d55c76b04d64d6fa10f02714bcbcc2e,FB98KD9DVK69,expedition,2026-08-23 08:43:54.562492,14.717795,-17.470397,Laboratoire Historique,fabricant,Dakar,normal
bb4b4f824aec47db97b24e0ad9ea546a,VGBRB4BVVT8Q,expedition,2026-08-23 08:44:01.087028,14.716439,-17.470995,Laboratoire Historique,fabricant,Dakar,normal
eb7d6ad045e647c8ae8d158727a7d555,ZE926M7ZMVKZ,expedition,2026-08-23 08:44:12.099828,14.717439,-17.47036,Laboratoire Historique,fabricant,Dakar,normal
fd3c58f8a9db4313808fe920828895b9,9XVPR59NEE2Q,expedition,2026-08-23 08:44:19.637435,14.716757,-17.470021,Laboratoire Historique,fabricant,Dakar,normal
519b1ac2bc8b48138b1a424db5987ec7,QFWFB6N83B68,expedition,2026-08-23 08:44:31.610211,14.719339,-17.471261,Laboratoire Historique,fabricant,Dakar,normal
8912264f78e94a9598cbcd46ada0ff8a,UVXTZXBZ6TJQ,expedition,2026-08-23 08:44:40.394652,14.717327,-17.468881,Laboratoire Historique,fabricant,Dakar,normal
808e001970364151a517477ebce7fda8,YRR75A77J243,expedition,2026-08-23 08:44:50.338653,14.718817,-17.470322,Laboratoire Historique,fabricant,Dakar,normal
e9a8338bd1a44748943ff9a1b1cdfb4b,AG69SDRNF95V,expedition,2026-08-23 08:44:58.539748,14.716666,-17.470261,Laboratoire Historique,fabricant,Dakar,normal
792c6c0c6df1435495f24f5b676ea127,CBXRXUGDQ3ZT,expedition,2026-08-23 08:45:00,14.666309,-17.463888,SR Dakar,SR,Dakar,normal
80ff1981dbaf4a898026439579c397d0,9VEE3RM7XJHW,expedition,2026-08-23 08:45:12.605085,14.719052,-17.469574,Laboratoire Historique,fabricant,Dakar,normal
6f969dc545db49b589a9c4176c36e7c9,GSYBEMBDQUV2,expedition,2026-08-23 08:45:13.736850,14.665702,-17.464245,SR Dakar,SR,Dakar,normal
400c9b00bca1409999946ebd490011f7,CUXZ8JSRYVXF,expedition,2026-08-23 08:45:23.650658,14.665747,-17.463664,SR Dakar,SR,Dakar,normal
d631c99037c746729baf2656152b29bd,FH5P66CFVSPN,expedition,2026-08-23 08:45:24.028637,14.717488,-17.471181,Laboratoire Historique,fabricant,Dakar,normal
f09c474f614540579d91d6539a72218a,FBP6MQ3WKFRK,expedition,2026-08-23 08:45:34.120755,14.718768,-17.471477,Laboratoire Historique,fabricant,Dakar,normal
af606284f5ee4c858efcc8da214d69e2,69MHEFFRU6WA,expedition,2026-08-23 08:45:37.337259,14.667438,-17.464649,SR Dakar,SR,Dakar,normal
6e9a419d14e14d269d2df9c2ddc524d2,ASQSP89A852W,expedition,2026-08-23 08:45:46.293740,14.717406,-17.469801,Laboratoire Historique,fabricant,Dakar,normal
ffc0c3ab5b714b068a3b9e8626cfe2cc,DDAWM8SFYK9X,expedition,2026-08-23 08:46:01.187392,14.71816,-17.468953,Laboratoire Historique,fabricant,Dakar,normal
1a7c1f40617141b292b6e780e88040ed,RNRWWADWYQCE,expedition,2026-08-23 08:46:13.268080,14.717533,-17.471428,Laboratoire Historique,fabricant,Dakar,normal
2c36c961a56f42d2b9c097adde365e48,JFTAHANHMX2W,expedition,2026-08-23 08:46:24.319456,14.717899,-17.469727,Laboratoire Historique,fabricant,Dakar,normal
0bf6937c08df4d3b9ff4e1f7e0578fce,P9A6TCYYXBZ6,expedition,2026-08-23 08:46:34.261368,14.716768,-17.470913,Laboratoire Historique,fabricant,Dakar,normal
6aa3e1becde743a08e6a5970894929f8,U9RFM8FUNXB8,expedition,2026-08-23 08:46:43.736702,14.718581,-17.468625,Laboratoire Historique,fabricant,Dakar,normal
9c4cd1984f474a4ea625f389c41c6788,BTS7XDDX4TXE,expedition,2026-08-23 08:46:53.762075,14.717895,-17.4698,Laboratoire Historique,fabricant,Dakar,normal
f7a787152e204c6895b630f724a918e4,AXSECBVGV8ST,expedition,2026-08-23 08:47:02.524434,14.719103,-17.47091,Laboratoire Historique,fabricant,Dakar,normal
93bfa00b84074d3eb7f4a534fb88891c,QQAT85HJNE5C,expedition,2026-08-23 08:47:13.499680,14.716778,-17.470969,Laboratoire Historique,fabricant,Dakar,normal
d63f3353d6aa4125b4069ccf64d69869,WGSJ9DJ2EHQK,expedition,2026-08-23 08:47:27.218217,14.717573,-17.470439,Laboratoire Historique,fabricant,Dakar,normal
bf32e1dd29b249c6a36bde4d9ff248c0,UE2DM29PQDG9,expedition,2026-08-23 08:47:38.204597,14.719088,-17.469431,Laboratoire Historique,fabricant,Dakar,normal
3e9fe3f3c117481fb4149633ead3c4c2,DMQ6VS9TA36P,expedition,2026-08-23 08:47:47.169123,14.718185,-17.469225,Laboratoire Historique,fabricant,Dakar,normal
07511ecf938244c39847ba1ff958aa6c,WPJ3NUS782YR,reception,2026-08-23 09:00:00,14.143238,-16.065777,Officine off.kaolack1,officine,Kaolack,normal
11331b9206c84179bd8b274fac4d0fa0,JK3NSAXWVWCX,reception,2026-08-23 09:00:09.672427,14.142982,-16.066068,Officine off.kaolack1,officine,Kaolack,normal
0ade42b39b7c4ce3b64c077ae3898949,KTCNHTHXV68P,reception,2026-08-23 09:00:18.250109,14.144087,-16.064005,Officine off.kaolack1,officine,Kaolack,normal
086073e284c846c7a083c8e562766d41,RHYZMFRAWCRT,reception,2026-08-23 09:00:32.030057,14.144926,-16.064949,Officine off.kaolack1,officine,Kaolack,normal
22cbd6966ef34873b0905a1587b5604c,39EUZMS9HYZJ,reception,2026-08-23 09:00:42.936760,14.142526,-16.065151,Officine off.kaolack1,officine,Kaolack,normal
803c63a44cdf4863acfafe94271c7655,MWZAPA4A3VB3,reception,2026-08-23 09:00:52.162821,14.143434,-16.06488,Officine off.kaolack1,officine,Kaolack,normal
7a37023a45a84a0480870f863fdf7788,4V52QQJYAEMG,reception,2026-08-23 09:00:58.814484,14.143356,-16.066296,Officine off.kaolack1,officine,Kaolack,normal
c4befc76a7de4e879cbdde9737eb2113,SCHGD66Z74FN,expedition,2026-08-23 09:04:00,14.153179,-16.043933,SR Kaolack,SR,Kaolack,normal
92b42950d265459c892b47b61c32f58c,EBFYMF8K5BBU,expedition,2026-08-23 09:04:11.611605,14.151072,-16.043388,SR Kaolack,SR,Kaolack,normal
d032cf39c8bf43b7802d98292e7e8bf3,9F29DDHDVAWR,expedition,2026-08-23 09:04:24.406891,14.151561,-16.043177,SR Kaolack,SR,Kaolack,normal
4b885502d3b34ab186a5c5046c5fec8f,DGENCGRP4GHW,expedition,2026-08-23 09:04:32.756896,14.152657,-16.043311,SR Kaolack,SR,Kaolack,normal
cce99472a05745d2834364efb7772957,USRBJTYB6AJH,expedition,2026-08-23 09:04:41.058591,14.152323,-16.044711,SR Kaolack,SR,Kaolack,normal
343f8959a74f4ae4a0c9ac209fe37dca,SEV79BUVCVKW,dispensation,2026-08-23 09:23:00,16.006904,-16.517636,Officine off.saintlouis1,officine,Saint-Louis,normal
be3795772158456f8609e31b2fa85244,XC6G7QSDMZ8M,reception,2026-08-23 09:23:00,12.606532,-16.270545,SR Ziguinchor,SR,Ziguinchor,normal
d86eb043ce1a4f209ab40f228dd6bec9,AAHU46NYG6AN,reception,2026-08-23 09:23:13.409475,12.608317,-16.271289,SR Ziguinchor,SR,Ziguinchor,normal
ba37ab076191416c933ebc02ae69f89d,5D8ZFXDSJ6Z5,reception,2026-08-23 09:23:27.301186,12.607718,-16.270481,SR Ziguinchor,SR,Ziguinchor,normal
2a535e8dd5b4476590c0cb978986ef90,6R9TSUZQ8A6Q,reception,2026-08-23 09:23:41.155773,12.605633,-16.271389,SR Ziguinchor,SR,Ziguinchor,normal
344cc73c6bd5414dbe5858b24001273d,QWZ94REGNFTQ,reception,2026-08-23 09:23:47.879429,12.607224,-16.269418,SR Ziguinchor,SR,Ziguinchor,normal
9a6d7ccff15148bf99271ed84ebffe6b,DKGZU5XFS4WT,expedition,2026-08-23 09:29:00,14.683383,-16.243279,SR Diourbel,SR,Diourbel,normal
03b8e219ac00428e8069026746e06e1f,MPHA53ZZYVCD,expedition,2026-08-23 09:29:13.437696,14.683899,-16.241862,SR Diourbel,SR,Diourbel,normal
55e67ec30839474ab964511c72cc7f20,BMNZ77ZAQUH2,dispensation,2026-08-23 11:03:15.743867,16.0077,-16.515946,Officine off.saintlouis1,officine,Saint-Louis,normal
ba75d2a9a8234495a69cf31d82636596,RRYQBGQQKV62,dispensation,2026-08-23 13:35:53.038910,14.801182,-16.924535,Officine off.thies1,officine,Thies,normal
73e4c5485b9b4411be01c2f9364604fa,2K2PYNYZXP7D,dispensation,2026-08-24 08:24:00,14.682753,-16.257086,Officine off.diourbel1,officine,Diourbel,normal
469ed5db7d544931a5829742805253a2,FK6PYUJK9JRV,expedition,2026-08-24 08:25:00,14.760778,-16.915015,SR Thies,SR,Thies,normal
1125d35aac704863951334f3d3530917,69FQ56EMGJ64,expedition,2026-08-24 08:25:08.437324,14.761909,-16.915201,SR Thies,SR,Thies,normal
1263f74f99a64801a41590677a3d02f1,DT8CZCNKC64G,expedition,2026-08-24 08:25:18.323078,14.762393,-16.914935,SR Thies,SR,Thies,normal
ec8a66762afe4bcaa3e87c5659fdc39d,3AW6VGBSAGTC,expedition,2026-08-24 08:25:29.698812,14.763158,-16.916061,SR Thies,SR,Thies,normal
aadb364a87db48f195ef8bb76d19e33a,BCX8MKG7MFEU,expedition,2026-08-24 08:25:36.265865,14.761183,-16.916067,SR Thies,SR,Thies,normal
990521fac96f4a89b0f70d7a88471332,6TGCW3753Y9G,expedition,2026-08-24 08:25:43.247546,14.763151,-16.914118,SR Thies,SR,Thies,normal
d4bd8b318be74370938926fefb911d1a,N4XNK6KXCKVS,expedition,2026-08-24 08:25:51.817326,14.761975,-16.914847,SR Thies,SR,Thies,normal
8db95f5f07994cef948e3e03f25313ed,RRB8TX8472VJ,dispensation,2026-08-24 08:29:00,16.006246,-16.518329,Officine off.saintlouis1,officine,Saint-Louis,normal
d9d2730e4009466887487255a5bafdcd,K4QJHYEKTJ8F,dispensation,2026-08-24 08:40:00,14.802765,-16.924064,Officine off.thies1,officine,Thies,normal
7f76f8dd0c4949a7b78feacf78aa9808,CBXRXUGDQ3ZT,reception,2026-08-24 08:51:00,14.702483,-17.437817,Officine off.dakar1,officine,Dakar,normal
ce0c004d1a5641279ce4e759b323abe3,GSYBEMBDQUV2,reception,2026-08-24 08:51:06.910659,14.701584,-17.438299,Officine off.dakar1,officine,Dakar,normal
0c3209738c6342eeb04bc279c36ae088,CUXZ8JSRYVXF,reception,2026-08-24 08:51:21.017121,14.700818,-17.43922,Officine off.dakar1,officine,Dakar,normal
f917adfb5b604c68bdba1a548a338898,69MHEFFRU6WA,reception,2026-08-24 08:51:27.597098,14.700622,-17.43773,Officine off.dakar1,officine,Dakar,normal
13e708e9b58743cb9f4deea034313121,9HP7ZAFNCXZP,dispensation,2026-08-24 09:03:00,14.16181,-16.061101,Officine off.kaolack2,officine,Kaolack,normal
41b7eef12ead4028856894b4eeb3077d,A75HH38RXSBB,expedition,2026-08-24 09:04:00,14.6678,-17.464874,SR Dakar,SR,Dakar,normal
f32e48ec1467491caa05f53291f200ca,BQ6P6DXF7SCH,dispensation,2026-08-24 09:07:00,14.697586,-17.466593,Officine off.dakar3,officine,Dakar,normal
4104c3ac877145c098fff583ced9d913,SCHGD66Z74FN,reception,2026-08-24 09:10:00,14.143226,-16.064721,Officine off.kaolack1,officine,Kaolack,normal
cf46b954226f4836895cc72a940765a3,EBFYMF8K5BBU,reception,2026-08-24 09:10:14.685010,14.143965,-16.066386,Officine off.kaolack1,officine,Kaolack,normal
6be3a5ce81074ed680d03ac06acec4d7,9F29DDHDVAWR,reception,2026-08-24 09:10:23.824835,14.143808,-16.066233,Officine off.kaolack1,officine,Kaolack,normal
0c9ec62431cf400ea38e8cbb75ccb7ce,DGENCGRP4GHW,reception,2026-08-24 09:10:38.459302,14.142773,-16.065947,Officine off.kaolack1,officine,Kaolack,normal
fa118ac5154b4f7c9920d88b266491e8,USRBJTYB6AJH,reception,2026-08-24 09:10:48.130546,14.143696,-16.064467,Officine off.kaolack1,officine,Kaolack,normal
f666e3dce162488c83c1a5238fdca54d,G2VXEEB7AQPJ,expedition,2026-08-24 09:22:51.244687,16.011878,-16.513564,SR Saint-Louis,SR,Saint-Louis,normal
f7ac80c962c1488ca706ef0a5df75019,KH3Z8JMT44Q4,expedition,2026-08-24 09:22:58.127455,16.014403,-16.514309,SR Saint-Louis,SR,Saint-Louis,normal
74ad85989de7448ab406bb3b8606d335,ZQNGYNBRAEAG,expedition,2026-08-24 09:23:06.339045,16.013863,-16.511917,SR Saint-Louis,SR,Saint-Louis,normal
58f66dee43074d45a912b8676ae5d4fb,DKGZU5XFS4WT,reception,2026-08-24 09:31:53.965347,14.682083,-16.257045,Officine off.diourbel1,officine,Diourbel,normal
7176776833ad47fd9985b165ed24214b,MPHA53ZZYVCD,reception,2026-08-24 09:32:08.364654,14.681547,-16.255931,Officine off.diourbel1,officine,Diourbel,normal
415bfa73882148bf8d35b4f5a17a1ba9,N97RZSJVTU84,dispensation,2026-08-24 11:19:49.311920,14.681732,-16.255673,Officine off.diourbel1,officine,Diourbel,normal
5d7e437cf15a4e02a72e43df607269da,G5N5F6VFTP5Q,dispensation,2026-08-24 12:21:49.927773,16.007502,-16.516151,Officine off.saintlouis1,officine,Saint-Louis,normal
6e4f4e6aaef04dc2a7fb38fa57d009d7,TMK96EHFZGBF,dispensation,2026-08-24 13:48:37.429365,16.006625,-16.516156,Officine off.saintlouis1,officine,Saint-Louis,normal
ae2eea9d66df4c5e9c0e42842dec0611,JDAG4KB5PS2F,dispensation,2026-08-24 13:56:41.195143,14.697728,-17.467078,Officine off.dakar3,officine,Dakar,normal
1465ddf64e154eafaf8abb6378006630,JPB88ZGSDRYN,expedition,2026-08-24 15:40:39.388664,15.625472,-16.242701,SR Louga,SR,Louga,normal
1ec6319b5db34c90b57aba6bb146fb08,PGJGW57WVC9W,expedition,2026-08-24 15:40:50.684188,15.627517,-16.241635,SR Louga,SR,Louga,normal
f0522ce360f14dd0ab226477a50e7d4d,TY7NPAGKY2RY,expedition,2026-08-24 15:41:01.657023,15.625938,-16.241102,SR Louga,SR,Louga,normal
4bac1394fa17414584f4dd9830dd475a,QT2T3RFK5QDB,expedition,2026-08-24 15:41:07.979068,15.625905,-16.240994,SR Louga,SR,Louga,normal
aa8a24947e854e1bb576fe94f6d65671,KKXR72TGQBPK,expedition,2026-08-24 15:41:22.834744,15.627931,-16.241751,SR Louga,SR,Louga,normal
a861965c8e0f44d9bd1583835f5d47f9,WNGDAVW6NNSP,expedition,2026-08-24 15:41:31.617266,15.625287,-16.241645,SR Louga,SR,Louga,normal
1e1b664044bc43009d379a555a4e04ad,QXE8EPH9QFHC,expedition,2026-08-24 15:41:42.112124,15.626164,-16.241593,SR Louga,SR,Louga,normal
95f353e47a9f4b7b945357b582db96b3,4ME7JYNWSJKP,expedition,2026-08-24 15:41:55.822714,15.626844,-16.24239,SR Louga,SR,Louga,normal
bdd3a7b6038d4fe09bc2f87efafae051,SJ5NKTXPTR5M,expedition,2026-08-24 15:42:07.354331,15.625935,-16.243028,SR Louga,SR,Louga,normal
b4a882870608444689f853f29d5cd25a,S8QTAXUWHB6T,reception,2026-08-24 16:48:18.293872,14.158681,-16.099333,Grossiste Kaolack,grossisteRepartiteur,Kaolack,normal
1e7c8f65698d4e98b8452ee36734281f,7FC6J4APKZ2F,reception,2026-08-24 16:48:26.036005,14.157727,-16.099811,Grossiste Kaolack,grossisteRepartiteur,Kaolack,normal
769cfb06b5c94d15930ce6b34fc3ab2c,D8Y88NGWRNFY,reception,2026-08-24 16:48:35.335522,14.158977,-16.100267,Grossiste Kaolack,grossisteRepartiteur,Kaolack,normal
0506388aa43c4f41a1bd570864ac1fd9,VRD8FPXGY995,reception,2026-08-24 16:48:43.850829,14.156526,-16.100362,Grossiste Kaolack,grossisteRepartiteur,Kaolack,normal
2282a63cf1674d4db352c5efe089ccdb,GG6TVQ2M3ZYT,reception,2026-08-24 16:48:56.497153,14.156778,-16.099375,Grossiste Kaolack,grossisteRepartiteur,Kaolack,normal
fa2d653ca19749eb9e9d5dca741ecff8,MN8WYD4FQC3V,reception,2026-08-24 16:49:09.362113,14.158886,-16.098807,Grossiste Kaolack,grossisteRepartiteur,Kaolack,normal
f6d6ec1835a74002837f3ebb8b94df32,ANGTSA7B4YGF,reception,2026-08-24 16:49:16.356480,14.157284,-16.099119,Grossiste Kaolack,grossisteRepartiteur,Kaolack,normal
be475f41c2494e4fbacf7de574ce21e7,FGYYSWAWQNXV,reception,2026-08-24 16:49:28.060127,14.157698,-16.101334,Grossiste Kaolack,grossisteRepartiteur,Kaolack,normal
364f8ceb7a7f43c99ed19cc302d2a8b7,UQGWMZSFZVPA,reception,2026-08-24 16:49:37.027578,14.158023,-16.101573,Grossiste Kaolack,grossisteRepartiteur,Kaolack,normal
792e7ce0b8ed4e6abc11a1d817a991de,X4E9TX327WR8,reception,2026-08-24 16:49:44.888532,14.157258,-16.101452,Grossiste Kaolack,grossisteRepartiteur,Kaolack,normal
481538d625e14bb181468fa0aadb1db0,J7D23T3K65VZ,reception,2026-08-24 16:49:54.016804,14.15871,-16.100816,Grossiste Kaolack,grossisteRepartiteur,Kaolack,normal
60de2fe1d1fc49beb9ce50bf5377934c,8A8W68DCMKHP,reception,2026-08-24 16:50:02.514381,14.15754,-16.101576,Grossiste Kaolack,grossisteRepartiteur,Kaolack,normal
bd46210301424a39a93743e0a3bce402,YD8WHQ55ZGTF,reception,2026-08-24 16:50:10.085291,14.156868,-16.100665,Grossiste Kaolack,grossisteRepartiteur,Kaolack,normal
ee84f89eb93544e2b7be39f4c570023d,ZDVD6XXWNU8H,reception,2026-08-24 16:50:18.757660,14.1591,-16.100856,Grossiste Kaolack,grossisteRepartiteur,Kaolack,normal
0b731bafcec34e4098e312dca0b36184,DJ3CR5YBSVUE,reception,2026-08-24 16:50:29.462612,14.158128,-16.099263,Grossiste Kaolack,grossisteRepartiteur,Kaolack,normal
99b2f30a5bc149d297a907b9e6eaeb14,A8Z88KZTKDJT,reception,2026-08-24 16:50:40.430917,14.15861,-16.099469,Grossiste Kaolack,grossisteRepartiteur,Kaolack,normal
2bc36b8380994515b1c5c3c2a8d05f93,2342GYDAMAWN,reception,2026-08-24 16:50:50.298233,14.158793,-16.099893,Grossiste Kaolack,grossisteRepartiteur,Kaolack,normal
9466495fcd4d464b9176c0f01c473de0,YSTB7DY2SBBD,reception,2026-08-24 16:51:04.379045,14.156543,-16.098963,Grossiste Kaolack,grossisteRepartiteur,Kaolack,normal
35c9b852d5574132872a3ad147c81dcc,WHHYVS6YR4XC,reception,2026-08-24 16:51:19.256301,14.157708,-16.099762,Grossiste Kaolack,grossisteRepartiteur,Kaolack,normal
773d0409fa724db9934ec0ac0cf10ba8,44YUWK3AQCDS,reception,2026-08-24 16:51:31.955769,14.158703,-16.100407,Grossiste Kaolack,grossisteRepartiteur,Kaolack,normal
8b61ae6a88c4487dbd61d2e7edafbba3,67GWGXTQB7TM,reception,2026-08-24 16:51:38.611356,14.156227,-16.101392,Grossiste Kaolack,grossisteRepartiteur,Kaolack,normal
a6f40db595a4498ebef6175bfa0adf41,QP3623U3JHYF,reception,2026-08-24 16:51:47.211434,14.156299,-16.101707,Grossiste Kaolack,grossisteRepartiteur,Kaolack,normal
2b5c8dbf5f4743eca7b40cbbe52ff205,HKAQXN8GYTU2,reception,2026-08-24 16:51:58.197178,14.157848,-16.101611,Grossiste Kaolack,grossisteRepartiteur,Kaolack,normal
047509006b98441991d9d8fb143e2a5b,YG8QP962B9YM,reception,2026-08-24 16:52:07.086423,14.156883,-16.101665,Grossiste Kaolack,grossisteRepartiteur,Kaolack,normal
c3c17da2fc354da0bd03d0b558afeea3,V2XWZAJETNWN,reception,2026-08-24 16:52:21.748160,14.159097,-16.100959,Grossiste Kaolack,grossisteRepartiteur,Kaolack,normal
40656e682a404595a5256dca0b3f3ae1,RUM9FTCQ579T,reception,2026-08-24 16:52:30.182072,14.158681,-16.099695,Grossiste Kaolack,grossisteRepartiteur,Kaolack,normal
4822e80c13374129bffd3f41cd9e3337,9ZYM4S6VFDPH,reception,2026-08-24 16:52:42.652005,14.158153,-16.100355,Grossiste Kaolack,grossisteRepartiteur,Kaolack,normal
46c523cbfb184c4880bf44febbe3b29b,FB98KD9DVK69,reception,2026-08-24 16:52:54.648707,14.159068,-16.100282,Grossiste Kaolack,grossisteRepartiteur,Kaolack,normal
d3eea5a602814e85af7921e16ef84a86,VGBRB4BVVT8Q,reception,2026-08-24 16:53:06.825081,14.158594,-16.100614,Grossiste Kaolack,grossisteRepartiteur,Kaolack,normal
5ad69ad969c9419db980d11ec94d0f8e,ZE926M7ZMVKZ,reception,2026-08-24 16:53:20.054531,14.15691,-16.09951,Grossiste Kaolack,grossisteRepartiteur,Kaolack,normal
8192b316774c48fab2d12cf8d302e4aa,9XVPR59NEE2Q,reception,2026-08-24 16:53:33.938146,14.159062,-16.101621,Grossiste Kaolack,grossisteRepartiteur,Kaolack,normal
59dcbe4ee9b24e6695f555a36850efb7,QFWFB6N83B68,reception,2026-08-24 16:53:46.685232,14.157509,-16.10148,Grossiste Kaolack,grossisteRepartiteur,Kaolack,normal
e14a05a349c64b4bb5c1e420a05cd942,UVXTZXBZ6TJQ,reception,2026-08-24 16:53:56.467046,14.157568,-16.1004,Grossiste Kaolack,grossisteRepartiteur,Kaolack,normal
22ad83a735d7483f905549fa4861271c,YRR75A77J243,reception,2026-08-24 16:54:04.195161,14.15689,-16.098787,Grossiste Kaolack,grossisteRepartiteur,Kaolack,normal
5eb95c1f2f7d48f9a85caddde41f5fa4,AG69SDRNF95V,reception,2026-08-24 16:54:18.965097,14.156606,-16.09951,Grossiste Kaolack,grossisteRepartiteur,Kaolack,normal
f99e7310391f4392921068e4af0a69b4,9VEE3RM7XJHW,reception,2026-08-24 16:54:25.920877,14.157067,-16.099608,Grossiste Kaolack,grossisteRepartiteur,Kaolack,normal
45c2092c0b5f4f268557f032b81a5f00,FH5P66CFVSPN,reception,2026-08-24 16:54:39.192831,14.158033,-16.099946,Grossiste Kaolack,grossisteRepartiteur,Kaolack,normal
b2b6df75b2fd4c99856d38a8f8330d0c,FBP6MQ3WKFRK,reception,2026-08-24 16:54:49.058042,14.158326,-16.101161,Grossiste Kaolack,grossisteRepartiteur,Kaolack,normal
bbd04214120d4e129aee002f3bced1ce,ASQSP89A852W,reception,2026-08-24 16:55:02.267301,14.158247,-16.100233,Grossiste Kaolack,grossisteRepartiteur,Kaolack,normal
bced51bbffcd41dd92ef4c91c3f06919,DDAWM8SFYK9X,reception,2026-08-24 16:55:09.703170,14.15862,-16.101019,Grossiste Kaolack,grossisteRepartiteur,Kaolack,normal
8861f613dbc14f2a90d4a38133239c0a,RNRWWADWYQCE,reception,2026-08-24 16:55:22.073409,14.156809,-16.101315,Grossiste Kaolack,grossisteRepartiteur,Kaolack,normal
422a1ac3c91f4f8b8716b72e01fae4eb,JFTAHANHMX2W,reception,2026-08-24 16:55:30.189903,14.15837,-16.099725,Grossiste Kaolack,grossisteRepartiteur,Kaolack,normal
5a2bec17807c4a94a711e8f79ccfee84,P9A6TCYYXBZ6,reception,2026-08-24 16:55:38.386663,14.157525,-16.099789,Grossiste Kaolack,grossisteRepartiteur,Kaolack,normal
b00dd9ac52124fcd9eaaa48213325f5e,U9RFM8FUNXB8,reception,2026-08-24 16:55:47.744284,14.157764,-16.100794,Grossiste Kaolack,grossisteRepartiteur,Kaolack,normal
983e4d91c6ea4da385b24dce126f52ac,BTS7XDDX4TXE,reception,2026-08-24 16:56:01.074416,14.157037,-16.09898,Grossiste Kaolack,grossisteRepartiteur,Kaolack,normal
23dc8af6268c4531b8620c47f23a82ab,AXSECBVGV8ST,reception,2026-08-24 16:56:09.332253,14.157432,-16.100118,Grossiste Kaolack,grossisteRepartiteur,Kaolack,normal
8f8d29bbe8474ec68197593f17d1a470,QQAT85HJNE5C,reception,2026-08-24 16:56:22.607417,14.158512,-16.099385,Grossiste Kaolack,grossisteRepartiteur,Kaolack,normal
c19fba3cd4a94eec9fd5f836fe9553a5,WGSJ9DJ2EHQK,reception,2026-08-24 16:56:36.936260,14.157924,-16.100816,Grossiste Kaolack,grossisteRepartiteur,Kaolack,normal
dfd832a3bc514b76aaeaa2bd1fd0d583,UE2DM29PQDG9,reception,2026-08-24 16:56:50.773693,14.157681,-16.100434,Grossiste Kaolack,grossisteRepartiteur,Kaolack,normal
1e971ee1cfb44183ad98834d9286a49c,DMQ6VS9TA36P,reception,2026-08-24 16:57:05.017984,14.158626,-16.101552,Grossiste Kaolack,grossisteRepartiteur,Kaolack,normal
424ac6bdfed0452c947b07873511654f,A75HH38RXSBB,reception,2026-08-24 17:29:41.993207,14.696956,-17.466697,Officine off.dakar3,officine,Dakar,normal
8db3b22c8d044208a00b3b32765e4b6d,X4E9TX327WR8,expedition,2026-08-25 08:41:00,14.157477,-16.099126,Grossiste Kaolack,grossisteRepartiteur,Kaolack,normal
4b70e0aa56a34682a628893d15d223d8,A8Z88KZTKDJT,expedition,2026-08-25 08:41:08.812920,14.157287,-16.099909,Grossiste Kaolack,grossisteRepartiteur,Kaolack,normal
2a6f9c0c68aa43419e3c762627461fa7,AG69SDRNF95V,expedition,2026-08-25 08:41:20.138425,14.157727,-16.099453,Grossiste Kaolack,grossisteRepartiteur,Kaolack,normal
5ec4ab25984c4abe90d2c3ba5a11a8e1,K5KCW6J6CRSR,dispensation,2026-08-25 08:48:29.989974,14.160465,-16.061414,Officine off.kaolack2,officine,Kaolack,normal
0690dbb5fefb47be9f90ea2d8aa06591,G2VXEEB7AQPJ,reception,2026-08-25 08:55:00,16.006942,-16.517932,Officine off.saintlouis1,officine,Saint-Louis,normal
98917d878ab740d6b7f173ae832c345b,KH3Z8JMT44Q4,reception,2026-08-25 08:55:06.188098,16.006271,-16.517646,Officine off.saintlouis1,officine,Saint-Louis,normal
c4a4f3f5ff3b49f58e09a34640fdb52a,ZQNGYNBRAEAG,reception,2026-08-25 08:55:16.775750,16.006406,-16.518014,Officine off.saintlouis1,officine,Saint-Louis,normal
f6732fd2d2214a58881e29d9c1b55043,P6BYX7FQNA5F,dispensation,2026-08-25 08:57:00,12.588906,-16.26697,Officine off.ziguinchor1,officine,Ziguinchor,normal
e65a143203294eb18b30fcc1f505e39b,XC6G7QSDMZ8M,expedition,2026-08-25 09:00:00,12.607056,-16.272237,SR Ziguinchor,SR,Ziguinchor,normal
53bf656732f84d9a81f4dce98d211627,AAHU46NYG6AN,expedition,2026-08-25 09:00:13.716078,12.606141,-16.269726,SR Ziguinchor,SR,Ziguinchor,normal
1db78265b7b947e8840ecbe3565f07c8,5D8ZFXDSJ6Z5,expedition,2026-08-25 09:00:22.874383,12.606939,-16.269957,SR Ziguinchor,SR,Ziguinchor,normal
2d7d113fb27d4ed89efce1bb22da9a26,6R9TSUZQ8A6Q,expedition,2026-08-25 09:00:36.361793,12.607699,-16.270284,SR Ziguinchor,SR,Ziguinchor,normal
ac04c8b41eda4319b0cadcdfe035afa3,QWZ94REGNFTQ,expedition,2026-08-25 09:00:47.467370,12.608557,-16.271211,SR Ziguinchor,SR,Ziguinchor,normal
f86e1f96f8d34b078d358637f7e42d3f,FK6PYUJK9JRV,reception,2026-08-25 09:05:00,14.803287,-16.924007,Officine off.thies1,officine,Thies,normal
f5eafbd1f6664d55b190ab77ac7c5669,69FQ56EMGJ64,reception,2026-08-25 09:05:06.994504,14.802191,-16.923414,Officine off.thies1,officine,Thies,normal
9e332fd1012846a7a47332be7d97cafb,DT8CZCNKC64G,reception,2026-08-25 09:05:20.049730,14.803793,-16.925401,Officine off.thies1,officine,Thies,normal
07818225761a4903afc8725cc40501b7,3AW6VGBSAGTC,reception,2026-08-25 09:05:31.745288,14.802023,-16.924056,Officine off.thies1,officine,Thies,normal
509e682ba9124455a559b052a9b2b1c7,BCX8MKG7MFEU,reception,2026-08-25 09:05:44.738306,14.801528,-16.923977,Officine off.thies1,officine,Thies,normal
b987c99866574c2db7aac594b0f74f48,6TGCW3753Y9G,reception,2026-08-25 09:05:53.921567,14.80201,-16.925011,Officine off.thies1,officine,Thies,normal
f6a51c9b310d43d98f714242eea408ff,N4XNK6KXCKVS,reception,2026-08-25 09:06:07.321618,14.803056,-16.925789,Officine off.thies1,officine,Thies,normal
2d51fbbceec147c08db990045d47a834,8FMMFV6NXQ4F,dispensation,2026-08-25 09:12:00,16.006877,-16.518549,Officine off.saintlouis1,officine,Saint-Louis,normal
a60d39d33ef146f385d9624646e3ea04,RNEGUP8DQNPV,dispensation,2026-08-25 09:27:00,12.589048,-16.264447,Officine off.ziguinchor1,officine,Ziguinchor,normal
3d7af2d7e0f346b6987c44e4954f3ca5,FGYYSWAWQNXV,expedition,2026-08-25 09:40:13.559570,14.156841,-16.100935,Grossiste Kaolack,grossisteRepartiteur,Kaolack,normal
a5952344cc154a33bf1662af156c570b,J7D23T3K65VZ,expedition,2026-08-25 09:40:27.260786,14.158447,-16.099493,Grossiste Kaolack,grossisteRepartiteur,Kaolack,normal
31323701c2424222b23f8ecd3ee31e0a,ZDVD6XXWNU8H,expedition,2026-08-25 09:40:42.209597,14.159115,-16.101369,Grossiste Kaolack,grossisteRepartiteur,Kaolack,normal
2264af9012a3442f8123446771499021,HKAQXN8GYTU2,expedition,2026-08-25 09:40:48.731074,14.158943,-16.099292,Grossiste Kaolack,grossisteRepartiteur,Kaolack,normal
ac64c123919a495fbb0560d046d3761c,QFWFB6N83B68,expedition,2026-08-25 09:40:59.741512,14.156346,-16.099612,Grossiste Kaolack,grossisteRepartiteur,Kaolack,normal
d7e44f5842a349c2a677a27826870dc5,FBP6MQ3WKFRK,expedition,2026-08-25 09:41:08.270055,14.158927,-16.100023,Grossiste Kaolack,grossisteRepartiteur,Kaolack,normal
ef340b785cc74640936277b93520c5be,ASQSP89A852W,expedition,2026-08-25 09:41:18.579230,14.157229,-16.099267,Grossiste Kaolack,grossisteRepartiteur,Kaolack,normal
cb341702d82f4c11b7d83e3f5fe08016,U9RFM8FUNXB8,expedition,2026-08-25 09:41:25.859431,14.157372,-16.099501,Grossiste Kaolack,grossisteRepartiteur,Kaolack,normal
3d47f4c359644d0698a3fb0202990733,BTS7XDDX4TXE,expedition,2026-08-25 09:41:38.153304,14.158882,-16.1008,Grossiste Kaolack,grossisteRepartiteur,Kaolack,normal
d43efe49546844709e912ec9a5109e90,WGSJ9DJ2EHQK,expedition,2026-08-25 09:41:48.127442,14.156228,-16.098958,Grossiste Kaolack,grossisteRepartiteur,Kaolack,normal
792441897d20467a8b1fcb92287efc0b,DMQ6VS9TA36P,expedition,2026-08-25 09:41:59.249839,14.158865,-16.101198,Grossiste Kaolack,grossisteRepartiteur,Kaolack,normal
3d2702d81b1e41869dbe21b38dc3b200,JPB88ZGSDRYN,reception,2026-08-25 14:40:32.024646,15.6093,-16.252431,Officine off.louga1,officine,Louga,normal
f09ba9a80b58437e89416608ef110ad7,PGJGW57WVC9W,reception,2026-08-25 14:40:44.529819,15.609051,-16.252626,Officine off.louga1,officine,Louga,normal
853cb2449c7f44c69ccecb9779510118,TY7NPAGKY2RY,reception,2026-08-25 14:40:58.565873,15.610605,-16.251415,Officine off.louga1,officine,Louga,normal
5553eb1f01b545c0be042496dc96391b,QT2T3RFK5QDB,reception,2026-08-25 14:41:06.789549,15.610455,-16.253544,Officine off.louga1,officine,Louga,normal
84b19e3a165f46678a84e4786f651578,KKXR72TGQBPK,reception,2026-08-25 14:41:18.372706,15.609671,-16.252076,Officine off.louga1,officine,Louga,normal
59bae05826024914aeac2bdd502ebb82,WNGDAVW6NNSP,reception,2026-08-25 14:41:24.392592,15.609523,-16.251767,Officine off.louga1,officine,Louga,normal
7c28cb6ccde3471eab9512665ae2c80b,QXE8EPH9QFHC,reception,2026-08-25 14:41:34.111297,15.608666,-16.25181,Officine off.louga1,officine,Louga,normal
7ac7884c86fb4bc499337cfdbb5cfd51,4ME7JYNWSJKP,reception,2026-08-25 14:41:48.367325,15.60867,-16.250667,Officine off.louga1,officine,Louga,normal
f10ae3607ae240fb8ddb01af8fcd5469,SJ5NKTXPTR5M,reception,2026-08-25 14:42:03.103831,15.608391,-16.250888,Officine off.louga1,officine,Louga,normal
73177765c1d8449ca26a6716df312b3a,A7W8QE3UW8VP,dispensation,2026-08-25 17:31:45.532372,16.006627,-16.517842,Officine off.saintlouis1,officine,Saint-Louis,normal
e658c3c8a2b44d018fa82177ec0d8565,S8QTAXUWHB6T,expedition,2026-08-26 08:21:00,14.157433,-16.101318,Grossiste Kaolack,grossisteRepartiteur,Kaolack,normal
6432a2b94b4f40dcaf169f4fea531236,GG6TVQ2M3ZYT,expedition,2026-08-26 08:21:13.043805,14.158277,-16.100521,Grossiste Kaolack,grossisteRepartiteur,Kaolack,normal
e158375bf69a4e53b0942ded4e77276b,UQGWMZSFZVPA,expedition,2026-08-26 08:21:23.972426,14.157262,-16.101025,Grossiste Kaolack,grossisteRepartiteur,Kaolack,normal
68cd15bfe5ac45b7a14e4ef458be4a3f,67GWGXTQB7TM,expedition,2026-08-26 08:21:33.289664,14.156745,-16.099885,Grossiste Kaolack,grossisteRepartiteur,Kaolack,normal
63653ebbe9f84387869b8fe00dbee7ac,V2XWZAJETNWN,expedition,2026-08-26 08:21:43.599537,14.156629,-16.101686,Grossiste Kaolack,grossisteRepartiteur,Kaolack,normal
073ef2e5ff944a138f0813f6a6d32d7a,AX58CJM4RN7X,dispensation,2026-08-26 08:26:00,14.81137,-16.924879,Officine off.thies2,officine,Thies,normal
e8010651b75440109e302b67a12030ce,X4E9TX327WR8,reception,2026-08-26 08:26:00,14.153339,-16.043677,SR Kaolack,SR,Kaolack,normal
69f378570c53448b9b43f21860e9580b,A8Z88KZTKDJT,reception,2026-08-26 08:26:07.405274,14.151057,-16.04275,SR Kaolack,SR,Kaolack,normal
27c22023262149698345ae173af482d0,AG69SDRNF95V,reception,2026-08-26 08:26:18.368636,14.151042,-16.042432,SR Kaolack,SR,Kaolack,normal
0aa4aefd70ac40f3880963a6af0d4e12,D8Y88NGWRNFY,expedition,2026-08-26 09:01:00,14.157969,-16.099969,Grossiste Kaolack,grossisteRepartiteur,Kaolack,normal
f9900bf1c73c4e0abc279445a23ed9db,MN8WYD4FQC3V,expedition,2026-08-26 09:01:11.547529,14.156637,-16.098776,Grossiste Kaolack,grossisteRepartiteur,Kaolack,normal
d1aee0b6a80f4e49b56aa99ef9fdbafa,DJ3CR5YBSVUE,expedition,2026-08-26 09:01:24.289143,14.158381,-16.0995,Grossiste Kaolack,grossisteRepartiteur,Kaolack,normal
04bc343f78e843588e00c6342a98725e,YG8QP962B9YM,expedition,2026-08-26 09:01:31.785091,14.157302,-16.100098,Grossiste Kaolack,grossisteRepartiteur,Kaolack,normal
ca1357017342446fa3435e8a6154c78c,RUM9FTCQ579T,expedition,2026-08-26 09:01:45.701724,14.157901,-16.101025,Grossiste Kaolack,grossisteRepartiteur,Kaolack,normal
e14ef2a80d9e4f1fa2eedab9fd33640d,VGBRB4BVVT8Q,expedition,2026-08-26 09:01:59.500175,14.156795,-16.09952,Grossiste Kaolack,grossisteRepartiteur,Kaolack,normal
66761dbb0a82451bb99ad665a1a6f267,GAN38W2AANPJ,dispensation,2026-08-26 09:06:36.588846,16.006978,-16.517122,Officine off.saintlouis1,officine,Saint-Louis,normal
ab024c680336466fb7ad3687d5592e5f,9NRCU2KN5H7J,dispensation,2026-08-26 09:07:00,13.756016,-13.673268,Officine off.tamba1,officine,Tambacounda,normal
52e78678542f4a5aa14c0fd6280a0b77,3MCG8V5EPFK9,dispensation,2026-08-26 09:12:00,15.609854,-16.25192,Officine off.louga1,officine,Louga,normal
6967f3afa14d41adae4f932c1caa8f01,VRD8FPXGY995,expedition,2026-08-26 09:13:00,14.157128,-16.099118,Grossiste Kaolack,grossisteRepartiteur,Kaolack,normal
9f33964fb8024b8c80ea23c6d970ea4c,ANGTSA7B4YGF,expedition,2026-08-26 09:13:13.744304,14.158777,-16.099931,Grossiste Kaolack,grossisteRepartiteur,Kaolack,normal
1b8765c4ad8c476d91ccceaf6fc08e49,WHHYVS6YR4XC,expedition,2026-08-26 09:13:21.814989,14.156775,-16.100776,Grossiste Kaolack,grossisteRepartiteur,Kaolack,normal
696895b94fde4e23a738cfa309642da4,9ZYM4S6VFDPH,expedition,2026-08-26 09:13:34.624852,14.156662,-16.101378,Grossiste Kaolack,grossisteRepartiteur,Kaolack,normal
c027fbd5bd7c47168323c865f78220ef,9XVPR59NEE2Q,expedition,2026-08-26 09:13:45.532193,14.158061,-16.100794,Grossiste Kaolack,grossisteRepartiteur,Kaolack,normal
c926faa1e5ee4ad1802c478503a8e95d,9VEE3RM7XJHW,expedition,2026-08-26 09:13:52.998798,14.156688,-16.100311,Grossiste Kaolack,grossisteRepartiteur,Kaolack,normal
59072ba622604d2ab96a8de6e1c93c7a,FH5P66CFVSPN,expedition,2026-08-26 09:14:05.707864,14.157424,-16.099426,Grossiste Kaolack,grossisteRepartiteur,Kaolack,normal
d6197969be9546439a33be59fb6daae2,DDAWM8SFYK9X,expedition,2026-08-26 09:14:13.773700,14.156514,-16.098965,Grossiste Kaolack,grossisteRepartiteur,Kaolack,normal
3f3ee727f89642bdb228b1c214b319c7,P9A6TCYYXBZ6,expedition,2026-08-26 09:14:21.271905,14.156631,-16.100775,Grossiste Kaolack,grossisteRepartiteur,Kaolack,normal
bc882aa421fc4bdaaf17de2f33db4c68,AXSECBVGV8ST,expedition,2026-08-26 09:14:32.689531,14.156673,-16.098727,Grossiste Kaolack,grossisteRepartiteur,Kaolack,normal
4a403e9bb78c4c29bc4f2356919df157,ZCDAWXAYECTK,dispensation,2026-08-26 09:17:00,15.60844,-16.253548,Officine off.louga1,officine,Louga,normal
c92a7b60bee3408d831dae35a2059657,7FC6J4APKZ2F,expedition,2026-08-26 09:18:33.326897,14.157321,-16.10125,Grossiste Kaolack,grossisteRepartiteur,Kaolack,normal
32bee9fec95c4e1eb2ffabce05c8494d,YSTB7DY2SBBD,expedition,2026-08-26 09:18:47.228963,14.158828,-16.101635,Grossiste Kaolack,grossisteRepartiteur,Kaolack,normal
ed342f6e66134c9786e7adb4b204a5c6,44YUWK3AQCDS,expedition,2026-08-26 09:18:54.823076,14.157462,-16.098939,Grossiste Kaolack,grossisteRepartiteur,Kaolack,normal
74f9534fb25d4c5fb17498ccb6cee2de,QP3623U3JHYF,expedition,2026-08-26 09:19:08.482996,14.158804,-16.099092,Grossiste Kaolack,grossisteRepartiteur,Kaolack,normal
f626585388594722abd1b275200f6ccc,FB98KD9DVK69,expedition,2026-08-26 09:19:21.672968,14.157271,-16.10089,Grossiste Kaolack,grossisteRepartiteur,Kaolack,normal
91c2e2e784364f6d98b2c9d508862e48,FGYYSWAWQNXV,reception,2026-08-26 09:21:00,14.684654,-16.244169,SR Diourbel,SR,Diourbel,normal
7a228c8cb0a44dfeb7f24d6ca4be629f,J7D23T3K65VZ,reception,2026-08-26 09:21:11.848964,14.684014,-16.241865,SR Diourbel,SR,Diourbel,normal
f3f6a223b2fa4d4184b611020560af7c,ZDVD6XXWNU8H,reception,2026-08-26 09:21:23.558808,14.682933,-16.242012,SR Diourbel,SR,Diourbel,normal
ae82af8ad2b849ff8e7b0880a69ca306,HKAQXN8GYTU2,reception,2026-08-26 09:21:29.657902,14.682547,-16.243649,SR Diourbel,SR,Diourbel,normal
c91436b67cc740a9abb71f0eee6f11b4,QFWFB6N83B68,reception,2026-08-26 09:21:39.072639,14.683482,-16.243151,SR Diourbel,SR,Diourbel,normal
e1c62a69df7e4845a381889b3d6696ad,FBP6MQ3WKFRK,reception,2026-08-26 09:21:47.586603,14.6835,-16.242355,SR Diourbel,SR,Diourbel,normal
3f543b3f8a15447faa9ed6070035c183,ASQSP89A852W,reception,2026-08-26 09:22:02.479661,14.685179,-16.24301,SR Diourbel,SR,Diourbel,normal
2d5d002fa9024378b549d33a8d1b8bed,U9RFM8FUNXB8,reception,2026-08-26 09:22:12.515773,14.683185,-16.242568,SR Diourbel,SR,Diourbel,normal
ed73fe7539f540f1b2fa238679ab7cf1,BTS7XDDX4TXE,reception,2026-08-26 09:22:22.973211,14.682693,-16.24411,SR Diourbel,SR,Diourbel,normal
dfdc5ec051ce40f78fcb91b32655349e,WGSJ9DJ2EHQK,reception,2026-08-26 09:22:32.894774,14.683532,-16.243325,SR Diourbel,SR,Diourbel,normal
1f7d894073ca41049dde4ab6503e0399,DMQ6VS9TA36P,reception,2026-08-26 09:22:39.791732,14.683818,-16.243946,SR Diourbel,SR,Diourbel,normal
c3dfd4b308844898828cc245d70706b3,XC6G7QSDMZ8M,reception,2026-08-26 09:29:00,12.589204,-16.264379,Officine off.ziguinchor1,officine,Ziguinchor,normal
cad671b1c74744989a508b302096257a,AAHU46NYG6AN,reception,2026-08-26 09:29:09.331749,12.588886,-16.265041,Officine off.ziguinchor1,officine,Ziguinchor,normal
c490b16de0d54833b9619968f0697ca8,5D8ZFXDSJ6Z5,reception,2026-08-26 09:29:18.944620,12.587693,-16.265501,Officine off.ziguinchor1,officine,Ziguinchor,normal
21f8e9f28e964a01a7fdd5334a88569c,6R9TSUZQ8A6Q,reception,2026-08-26 09:29:28.218906,12.588484,-16.264752,Officine off.ziguinchor1,officine,Ziguinchor,normal
734ee38a3d674a749bff32050c1e3e81,QWZ94REGNFTQ,reception,2026-08-26 09:29:41.739898,12.590393,-16.265783,Officine off.ziguinchor1,officine,Ziguinchor,normal
90fa95613c694fada9245f4b06462ec3,6R9TSUZQ8A6Q,reception,2026-08-26 10:07:37.983710,14.70158,-17.43864,Officine off.dakar1,officine,Dakar,trajetInhabituel
8431062fef134b55acbff72778798ba9,8A8W68DCMKHP,expedition,2026-08-26 10:11:02.310916,14.158029,-16.09884,Grossiste Kaolack,grossisteRepartiteur,Kaolack,normal
a6fd7953be73475887b112fe02d01bcc,ZE926M7ZMVKZ,expedition,2026-08-26 10:11:16.494657,14.159065,-16.099872,Grossiste Kaolack,grossisteRepartiteur,Kaolack,normal
6d39d8201c1f4ab5af724582eff4ed61,UVXTZXBZ6TJQ,expedition,2026-08-26 10:11:30.388493,14.158451,-16.101178,Grossiste Kaolack,grossisteRepartiteur,Kaolack,normal
6bf56aef475b48d98342bec0ea0bddcc,QQAT85HJNE5C,expedition,2026-08-26 10:11:42.413256,14.157317,-16.098983,Grossiste Kaolack,grossisteRepartiteur,Kaolack,normal
51ce1a4bbf7e48f1aaff200ea4461676,2342GYDAMAWN,expedition,2026-08-26 10:11:56.256959,14.157722,-16.100949,Grossiste Kaolack,grossisteRepartiteur,Kaolack,normal
745df5435bbe49379ce6ff54d0dcfa24,YRR75A77J243,expedition,2026-08-26 10:12:08.902779,14.158796,-16.099249,Grossiste Kaolack,grossisteRepartiteur,Kaolack,normal
f52e03226b22402a94a689893a00bb49,JFTAHANHMX2W,expedition,2026-08-26 10:12:19.155113,14.156882,-16.099909,Grossiste Kaolack,grossisteRepartiteur,Kaolack,normal
0eeba6b750584bfcbe9b876958b200b6,ZQNGYNBRAEAG,dispensation,2026-08-26 11:29:34.279573,16.007197,-16.516915,Officine off.saintlouis1,officine,Saint-Louis,normal
af4629f8ba184545a69301a88530a419,Q5VJ3UDSKA6A,dispensation,2026-08-26 13:34:28.856569,14.813621,-16.924575,Officine off.thies2,officine,Thies,normal
3acae06c1ada4b69a5df4a97d72a5506,PQNU493NP49Y,dispensation,2026-08-26 15:14:40.295764,14.144172,-16.066383,Officine off.kaolack1,officine,Kaolack,normal
ae333847296d4024902025d031c3f69e,YD8WHQ55ZGTF,expedition,2026-08-26 15:56:50.529888,14.15627,-16.100579,Grossiste Kaolack,grossisteRepartiteur,Kaolack,normal
85bc52ff910f4e43bfa0ef6f02fb3f16,RNRWWADWYQCE,expedition,2026-08-26 15:57:02.774792,14.157389,-16.101519,Grossiste Kaolack,grossisteRepartiteur,Kaolack,normal
03e84f6dbd5f42bda1ad301af2b6f9af,UE2DM29PQDG9,expedition,2026-08-26 15:57:16.060371,14.157089,-16.101683,Grossiste Kaolack,grossisteRepartiteur,Kaolack,normal
e3fb7e5690334199932c874fa6849355,CUXZ8JSRYVXF,dispensation,2026-08-26 16:07:57.925817,14.702863,-17.437585,Officine off.dakar1,officine,Dakar,normal
aff56bc24b3b4f10a59a13e9ad5c872c,X4E9TX327WR8,expedition,2026-08-26 16:47:44.370086,14.153532,-16.043101,SR Kaolack,SR,Kaolack,normal
d88172d09fd348a0974bd744646feeec,A8Z88KZTKDJT,expedition,2026-08-26 16:47:55.636027,14.153627,-16.043464,SR Kaolack,SR,Kaolack,normal
016b1bf5c2b442c29c5d8d84f7ec4497,S8QTAXUWHB6T,reception,2026-08-27 08:02:00,12.607297,-16.272048,SR Ziguinchor,SR,Ziguinchor,normal
f53499e4a43c47c18984b271a21f48c8,GG6TVQ2M3ZYT,reception,2026-08-27 08:02:11.298012,12.605919,-16.27023,SR Ziguinchor,SR,Ziguinchor,normal
144687889eae40459680b54ff31b2407,UQGWMZSFZVPA,reception,2026-08-27 08:02:24.655185,12.607751,-16.271235,SR Ziguinchor,SR,Ziguinchor,normal
653eb1f4831948e39470cb63436901e1,67GWGXTQB7TM,reception,2026-08-27 08:02:31.889161,12.606167,-16.269727,SR Ziguinchor,SR,Ziguinchor,normal
0b161eb5e3374431a4698da03feb63b4,V2XWZAJETNWN,reception,2026-08-27 08:02:43.696000,12.606998,-16.272242,SR Ziguinchor,SR,Ziguinchor,normal
d9c2c18d856e4cf6905ef098170607bb,257MQ37SEVY5,expedition,2026-08-27 08:03:00,14.717492,-17.470164,Laboratoire Historique,fabricant,Dakar,normal
5520356a71f546beada4bda21db14e25,EBDVHKBT6FQJ,expedition,2026-08-27 08:03:06.899588,14.717836,-17.471465,Laboratoire Historique,fabricant,Dakar,normal
4f24644c76af4000a41e20a833dcfbe1,X99Q39HR5CSN,expedition,2026-08-27 08:03:20.482756,14.71715,-17.470578,Laboratoire Historique,fabricant,Dakar,normal
43cbb125e2824a3198e8d54f0c9b5732,HEG5T74JZ7QW,expedition,2026-08-27 08:03:35.469837,14.717181,-17.469232,Laboratoire Historique,fabricant,Dakar,normal
7b2fcdd0ec0849cea53edb0f10ae4c3f,JF7FQE4DTS7Y,expedition,2026-08-27 08:03:45.612974,14.719341,-17.470877,Laboratoire Historique,fabricant,Dakar,normal
fc1d10fd0e81462182a579d663e011bf,G9DQTZAYYZJJ,expedition,2026-08-27 08:03:58.031946,14.717363,-17.470303,Laboratoire Historique,fabricant,Dakar,normal
22ea2414e0804446aff4d3b9eb67039b,74RVV7KWB7YX,expedition,2026-08-27 08:04:11.624789,14.716853,-17.469474,Laboratoire Historique,fabricant,Dakar,normal
51a10ca5410b49d78234c25cbae7d332,HHFGZNJ8VAC6,expedition,2026-08-27 08:04:19.230187,14.718906,-17.469568,Laboratoire Historique,fabricant,Dakar,normal
e7f9ad85ae3f4a439561fef21394f25b,ASXDN39F6RSP,expedition,2026-08-27 08:04:30.167627,14.717748,-17.471372,Laboratoire Historique,fabricant,Dakar,normal
8905af7b2dba405a8cb02dadcd6893f9,TMQK928FJF3Q,expedition,2026-08-27 08:04:36.928498,14.718134,-17.470795,Laboratoire Historique,fabricant,Dakar,normal
23300e8465e644d88fb2184dd9465c7f,PJAKTNJ49HXA,expedition,2026-08-27 08:04:43.181955,14.718456,-17.469048,Laboratoire Historique,fabricant,Dakar,normal
de98ee6e3fbd4a6fbdf0dfa00b1c4f1b,GN38E56QA85P,expedition,2026-08-27 08:04:52.011830,14.719023,-17.469997,Laboratoire Historique,fabricant,Dakar,normal
353d4761688a4a7b82482e411c470d84,ZZQWE4AQQBH5,expedition,2026-08-27 08:05:05.403521,14.716701,-17.468696,Laboratoire Historique,fabricant,Dakar,normal
99f514d80a74471c90aa9239e66537dd,Y34PFDQCSEE8,expedition,2026-08-27 08:05:17.714938,14.717388,-17.46886,Laboratoire Historique,fabricant,Dakar,normal
fc46739f18bd462496569da926fd34cb,HU6W68KZ8ZRF,expedition,2026-08-27 08:05:32.085242,14.7166,-17.471442,Laboratoire Historique,fabricant,Dakar,normal
986414c5583f4502b95f331a2c102b05,EZSCR2BDWTVZ,expedition,2026-08-27 08:05:40.784452,14.719147,-17.4693,Laboratoire Historique,fabricant,Dakar,normal
f5fa3345d4d54facb2d1acafdcfadc2f,HD5UU278YJU7,expedition,2026-08-27 08:05:55.238216,14.71734,-17.469257,Laboratoire Historique,fabricant,Dakar,normal
3808588e1f144608b4165573a092c615,3WJ5PWCC5MCQ,expedition,2026-08-27 08:06:09.466435,14.719217,-17.46955,Laboratoire Historique,fabricant,Dakar,normal
72329c00d8c74586b9fc71d16654b471,RGMA2TP8BHFN,expedition,2026-08-27 08:06:19.141569,14.718943,-17.470368,Laboratoire Historique,fabricant,Dakar,normal
d2553029703b434990bf963a825988ea,KKVMKNDTU94V,expedition,2026-08-27 08:06:25.203666,14.71751,-17.470229,Laboratoire Historique,fabricant,Dakar,normal
db3af599efea4b6b9d22db84c8fb7263,6EPVKGRJ4MM7,expedition,2026-08-27 08:06:37.849588,14.718079,-17.470536,Laboratoire Historique,fabricant,Dakar,normal
ad9fabd6c395421f95f06ab5e4ee768b,8KWZKWCYQ6EG,expedition,2026-08-27 08:06:50.121551,14.719203,-17.47056,Laboratoire Historique,fabricant,Dakar,normal
4ec61873f473478bbf9de1a8dc294661,BNG5G655JCUG,expedition,2026-08-27 08:06:57.971969,14.717963,-17.469053,Laboratoire Historique,fabricant,Dakar,normal
39dd4d8ba2de4bdb810582a50642b037,4FUCDMYQWTV4,expedition,2026-08-27 08:07:11.436148,14.718556,-17.469781,Laboratoire Historique,fabricant,Dakar,normal
c6ee96054a724bd3aa27068742008e58,HW3EBEX7V26T,expedition,2026-08-27 08:07:22.422225,14.717489,-17.47087,Laboratoire Historique,fabricant,Dakar,normal
5cc06a54211641699feb09de026aae3e,BM5N48HA2UKG,expedition,2026-08-27 08:07:29.213038,14.718628,-17.470309,Laboratoire Historique,fabricant,Dakar,normal
efe937bb62bb4a62805985ec7b4b227c,CN8K38SAT3ZA,expedition,2026-08-27 08:07:38.027826,14.716525,-17.468945,Laboratoire Historique,fabricant,Dakar,normal
f576643a36b4452aaa141bb5ad487a0d,K6M3HQCQNF2K,expedition,2026-08-27 08:07:52.182937,14.718267,-17.471403,Laboratoire Historique,fabricant,Dakar,normal
441b97b607754866a7595a7d58a01b46,FJ3SAD4PY88U,dispensation,2026-08-27 08:08:00,16.007825,-16.515674,Officine off.saintlouis1,officine,Saint-Louis,normal
03bc9928ddfe4620a509a726f3b3d5f3,HZEJ9UYFCSAY,expedition,2026-08-27 08:08:06.998338,14.717315,-17.468879,Laboratoire Historique,fabricant,Dakar,normal
488cf78ebba74e76b1fc850252abb156,ZDFAF4XQ3XGJ,expedition,2026-08-27 08:08:18.442458,14.716559,-17.469877,Laboratoire Historique,fabricant,Dakar,normal
d4cd65fc37ba4d27aab4c85026247d15,EMU989GSYNQ2,expedition,2026-08-27 08:08:31.045292,14.718746,-17.470146,Laboratoire Historique,fabricant,Dakar,normal
044c73d7592a4ea79cb4d26726af5ccd,36984YPRZK82,expedition,2026-08-27 08:08:39.306384,14.718766,-17.469795,Laboratoire Historique,fabricant,Dakar,normal
d2bfccf6abe0472aa6cb9d39921d2136,QZPFQT5QDYFT,expedition,2026-08-27 08:08:46.798552,14.717209,-17.470306,Laboratoire Historique,fabricant,Dakar,normal
aac6c584fe394616a93aa2f1e064c0c9,ZNB98D5VY4A2,expedition,2026-08-27 08:09:00.791968,14.716434,-17.469225,Laboratoire Historique,fabricant,Dakar,normal
62080c5c7dda460d87b98358e5ed0086,B5H8VBB2W5Q2,expedition,2026-08-27 08:09:12.842031,14.718221,-17.471029,Laboratoire Historique,fabricant,Dakar,normal
cd6961219e9f417eb7be9fbeb7205181,DGXMWFTSAMST,expedition,2026-08-27 08:09:19.029659,14.716679,-17.470331,Laboratoire Historique,fabricant,Dakar,normal
76833aa2c37a4115a0d3d93131f3f657,ZHREQPGSM6DP,expedition,2026-08-27 08:09:29.461453,14.716465,-17.470566,Laboratoire Historique,fabricant,Dakar,normal
251107a3791f415f8ae44a76c3cd5c65,MCU6R3EM58W6,expedition,2026-08-27 08:09:35.575208,14.717999,-17.46992,Laboratoire Historique,fabricant,Dakar,normal
e7e1cda26eb84806b695293d4c13a630,4H3DDFGZA967,expedition,2026-08-27 08:09:48.393799,14.718414,-17.471268,Laboratoire Historique,fabricant,Dakar,normal
5d536f18f4d44ff98165287c56d4f246,4X2F3X2MKJ8W,expedition,2026-08-27 08:09:54.688729,14.718063,-17.470974,Laboratoire Historique,fabricant,Dakar,normal
b35c1d1ccb454e9898e2dca06cd948e3,K37EBCQMX2TR,expedition,2026-08-27 08:10:02.888968,14.718418,-17.469517,Laboratoire Historique,fabricant,Dakar,normal
de8239d41d4e4761a90e1f818084bf56,NGPCRU9X8SFX,expedition,2026-08-27 08:10:15.954265,14.719141,-17.468593,Laboratoire Historique,fabricant,Dakar,normal
eca096b53c0c4162a4d039c482b7e1cf,4KD847TCZJ2H,expedition,2026-08-27 08:10:29.146983,14.719158,-17.471414,Laboratoire Historique,fabricant,Dakar,normal
30416aa753214d52b1edd40bc3d26421,EEYUCJQSPGXD,expedition,2026-08-27 08:10:36.311537,14.719047,-17.469727,Laboratoire Historique,fabricant,Dakar,normal
7b477037a56f44a49eee36b02f29068f,VRBSGF22N6UJ,expedition,2026-08-27 08:10:48.476493,14.71701,-17.470707,Laboratoire Historique,fabricant,Dakar,normal
6a97defad99f47348d92931389ece861,5SW2Q98RR3GG,expedition,2026-08-27 08:10:58.456647,14.71808,-17.470279,Laboratoire Historique,fabricant,Dakar,normal
35fcade9794b429095e20032d1df9065,NC3RTG7B83SZ,expedition,2026-08-27 08:11:10.142907,14.71936,-17.470198,Laboratoire Historique,fabricant,Dakar,normal
f83640676a044c31a7e55ffcc0c6d71b,4HQN9DKB8T6G,expedition,2026-08-27 08:11:22.373880,14.71879,-17.469175,Laboratoire Historique,fabricant,Dakar,normal
3f451871c9e946eabb39c9d11d293ff6,VH9QGUQMYH8V,expedition,2026-08-27 08:11:35.663760,14.716855,-17.47081,Laboratoire Historique,fabricant,Dakar,normal
d68fde70169240a88aac67781866fe36,YAY9URTXBZSQ,expedition,2026-08-27 08:11:49.776593,14.716599,-17.468828,Laboratoire Historique,fabricant,Dakar,normal
eb26e1acedc44939871c37774f493999,CUKPF33FSAK2,dispensation,2026-08-27 08:14:00,13.754851,-13.674109,Officine off.tamba1,officine,Tambacounda,normal
f6d3c1ad7fca4707b1bc8b1154aade05,AG69SDRNF95V,expedition,2026-08-27 08:14:00,14.153632,-16.042288,SR Kaolack,SR,Kaolack,normal
bf766d81f3ef4b91841cf4b7b6692b73,9FG972YHYDZK,dispensation,2026-08-27 08:26:00,12.588321,-16.264587,Officine off.ziguinchor1,officine,Ziguinchor,normal
f86f6e32e1104665b33bb54934752aa4,VRD8FPXGY995,reception,2026-08-27 08:32:00,15.627507,-16.241237,SR Louga,SR,Louga,normal
8be99aff90cc4345a9300cdd30f6d355,ANGTSA7B4YGF,reception,2026-08-27 08:32:06.829544,15.625625,-16.241969,SR Louga,SR,Louga,normal
39ee91480420447ba48756002f3f3d46,WHHYVS6YR4XC,reception,2026-08-27 08:32:16.592413,15.625752,-16.240651,SR Louga,SR,Louga,normal
a7bde9b0eedd42c49687c4b335e6e974,9ZYM4S6VFDPH,reception,2026-08-27 08:32:26.898028,15.626142,-16.241963,SR Louga,SR,Louga,normal
1f5a5e01da47433999848c9a32a661f2,9XVPR59NEE2Q,reception,2026-08-27 08:32:36.004890,15.625661,-16.241012,SR Louga,SR,Louga,normal
20d59e24aa3b4fe4800f409f14ef3ec8,9VEE3RM7XJHW,reception,2026-08-27 08:32:49.253546,15.628081,-16.240684,SR Louga,SR,Louga,normal
e7b3d95a72084969acd6e9782be1903f,FH5P66CFVSPN,reception,2026-08-27 08:32:59.094659,15.627771,-16.241564,SR Louga,SR,Louga,normal
31a5532cd20a41b3b589a71dca381fce,FYHKJJRF2F3U,dispensation,2026-08-27 08:33:00,14.70131,-17.438097,Officine off.dakar1,officine,Dakar,normal
f3f980b3078e415f99777e02750cb9e0,DDAWM8SFYK9X,reception,2026-08-27 08:33:09.119464,15.626671,-16.240993,SR Louga,SR,Louga,normal
a480d2877fe047e98b42ba7302de47ad,P9A6TCYYXBZ6,reception,2026-08-27 08:33:23.500570,15.627675,-16.242061,SR Louga,SR,Louga,normal
7486987249d4448f8e54f63506193520,AXSECBVGV8ST,reception,2026-08-27 08:33:38.481558,15.626165,-16.242699,SR Louga,SR,Louga,normal
9977dc96d48b472e871d2f9994c917ea,QG967ADKKCP2,dispensation,2026-08-27 08:53:00,12.590224,-16.264695,Officine off.ziguinchor1,officine,Ziguinchor,normal
15684ec8c799492d946d9d6ebe9d3f7e,YD8WHQ55ZGTF,reception,2026-08-27 09:17:00,16.012039,-16.512349,SR Saint-Louis,SR,Saint-Louis,normal
f3266158a3834234aa10abe91a5f72f2,RNRWWADWYQCE,reception,2026-08-27 09:17:06.416139,16.012438,-16.513442,SR Saint-Louis,SR,Saint-Louis,normal
33cb58e6bb7d4a449e861ddfcc11a4dd,UE2DM29PQDG9,reception,2026-08-27 09:17:17.814157,16.013111,-16.513351,SR Saint-Louis,SR,Saint-Louis,normal
8e739a56444a4b97936f42f91edbbd3d,RHYZMFRAWCRT,dispensation,2026-08-27 09:21:00,14.143163,-16.063987,Officine off.kaolack1,officine,Kaolack,normal
113563f7b70f44d4bb5fbc2d99f1ef65,VCZBB4RPNPC2,dispensation,2026-08-27 09:29:00,14.681727,-16.257195,Officine off.diourbel1,officine,Diourbel,normal
cb9f71934cd74a1f87e47624a4de89cb,CYCP4T7YT4DQ,dispensation,2026-08-27 09:29:27.527696,16.008632,-16.518345,Officine off.saintlouis1,officine,Saint-Louis,normal
f15710b4ad5242f5a9fa66ae1894c915,VUW7RVBEPXCD,dispensation,2026-08-27 09:43:19.963069,15.608951,-16.25305,Officine off.louga1,officine,Louga,normal
7f9cc865035545ad807aafbdc226b08e,C335TC4JPWMM,dispensation,2026-08-27 10:46:49.895869,14.143042,-16.065328,Officine off.kaolack1,officine,Kaolack,normal
6815de2a3d5a4588a8d8a5bdd6ec09e0,VRD8FPXGY995,expedition,2026-08-27 10:57:09.642622,15.627544,-16.242464,SR Louga,SR,Louga,normal
963ac216b4034a04a136d128c8aa0ef9,ANGTSA7B4YGF,expedition,2026-08-27 10:57:21.547746,15.625568,-16.242914,SR Louga,SR,Louga,normal
6784688c699341b797ac98dff161ad1e,WHHYVS6YR4XC,expedition,2026-08-27 10:57:34.007474,15.62551,-16.243103,SR Louga,SR,Louga,normal
70584eab950c464a96d7e9c0223195d9,9ZYM4S6VFDPH,expedition,2026-08-27 10:57:47.305251,15.626823,-16.24196,SR Louga,SR,Louga,normal
cdf05cc99b4b4ba2a4b8211507ec1633,9XVPR59NEE2Q,expedition,2026-08-27 10:58:01.715262,15.627986,-16.242913,SR Louga,SR,Louga,normal
0b215aa7203d4d65a35a25d31cd42a70,9VEE3RM7XJHW,expedition,2026-08-27 10:58:12.052552,15.627872,-16.242572,SR Louga,SR,Louga,normal
7b571cd47228470db5d8f479ad827e45,FH5P66CFVSPN,expedition,2026-08-27 10:58:18.942783,15.62543,-16.242977,SR Louga,SR,Louga,normal
994bf21ad8c04dfab7226353d0628d86,DDAWM8SFYK9X,expedition,2026-08-27 10:58:26.675042,15.62547,-16.243061,SR Louga,SR,Louga,normal
4630e0922c4042f2a792ae247c48995c,P9A6TCYYXBZ6,expedition,2026-08-27 10:58:41.526747,15.627934,-16.243274,SR Louga,SR,Louga,normal
7a02aaf7185c4b19b37c6e72990a17b4,AXSECBVGV8ST,expedition,2026-08-27 10:58:52.561689,15.6258,-16.24337,SR Louga,SR,Louga,normal
fd574cc20028426bb48ba62b73758def,VVWBGV9NR4RX,dispensation,2026-08-27 11:16:45.779949,15.609959,-16.251876,Officine off.louga1,officine,Louga,normal
121e4d9dd40a495da97df16bdfd7b1d3,3WTBYEGMSQ4P,dispensation,2026-08-27 12:01:43.637843,13.756125,-13.675206,Officine off.tamba1,officine,Tambacounda,normal
a79bb7ed541044f786c2fbfb33f3e7bb,4V52QQJYAEMG,dispensation,2026-08-27 12:27:21.934059,14.14443,-16.064276,Officine off.kaolack1,officine,Kaolack,normal
d94d63f6cf94465caa91d565b2592ea4,AG69SDRNF95V,reception,2026-08-27 12:53:18.931960,14.161826,-16.063574,Officine off.kaolack2,officine,Kaolack,normal
565eaca48d1240b7a29a0c541a62bab1,D8Y88NGWRNFY,reception,2026-08-27 14:15:49.520063,14.66666,-17.46427,SR Dakar,SR,Dakar,normal
b74263e872e34245b86b1ce4cc9dbfbc,MN8WYD4FQC3V,reception,2026-08-27 14:16:01.855204,14.666703,-17.462593,SR Dakar,SR,Dakar,normal
936e3109e95146dcbe77c83b370dc5e7,DJ3CR5YBSVUE,reception,2026-08-27 14:16:08.137352,14.665402,-17.464257,SR Dakar,SR,Dakar,normal
33030cc7c99041099d995c62ce426023,YG8QP962B9YM,reception,2026-08-27 14:16:15.746914,14.667202,-17.463616,SR Dakar,SR,Dakar,normal
cdf2d3ac5cd54e75b52654d9dc22a86f,RUM9FTCQ579T,reception,2026-08-27 14:16:23.741795,14.667463,-17.46311,SR Dakar,SR,Dakar,normal
66f172aca05e427e84ca5f2b4c9a7e8f,VGBRB4BVVT8Q,reception,2026-08-27 14:16:37.861340,14.667777,-17.464839,SR Dakar,SR,Dakar,normal
183b53344c814f679323e97ea88a916d,BHPYHZGMUY35,dispensation,2026-08-27 15:41:58.891190,15.610573,-16.25091,Officine off.louga1,officine,Louga,normal
877c90be9a8c45f39ca8793b51cd576c,39EUZMS9HYZJ,dispensation,2026-08-27 15:43:13.658913,14.143663,-16.065846,Officine off.kaolack1,officine,Kaolack,normal
30a19d3a38034f5fba7b940c75aa04ee,X4E9TX327WR8,reception,2026-08-27 16:31:26.348127,14.144505,-16.06402,Officine off.kaolack1,officine,Kaolack,normal
60841db4438b450ebe49e875f5a2b72d,A8Z88KZTKDJT,reception,2026-08-27 16:31:39.409793,14.145187,-16.064825,Officine off.kaolack1,officine,Kaolack,normal
ba0b009062df4a139e91dcf543a8eab6,8A8W68DCMKHP,reception,2026-08-27 16:32:23.128985,14.76224,-16.916241,SR Thies,SR,Thies,normal
042b487792a64bfab34e8bc832886977,ZE926M7ZMVKZ,reception,2026-08-27 16:32:32.321917,14.760951,-16.914422,SR Thies,SR,Thies,normal
d526807b22c6441f9fb3995bf7a19f55,UVXTZXBZ6TJQ,reception,2026-08-27 16:32:43.977236,14.760779,-16.914319,SR Thies,SR,Thies,normal
d5957ff28f9a43208136644d1c6a5a28,QQAT85HJNE5C,reception,2026-08-27 16:32:57.853594,14.762469,-16.915793,SR Thies,SR,Thies,normal
4b12c7861d0b4b5582f41d694d7effdd,2342GYDAMAWN,reception,2026-08-27 16:33:10.591597,14.761395,-16.915396,SR Thies,SR,Thies,normal
1ce3ca3f5d424198a1d5e5d760ef9e7e,YRR75A77J243,reception,2026-08-27 16:33:24.759778,14.763015,-16.916378,SR Thies,SR,Thies,normal
f71b24fe9de146e68f85d7da9212c409,JFTAHANHMX2W,reception,2026-08-27 16:33:35.050660,14.763475,-16.914697,SR Thies,SR,Thies,normal
e8f319cc9bf24787b32da24f1a446e90,RUM9FTCQ579T,expedition,2026-08-28 08:01:00,14.666902,-17.463956,SR Dakar,SR,Dakar,normal
2b1ad73d3b14475bbfd3ba38ae99eba5,VGBRB4BVVT8Q,expedition,2026-08-28 08:01:12.347634,14.66687,-17.463038,SR Dakar,SR,Dakar,normal
6fc6bf91a5144e3a85b0bb6b4b7863c1,D8Y88NGWRNFY,expedition,2026-08-28 08:06:00,14.66529,-17.464083,SR Dakar,SR,Dakar,normal
704b0b3fb4b4494984ddadb9ba3085cb,MN8WYD4FQC3V,expedition,2026-08-28 08:06:13.579748,14.667342,-17.46497,SR Dakar,SR,Dakar,normal
1b571f6068464d19abdc5cbab3675990,8PAEDSPY2SRE,dispensation,2026-08-28 08:11:00,14.143877,-16.064893,Officine off.kaolack1,officine,Kaolack,ruptureSequence
d523d0ac3ed7430ea6016b80fa22b831,YD8WHQ55ZGTF,expedition,2026-08-28 08:13:00,16.013994,-16.514852,SR Saint-Louis,SR,Saint-Louis,normal
16e46628cc5340818ec39ae7c6e40fc5,RNRWWADWYQCE,expedition,2026-08-28 08:13:07.455184,16.014085,-16.514214,SR Saint-Louis,SR,Saint-Louis,normal
0148dbb4c8d44c0ca01c2efbcccade69,UE2DM29PQDG9,expedition,2026-08-28 08:13:20.693699,16.012199,-16.513391,SR Saint-Louis,SR,Saint-Louis,normal
2c2f9f528f214c3ea989152256695f66,7FC6J4APKZ2F,reception,2026-08-28 08:29:00,13.75771,-13.679044,SR Tambacounda,SR,Tambacounda,normal
009bfcc2e26d4f03a87af5a2ae9da4e5,YSTB7DY2SBBD,reception,2026-08-28 08:29:13.846893,13.756546,-13.678979,SR Tambacounda,SR,Tambacounda,normal
fd1edaaf9af44826a3a584b93ceee29d,44YUWK3AQCDS,reception,2026-08-28 08:29:20.145839,13.756403,-13.680302,SR Tambacounda,SR,Tambacounda,normal
3dfa04ab0bda4f5eb1db19999362bd5b,QP3623U3JHYF,reception,2026-08-28 08:29:32.402519,13.757979,-13.679482,SR Tambacounda,SR,Tambacounda,normal
4e5ae80bfbec4a7786deb15d980fca82,FB98KD9DVK69,reception,2026-08-28 08:29:39.180087,13.757939,-13.679016,SR Tambacounda,SR,Tambacounda,normal
c42d50e012504fc4bd2329f798f9eebd,FGYYSWAWQNXV,expedition,2026-08-28 08:31:00,14.684028,-16.243002,SR Diourbel,SR,Diourbel,normal
bd69fee34e324940b7ea38a4cef1b7c9,J7D23T3K65VZ,expedition,2026-08-28 08:31:09.097383,14.685029,-16.242859,SR Diourbel,SR,Diourbel,normal
5819b5f1d5b148938dc7f2cfe751f21d,ZDVD6XXWNU8H,expedition,2026-08-28 08:31:20.106138,14.684499,-16.244721,SR Diourbel,SR,Diourbel,normal
bd7053bdd40e400e8f5198791342f776,HKAQXN8GYTU2,expedition,2026-08-28 08:31:29.282153,14.682743,-16.244334,SR Diourbel,SR,Diourbel,normal
a6ccd72a01384fbaab4d7d25064fe252,QFWFB6N83B68,expedition,2026-08-28 08:31:43.610476,14.68446,-16.242974,SR Diourbel,SR,Diourbel,normal
e2464edb5f92497aa57d3190a7aee69a,FBP6MQ3WKFRK,expedition,2026-08-28 08:31:51.193275,14.683387,-16.243844,SR Diourbel,SR,Diourbel,normal
1c44c1356f514936b9ac9d64d9ff27b6,ASQSP89A852W,expedition,2026-08-28 08:32:01.262929,14.683883,-16.243549,SR Diourbel,SR,Diourbel,normal
3f60f934af0d482c98174e9f64216282,U9RFM8FUNXB8,expedition,2026-08-28 08:32:10.962717,14.68377,-16.243406,SR Diourbel,SR,Diourbel,normal
f16fa7d43e25416ca00445f607b09a1f,BTS7XDDX4TXE,expedition,2026-08-28 08:32:25.620962,14.682777,-16.244178,SR Diourbel,SR,Diourbel,normal
f4f4ab971d2a4e07b8f39849ccfcff88,WGSJ9DJ2EHQK,expedition,2026-08-28 08:32:38.788535,14.683162,-16.244262,SR Diourbel,SR,Diourbel,normal
d69197fdf5ad40398b3d61bfacb80e6b,DMQ6VS9TA36P,expedition,2026-08-28 08:32:50.157058,14.684303,-16.242431,SR Diourbel,SR,Diourbel,normal
50001debbde44a5bad5c020e952c38d9,TUS4V8PTA9DK,dispensation,2026-08-28 08:38:00,13.755848,-13.675071,Officine off.tamba1,officine,Tambacounda,normal
804b374fa531442db9cf7739f7524f2e,257MQ37SEVY5,reception,2026-08-28 09:18:00,14.703971,-17.444868,Grossiste Dakar,grossisteRepartiteur,Dakar,normal
28aa5e2dc28b4ee7b4f20b582f8c71e2,EBDVHKBT6FQJ,reception,2026-08-28 09:18:12.486930,14.702915,-17.445586,Grossiste Dakar,grossisteRepartiteur,Dakar,normal
a30b83a798844c67a606349e70fc9ef7,X99Q39HR5CSN,reception,2026-08-28 09:18:25.410145,14.702803,-17.445703,Grossiste Dakar,grossisteRepartiteur,Dakar,normal
4d826b21297148af96a387a74cfcc171,HEG5T74JZ7QW,reception,2026-08-28 09:18:40.217443,14.702662,-17.446343,Grossiste Dakar,grossisteRepartiteur,Dakar,normal
0860cf9943c04ac8b1b07b79dd1ef13a,JF7FQE4DTS7Y,reception,2026-08-28 09:18:49.278265,14.704586,-17.445514,Grossiste Dakar,grossisteRepartiteur,Dakar,normal
67315e49ab70436781719ab8da9c2b4f,G9DQTZAYYZJJ,reception,2026-08-28 09:19:03.551362,14.705069,-17.444876,Grossiste Dakar,grossisteRepartiteur,Dakar,normal
b81e7f6fe379455682f07067c80156d0,74RVV7KWB7YX,reception,2026-08-28 09:19:14.477160,14.703689,-17.44599,Grossiste Dakar,grossisteRepartiteur,Dakar,normal
46134b2c633b46bf9a6824e2cb29125d,HHFGZNJ8VAC6,reception,2026-08-28 09:19:28.410915,14.703752,-17.445108,Grossiste Dakar,grossisteRepartiteur,Dakar,normal
403c799469494d55bd31171fa758b6e7,ASXDN39F6RSP,reception,2026-08-28 09:19:39.322237,14.704506,-17.44454,Grossiste Dakar,grossisteRepartiteur,Dakar,normal
15ae62df97c94fbe8fd98d9d47745145,TMQK928FJF3Q,reception,2026-08-28 09:19:46.846358,14.703298,-17.446604,Grossiste Dakar,grossisteRepartiteur,Dakar,normal
f2134fb104084ab090c6ffb58b8e8e28,PJAKTNJ49HXA,reception,2026-08-28 09:19:52.907811,14.70331,-17.445159,Grossiste Dakar,grossisteRepartiteur,Dakar,normal
968fa52145f142df8c4a2bbab09a5b12,GN38E56QA85P,reception,2026-08-28 09:20:04.563218,14.70384,-17.445568,Grossiste Dakar,grossisteRepartiteur,Dakar,normal
d79ff0ca800747fc943d27f8b7284522,ZZQWE4AQQBH5,reception,2026-08-28 09:20:17.759725,14.703094,-17.446948,Grossiste Dakar,grossisteRepartiteur,Dakar,normal
6b66e03660584472934f8da674410a50,Y34PFDQCSEE8,reception,2026-08-28 09:20:30.599943,14.704996,-17.444614,Grossiste Dakar,grossisteRepartiteur,Dakar,normal
38c924131a304c77b07407be9973059c,HU6W68KZ8ZRF,reception,2026-08-28 09:20:38.809477,14.704581,-17.445579,Grossiste Dakar,grossisteRepartiteur,Dakar,normal
5e8a8922038a4da89c8b8f6ec078c6ef,EZSCR2BDWTVZ,reception,2026-08-28 09:20:48.712815,14.704037,-17.445304,Grossiste Dakar,grossisteRepartiteur,Dakar,normal
29860a27869b47e39f6346ed30a8513c,HD5UU278YJU7,reception,2026-08-28 09:21:00.712165,14.704793,-17.444797,Grossiste Dakar,grossisteRepartiteur,Dakar,normal
873b882cd5d8491fae8696709d3effa8,3WJ5PWCC5MCQ,reception,2026-08-28 09:21:12.086902,14.703663,-17.445684,Grossiste Dakar,grossisteRepartiteur,Dakar,normal
bc631700848548fc9c0bf01a3849014a,RGMA2TP8BHFN,reception,2026-08-28 09:21:20.516258,14.705423,-17.445467,Grossiste Dakar,grossisteRepartiteur,Dakar,normal
e58ce1fa68654de7ada8106159f37985,KKVMKNDTU94V,reception,2026-08-28 09:21:31.266128,14.704709,-17.44686,Grossiste Dakar,grossisteRepartiteur,Dakar,normal
8e22e20444394464a8e333bb00c222f0,6EPVKGRJ4MM7,reception,2026-08-28 09:21:45.178319,14.703626,-17.446416,Grossiste Dakar,grossisteRepartiteur,Dakar,normal
27fa05d8302e440d9c8220a7356f9ec7,8KWZKWCYQ6EG,reception,2026-08-28 09:21:53.227254,14.704977,-17.444462,Grossiste Dakar,grossisteRepartiteur,Dakar,normal
037c3cffb82543619cd6c15448dfa40e,BNG5G655JCUG,reception,2026-08-28 09:22:08.086698,14.705168,-17.44607,Grossiste Dakar,grossisteRepartiteur,Dakar,normal
94476b26fb0d4a0b9912ac5cef269520,4FUCDMYQWTV4,reception,2026-08-28 09:22:17.899090,14.703236,-17.446409,Grossiste Dakar,grossisteRepartiteur,Dakar,normal
1cc940db12a848a5898c0dd9286583f6,HW3EBEX7V26T,reception,2026-08-28 09:22:27.070404,14.704843,-17.444489,Grossiste Dakar,grossisteRepartiteur,Dakar,normal
97d051aca8e44a83b54211a2dcd4d55a,BM5N48HA2UKG,reception,2026-08-28 09:22:34.165986,14.703048,-17.447122,Grossiste Dakar,grossisteRepartiteur,Dakar,normal
bcfcbd2a94df438eb7d5aa00cee7d76d,CN8K38SAT3ZA,reception,2026-08-28 09:22:43.272600,14.704756,-17.445991,Grossiste Dakar,grossisteRepartiteur,Dakar,normal
84c42bf7832241fc9c3c8a529751f6e1,K6M3HQCQNF2K,reception,2026-08-28 09:22:53.947600,14.704847,-17.445953,Grossiste Dakar,grossisteRepartiteur,Dakar,normal
c879ed28566d420db594a28f20e575bd,HZEJ9UYFCSAY,reception,2026-08-28 09:23:02.263132,14.703846,-17.447119,Grossiste Dakar,grossisteRepartiteur,Dakar,normal
f2d1fc6072fc467aa0de2e2fae88f35c,ZDFAF4XQ3XGJ,reception,2026-08-28 09:23:12.310153,14.703011,-17.444685,Grossiste Dakar,grossisteRepartiteur,Dakar,normal
d561a17375b6402fb891456c4763420c,EMU989GSYNQ2,reception,2026-08-28 09:23:25.102652,14.703968,-17.44586,Grossiste Dakar,grossisteRepartiteur,Dakar,normal
270f5311b9414148978d397832d760dd,36984YPRZK82,reception,2026-08-28 09:23:33.226557,14.702998,-17.445527,Grossiste Dakar,grossisteRepartiteur,Dakar,normal
062fe133e2d442b19eda7bfca2aa7e83,QZPFQT5QDYFT,reception,2026-08-28 09:23:44.051609,14.704906,-17.445222,Grossiste Dakar,grossisteRepartiteur,Dakar,normal
5afbb962a95d41dd9fb9f16e36091c1e,ZNB98D5VY4A2,reception,2026-08-28 09:23:54.404954,14.703063,-17.445432,Grossiste Dakar,grossisteRepartiteur,Dakar,normal
1371e001f31e48fd86f97d1cc810a65d,B5H8VBB2W5Q2,reception,2026-08-28 09:24:01.612313,14.704951,-17.446651,Grossiste Dakar,grossisteRepartiteur,Dakar,normal
f582258db12a42048a99c2cb6de1bbba,DGXMWFTSAMST,reception,2026-08-28 09:24:10.753986,14.702664,-17.444677,Grossiste Dakar,grossisteRepartiteur,Dakar,normal
269316386f844ff89c8786a99ee2ff84,ZHREQPGSM6DP,reception,2026-08-28 09:24:19.483641,14.703346,-17.44443,Grossiste Dakar,grossisteRepartiteur,Dakar,normal
e78f108deb794533a36e18ee028ead67,MCU6R3EM58W6,reception,2026-08-28 09:24:32.233867,14.704097,-17.444767,Grossiste Dakar,grossisteRepartiteur,Dakar,normal
07bdbf68afcb43ff94356dfa32bbab07,4H3DDFGZA967,reception,2026-08-28 09:24:40.776731,14.704285,-17.44485,Grossiste Dakar,grossisteRepartiteur,Dakar,normal
c9b827d50d15497e9090cc80d1a96114,4X2F3X2MKJ8W,reception,2026-08-28 09:24:53.640905,14.705306,-17.446114,Grossiste Dakar,grossisteRepartiteur,Dakar,normal
62c3704a9bf84e749775166aa6bba492,K37EBCQMX2TR,reception,2026-08-28 09:25:05.505185,14.702889,-17.44547,Grossiste Dakar,grossisteRepartiteur,Dakar,normal
d8de64ac13664a79ae713c4be0f0a8a8,NGPCRU9X8SFX,reception,2026-08-28 09:25:18.901037,14.704518,-17.444747,Grossiste Dakar,grossisteRepartiteur,Dakar,normal
25292ff7a98a418dadd57c4a4c6365cd,4KD847TCZJ2H,reception,2026-08-28 09:25:28.312212,14.704192,-17.446164,Grossiste Dakar,grossisteRepartiteur,Dakar,normal
bde000d26c814b1f899eed6699c7f44a,EEYUCJQSPGXD,reception,2026-08-28 09:25:41.837532,14.704958,-17.445387,Grossiste Dakar,grossisteRepartiteur,Dakar,normal
fbd178896b4c44668849487cb998b0e6,VRBSGF22N6UJ,reception,2026-08-28 09:25:54.744942,14.704589,-17.446105,Grossiste Dakar,grossisteRepartiteur,Dakar,normal
031a918153ae43518f5304521c6d7202,5SW2Q98RR3GG,reception,2026-08-28 09:26:06.044526,14.705376,-17.44529,Grossiste Dakar,grossisteRepartiteur,Dakar,normal
9e63351621bd44528f1c7d102fc07de5,NC3RTG7B83SZ,reception,2026-08-28 09:26:19.411357,14.703974,-17.446676,Grossiste Dakar,grossisteRepartiteur,Dakar,normal
cae0a36879214174b898b31e0452bdca,4HQN9DKB8T6G,reception,2026-08-28 09:26:32.015155,14.703857,-17.445905,Grossiste Dakar,grossisteRepartiteur,Dakar,normal
b13dfc078b444ffbb0c9d0d5d3c8f8c4,VH9QGUQMYH8V,reception,2026-08-28 09:26:41.207022,14.704085,-17.444914,Grossiste Dakar,grossisteRepartiteur,Dakar,normal
2cca4e93bd91492a81b62fa10b851ea3,YAY9URTXBZSQ,reception,2026-08-28 09:26:52.718744,14.703558,-17.445505,Grossiste Dakar,grossisteRepartiteur,Dakar,normal
b631bbe9cfb34109bed48a2935971072,H2A34H4MWQ95,dispensation,2026-08-28 09:38:01.858972,13.755491,-13.674409,Officine off.tamba1,officine,Tambacounda,normal
49e62e2eff0142b787d7cd2ab0281a6c,VRD8FPXGY995,reception,2026-08-28 09:55:03.794482,15.610296,-16.2536,Officine off.louga1,officine,Louga,normal
43b017fc5d8344e589c7e308b420ac61,ANGTSA7B4YGF,reception,2026-08-28 09:55:13.827843,15.610681,-16.251823,Officine off.louga1,officine,Louga,normal
57aa81ff61c2463984f7f69b14df385e,WHHYVS6YR4XC,reception,2026-08-28 09:55:27.108650,15.609113,-16.253512,Officine off.louga1,officine,Louga,normal
d1d0579a1ae14ee2a28d66a35b6f43ae,9ZYM4S6VFDPH,reception,2026-08-28 09:55:39.360705,15.608439,-16.252981,Officine off.louga1,officine,Louga,normal
4676f87994ba48498ac185f90399df9c,9XVPR59NEE2Q,reception,2026-08-28 09:55:51.078780,15.608461,-16.251043,Officine off.louga1,officine,Louga,normal
22f70a3004e34aca800bfb006fe9de1a,9VEE3RM7XJHW,reception,2026-08-28 09:56:02.617132,15.6098,-16.252137,Officine off.louga1,officine,Louga,normal
c0febe16153148f08e0d7c459a690d33,FH5P66CFVSPN,reception,2026-08-28 09:56:15.198349,15.607971,-16.251384,Officine off.louga1,officine,Louga,normal
fbd38b81989743e7b41d33316d72cc55,DDAWM8SFYK9X,reception,2026-08-28 09:56:26.860484,15.610417,-16.253343,Officine off.louga1,officine,Louga,normal
097bafe2fc7d4f5eb7e69eb1bf164993,P9A6TCYYXBZ6,reception,2026-08-28 09:56:38.581837,15.609643,-16.252173,Officine off.louga1,officine,Louga,normal
9dacaa2cf0824a718bfd200bb867bd48,AXSECBVGV8ST,reception,2026-08-28 09:56:52.959882,15.610162,-16.251698,Officine off.louga1,officine,Louga,normal
f9695aaeede04fc6af5b72b9b39c4b40,S8QTAXUWHB6T,expedition,2026-08-28 11:06:25.830482,12.60846,-16.26966,SR Ziguinchor,SR,Ziguinchor,normal
34e4c49252844c24bedb9d9f24576869,GG6TVQ2M3ZYT,expedition,2026-08-28 11:06:36.519049,12.607111,-16.271487,SR Ziguinchor,SR,Ziguinchor,normal
cadc4528976341b883bb51653aaf8ebb,UQGWMZSFZVPA,expedition,2026-08-28 11:06:47.747727,12.606103,-16.271714,SR Ziguinchor,SR,Ziguinchor,normal
6eb2f0c59d2d4c619109aa33073f353d,67GWGXTQB7TM,expedition,2026-08-28 11:06:54.279973,12.607417,-16.272019,SR Ziguinchor,SR,Ziguinchor,normal
38aae6b159784e9e833441c5689fceac,V2XWZAJETNWN,expedition,2026-08-28 11:07:02.852347,12.607187,-16.270572,SR Ziguinchor,SR,Ziguinchor,normal
8a4ce95ca5fa4ea7a715e5e44053fe1d,S8QTAXUWHB6T,reception,2026-08-28 14:21:42.741236,12.590004,-16.26652,Officine off.ziguinchor1,officine,Ziguinchor,normal
d42316682a164d2789939cd3d8397d76,GG6TVQ2M3ZYT,reception,2026-08-28 14:21:55.073686,12.58867,-16.265454,Officine off.ziguinchor1,officine,Ziguinchor,normal
2e989a5b863e49bb8d5b5873efbcb53f,UQGWMZSFZVPA,reception,2026-08-28 14:22:09.844423,12.589408,-16.265095,Officine off.ziguinchor1,officine,Ziguinchor,normal
dfdc448378264c4abd755554e124dee7,67GWGXTQB7TM,reception,2026-08-28 14:22:16.181218,12.588997,-16.265458,Officine off.ziguinchor1,officine,Ziguinchor,normal
05dd7087c9354651b636df7e899f7fb5,V2XWZAJETNWN,reception,2026-08-28 14:22:23.366655,12.589183,-16.265731,Officine off.ziguinchor1,officine,Ziguinchor,normal
0c336dba81c14ecf97c093b4fe7fa528,DJ3CR5YBSVUE,expedition,2026-08-28 15:56:12.062874,14.667325,-17.464724,SR Dakar,SR,Dakar,normal
901479e787d94be9951ae3895e2aa87d,YG8QP962B9YM,expedition,2026-08-28 15:56:23.487675,14.666038,-17.463423,SR Dakar,SR,Dakar,normal
efeb4c695d7a4106af0cc793bc6bc24e,Y34PFDQCSEE8,expedition,2026-08-28 17:07:53.137698,14.704257,-17.44693,Grossiste Dakar,grossisteRepartiteur,Dakar,normal
6e612a0ad2264e0c8551db8dcfbd0742,4FUCDMYQWTV4,expedition,2026-08-28 17:08:03.111456,14.703796,-17.445152,Grossiste Dakar,grossisteRepartiteur,Dakar,normal
ca40d6028fbd4c02b6cd367851560e04,4X2F3X2MKJ8W,expedition,2026-08-28 17:08:17.937198,14.704285,-17.445317,Grossiste Dakar,grossisteRepartiteur,Dakar,normal
e8cd7a1a5903423a977019eedbfe2740,4HQN9DKB8T6G,expedition,2026-08-28 17:08:25.159388,14.705015,-17.446688,Grossiste Dakar,grossisteRepartiteur,Dakar,normal
df8f6208fb54480fa5cd6100a141b8d6,H92TVQZRRNUT,dispensation,2026-08-28 17:11:43.856660,12.589321,-16.266951,Officine off.ziguinchor1,officine,Ziguinchor,normal
e7ed28f0915b4cf28723cdf1befd5a1c,EJ9WTKS77N3R,dispensation,2026-08-29 08:15:00,14.683646,-16.255708,Officine off.diourbel1,officine,Diourbel,normal
68ac50deaf344aebb2f3bd1cec7b2ab6,GWBP6ZUCDDRF,dispensation,2026-08-29 08:17:00,12.587913,-16.264786,Officine off.ziguinchor1,officine,Ziguinchor,normal
8d20c762b1904853a4c53b282bfb7253,FGYYSWAWQNXV,reception,2026-08-29 08:20:00,14.683703,-16.256438,Officine off.diourbel1,officine,Diourbel,normal
e5c922408bf94e59855450c3a0b78227,J7D23T3K65VZ,reception,2026-08-29 08:20:12.486091,14.681523,-16.256628,Officine off.diourbel1,officine,Diourbel,normal
206ebafbea684c3892b8087453f67cca,ZDVD6XXWNU8H,reception,2026-08-29 08:20:20.751603,14.683035,-16.255604,Officine off.diourbel1,officine,Diourbel,normal
c60b9731edb74a85879c97d84b15a661,HKAQXN8GYTU2,reception,2026-08-29 08:20:31.369125,14.681,-16.25668,Officine off.diourbel1,officine,Diourbel,normal
d7aedb37030c4eab8256d4d0a9d76b12,QFWFB6N83B68,reception,2026-08-29 08:20:44.833260,14.681081,-16.25501,Officine off.diourbel1,officine,Diourbel,normal
af3fc25b8d2a41318620b6cdd25b7a52,FBP6MQ3WKFRK,reception,2026-08-29 08:20:51.288139,14.681982,-16.25555,Officine off.diourbel1,officine,Diourbel,normal
c408bf0be2df417f9180d7f963806306,ASQSP89A852W,reception,2026-08-29 08:21:01.472086,14.681317,-16.255443,Officine off.diourbel1,officine,Diourbel,normal
8268f62649ff4d2480eace08d3688807,U9RFM8FUNXB8,reception,2026-08-29 08:21:08.427066,14.683579,-16.256443,Officine off.diourbel1,officine,Diourbel,normal
e54564ffbef949c387e8024778b312e9,BTS7XDDX4TXE,reception,2026-08-29 08:21:19.997479,14.682965,-16.2573,Officine off.diourbel1,officine,Diourbel,normal
4c438a7ac84b47138a6bed17b745fbe7,WGSJ9DJ2EHQK,reception,2026-08-29 08:21:30.374589,14.683399,-16.255856,Officine off.diourbel1,officine,Diourbel,normal
85f1470fcf5345fa8029846605bf34b5,DMQ6VS9TA36P,reception,2026-08-29 08:21:38.453328,14.683324,-16.256863,Officine off.diourbel1,officine,Diourbel,normal
9c35c4ed3f6a47c4b5ee3db1d27c2c17,DJQPU6GUZCGP,dispensation,2026-08-29 08:26:00,14.810755,-16.923713,Officine off.thies2,officine,Thies,normal
eda144d279a74c70bf4afdcf34b5e165,HRQWGP6YV3ME,dispensation,2026-08-29 08:27:00,16.008711,-16.517078,Officine off.saintlouis1,officine,Saint-Louis,normal
a5be2887a1dd4d1fa8cbf6c1f124002d,RUM9FTCQ579T,reception,2026-08-29 08:27:00,14.704829,-17.413716,Officine off.dakar2,officine,Dakar,normal
cf51f998e7254fe288618490082c2719,VGBRB4BVVT8Q,reception,2026-08-29 08:27:13.181694,14.702853,-17.412972,Officine off.dakar2,officine,Dakar,normal
51d9f9e540614eeca0287e79558464be,257MQ37SEVY5,expedition,2026-08-29 08:29:00,14.704441,-17.444658,Grossiste Dakar,grossisteRepartiteur,Dakar,normal
8f21e5356ea549a7a3f4aa686e6b1176,G9DQTZAYYZJJ,expedition,2026-08-29 08:29:10.305680,14.703098,-17.445714,Grossiste Dakar,grossisteRepartiteur,Dakar,normal
a47b970f737b4823a0519f7ac8cd2c5d,TMQK928FJF3Q,expedition,2026-08-29 08:29:19.643317,14.703668,-17.445146,Grossiste Dakar,grossisteRepartiteur,Dakar,normal
4e3539debe5f46b08e6bf4c8b99e0b87,RGMA2TP8BHFN,expedition,2026-08-29 08:29:34.598579,14.705493,-17.445733,Grossiste Dakar,grossisteRepartiteur,Dakar,normal
99203c6f8f0149e58e80d599f4424a5e,BNG5G655JCUG,expedition,2026-08-29 08:29:45.453668,14.70279,-17.445492,Grossiste Dakar,grossisteRepartiteur,Dakar,normal
9fd0b3c6be0442d59bad0da34df36032,HW3EBEX7V26T,expedition,2026-08-29 08:29:58.102661,14.703641,-17.44662,Grossiste Dakar,grossisteRepartiteur,Dakar,normal
562175db3fce41ecaaa11f5b847aad52,BM5N48HA2UKG,expedition,2026-08-29 08:30:11.804991,14.703559,-17.446602,Grossiste Dakar,grossisteRepartiteur,Dakar,normal
95b73ca192b746c4bdfc021f869f0fc9,EMU989GSYNQ2,expedition,2026-08-29 08:30:19.449291,14.704863,-17.446277,Grossiste Dakar,grossisteRepartiteur,Dakar,normal
64ad06cc04764ee6b8b0ad34d86da538,K6DXWHVVDFEV,dispensation,2026-08-29 08:33:00,14.812165,-16.926295,Officine off.thies2,officine,Thies,normal
475d7a6dc7554067823fddd0706eb254,2342GYDAMAWN,expedition,2026-08-29 08:42:00,14.761149,-16.914979,SR Thies,SR,Thies,normal
292b53457dc349feb13b3f31d0976114,YRR75A77J243,expedition,2026-08-29 08:42:10.591343,14.763421,-16.916205,SR Thies,SR,Thies,normal
3e4f0e955f5a411ca837bd17b097fc99,JFTAHANHMX2W,expedition,2026-08-29 08:42:18.574260,14.761055,-16.916822,SR Thies,SR,Thies,normal
dedf11fdb78f437daae1fb031b95c2ca,YD8WHQ55ZGTF,reception,2026-08-29 08:43:00,16.008451,-16.517405,Officine off.saintlouis1,officine,Saint-Louis,normal
f318c3fd2ea74d04a3b3b813e644e856,RNRWWADWYQCE,reception,2026-08-29 08:43:12.624280,16.008705,-16.517571,Officine off.saintlouis1,officine,Saint-Louis,normal
8e7f02bebc4f42a8a19170e5a1893e06,UE2DM29PQDG9,reception,2026-08-29 08:43:25.680871,16.006889,-16.516096,Officine off.saintlouis1,officine,Saint-Louis,normal
79838d8616f54aee9f1410c8d515e8c9,NUKZRUXW3XZA,dispensation,2026-08-29 08:55:00,16.006269,-16.51809,Officine off.saintlouis1,officine,Saint-Louis,normal
dfefddbceeb14f589f9a9a124f66e4ad,Y34PFDQCSEE8,reception,2026-08-29 08:55:00,14.152306,-16.043839,SR Kaolack,SR,Kaolack,normal
0de1da6daf044ea5843e1865af053dcd,4FUCDMYQWTV4,reception,2026-08-29 08:55:13.615610,14.152286,-16.042439,SR Kaolack,SR,Kaolack,normal
b9b8d0bc13434a0a905f1e4b627736de,4X2F3X2MKJ8W,reception,2026-08-29 08:55:19.920170,14.153756,-16.04223,SR Kaolack,SR,Kaolack,normal
e58fa6d0efd148ca8521c98f88a35233,4HQN9DKB8T6G,reception,2026-08-29 08:55:27.688797,14.151954,-16.043016,SR Kaolack,SR,Kaolack,normal
7469233295ba44fea85cad9240ee888e,KENQGYK4U4FX,dispensation,2026-08-29 09:12:00,14.802077,-16.924954,Officine off.thies1,officine,Thies,normal
b0b18697223c475f885be51d26d6bfe0,3AW6VGBSAGTC,dispensation,2026-08-29 09:20:00,14.801653,-16.925211,Officine off.thies1,officine,Thies,normal
8c9366be1e3148408d3f666d8d66c5a1,8A8W68DCMKHP,expedition,2026-08-29 09:25:00,14.761835,-16.91632,SR Thies,SR,Thies,normal
23f99df88a7d48228cef63b5aa352237,ZE926M7ZMVKZ,expedition,2026-08-29 09:25:06.520219,14.76117,-16.914775,SR Thies,SR,Thies,normal
f730a15e782c4d0785a7d785b12157ae,UVXTZXBZ6TJQ,expedition,2026-08-29 09:25:16.087238,14.762318,-16.914022,SR Thies,SR,Thies,normal
21ca7378b5ce4fdfafba728e7a096550,QQAT85HJNE5C,expedition,2026-08-29 09:25:28.289516,14.760908,-16.91457,SR Thies,SR,Thies,normal
a1f2fea4a71545c8999574662814e238,D8Y88NGWRNFY,reception,2026-08-29 09:26:00,14.702757,-17.439066,Officine off.dakar1,officine,Dakar,normal
1ed271820597418a8f02d87e9a63fa09,MN8WYD4FQC3V,reception,2026-08-29 09:26:07.358021,14.701489,-17.43816,Officine off.dakar1,officine,Dakar,normal
ec96134010064ab9afd0caba9d442432,3AUJ5MVCSBNT,dispensation,2026-08-29 09:27:00,13.755922,-13.674364,Officine off.tamba1,officine,Tambacounda,normal
9e232ad378ce4d3294dd60bfbdfd6611,7FC6J4APKZ2F,expedition,2026-08-29 09:31:15.019069,13.756566,-13.679252,SR Tambacounda,SR,Tambacounda,normal
8c0f64797e0241819af1c604f1e601ed,YSTB7DY2SBBD,expedition,2026-08-29 09:31:24.749744,13.758269,-13.677958,SR Tambacounda,SR,Tambacounda,normal
81cc93ca5caa4f16a6c8915792abb1c7,44YUWK3AQCDS,expedition,2026-08-29 09:31:33.564661,13.756962,-13.67811,SR Tambacounda,SR,Tambacounda,normal
9eec5a66eb744dc0a27e4f7732e8c62d,QP3623U3JHYF,expedition,2026-08-29 09:31:41.225978,13.756605,-13.678756,SR Tambacounda,SR,Tambacounda,normal
c2255775788b418ca3b200c83eefa01f,FB98KD9DVK69,expedition,2026-08-29 09:31:48.409818,13.75835,-13.678151,SR Tambacounda,SR,Tambacounda,normal
17e1322fe3bf4a9fa29266ec999098df,GE4MSKTCJVK4,dispensation,2026-08-29 10:33:02.651071,14.699717,-17.464838,Officine off.dakar3,officine,Dakar,normal
3cf55752148040a594600887643efce5,EBDVHKBT6FQJ,expedition,2026-08-29 12:39:07.565505,14.703568,-17.446216,Grossiste Dakar,grossisteRepartiteur,Dakar,normal
09bb3fe1a2d64fbb9a94f8035c69614a,ZZQWE4AQQBH5,expedition,2026-08-29 12:39:17.211450,14.704557,-17.444911,Grossiste Dakar,grossisteRepartiteur,Dakar,normal
b412a35937ee4b9a888fbfd51454b257,ZHREQPGSM6DP,expedition,2026-08-29 12:39:29.353230,14.704321,-17.445292,Grossiste Dakar,grossisteRepartiteur,Dakar,normal
05bcdcee7f9149c187f4fe511db127b3,K37EBCQMX2TR,expedition,2026-08-29 12:39:37.165905,14.705408,-17.445304,Grossiste Dakar,grossisteRepartiteur,Dakar,normal
01428002fde84f5fa424300f72b03430,8A8W68DCMKHP,reception,2026-08-29 13:04:17.217066,14.810773,-16.926529,Officine off.thies2,officine,Thies,normal
e4b57b40d7cd46958b4ed00bef9e8421,ZE926M7ZMVKZ,reception,2026-08-29 13:04:26.111165,14.812244,-16.92457,Officine off.thies2,officine,Thies,normal
707558d0290a402d954b3083684cb79b,UVXTZXBZ6TJQ,reception,2026-08-29 13:04:37.219351,14.812707,-16.923773,Officine off.thies2,officine,Thies,normal
e7ccd24e74f546bab410326dbdc3b923,QQAT85HJNE5C,reception,2026-08-29 13:04:43.638556,14.813168,-16.926172,Officine off.thies2,officine,Thies,normal
d7e40b0cb331415388ac81a23a1de98b,DKEFQXXSSPQY,dispensation,2026-08-29 14:16:12.641696,14.161663,-16.060966,Officine off.kaolack2,officine,Kaolack,normal
97cfda9ac5c04f9596ffb4da87356f2c,HEG5T74JZ7QW,expedition,2026-08-29 15:42:12.607294,14.703094,-17.445426,Grossiste Dakar,grossisteRepartiteur,Dakar,normal
c0c55b044624444785a796205f8d97d3,3WJ5PWCC5MCQ,expedition,2026-08-29 15:42:22.073192,14.70365,-17.444826,Grossiste Dakar,grossisteRepartiteur,Dakar,normal
907f79b118d043d1943d90dd6a30f172,6EPVKGRJ4MM7,expedition,2026-08-29 15:42:32.120546,14.703071,-17.446194,Grossiste Dakar,grossisteRepartiteur,Dakar,normal
5273606623e047dea2d43aa460200549,NGPCRU9X8SFX,expedition,2026-08-29 15:42:41.083128,14.703739,-17.444974,Grossiste Dakar,grossisteRepartiteur,Dakar,normal
75986d78b9704c4997d93596dfdf1b62,EEYUCJQSPGXD,expedition,2026-08-29 15:42:49.231389,14.705504,-17.446814,Grossiste Dakar,grossisteRepartiteur,Dakar,normal
667e3c392c0549e08fcf3092da2d6720,NC3RTG7B83SZ,expedition,2026-08-29 15:43:02.612569,14.704003,-17.445277,Grossiste Dakar,grossisteRepartiteur,Dakar,normal
ee1a3247974e4a97b4b99c44f216522a,YAY9URTXBZSQ,expedition,2026-08-29 15:43:08.963003,14.704643,-17.444885,Grossiste Dakar,grossisteRepartiteur,Dakar,normal
ea113092ec0e46efb95556706ca08869,S6N5T9STPDE7,dispensation,2026-08-29 15:55:42.533023,14.698296,-17.465972,Officine off.dakar3,officine,Dakar,normal
cfc699832e5245bf8dbfca343cfd5317,JF7FQE4DTS7Y,expedition,2026-08-30 08:02:00,14.705551,-17.444437,Grossiste Dakar,grossisteRepartiteur,Dakar,normal
a99e7cbb443343df890693f19a22a222,ASXDN39F6RSP,expedition,2026-08-30 08:02:12.040944,14.703238,-17.446575,Grossiste Dakar,grossisteRepartiteur,Dakar,normal
a8d1de1d16c840a6b80fcbc8ce1a2438,CN8K38SAT3ZA,expedition,2026-08-30 08:02:18.194878,14.704977,-17.446559,Grossiste Dakar,grossisteRepartiteur,Dakar,normal
988d9a08835041dcb412739f1604330e,36984YPRZK82,expedition,2026-08-30 08:02:27.638570,14.703232,-17.446008,Grossiste Dakar,grossisteRepartiteur,Dakar,normal
65912dd6548a4ffea4c6320365d791fc,VH9QGUQMYH8V,expedition,2026-08-30 08:02:38.073300,14.704259,-17.444848,Grossiste Dakar,grossisteRepartiteur,Dakar,normal
12124996fad3409193605c2989113038,PJAKTNJ49HXA,expedition,2026-08-30 08:02:48.296877,14.704056,-17.444857,Grossiste Dakar,grossisteRepartiteur,Dakar,normal
66d8510ef48f4b76934735b96e9c15db,6TGCW3753Y9G,dispensation,2026-08-30 08:10:00,14.802502,-16.925726,Officine off.thies1,officine,Thies,normal
613cf6bed063453a8ef5cacd7124e49e,DJ3CR5YBSVUE,reception,2026-08-30 08:13:00,14.698964,-17.465603,Officine off.dakar3,officine,Dakar,normal
249c7240664a4ea995813903fccaee49,YG8QP962B9YM,reception,2026-08-30 08:13:07.968119,14.699382,-17.465351,Officine off.dakar3,officine,Dakar,normal
6c8c0193b94e466599291e44129c20b6,HHFGZNJ8VAC6,expedition,2026-08-30 08:22:00,14.703174,-17.446875,Grossiste Dakar,grossisteRepartiteur,Dakar,normal
72595df01a6f4de78416c4e4b89aa97f,GN38E56QA85P,expedition,2026-08-30 08:22:10.637328,14.703483,-17.44509,Grossiste Dakar,grossisteRepartiteur,Dakar,normal
86643e6e153049f0bea0c590e6a97b70,HU6W68KZ8ZRF,expedition,2026-08-30 08:22:20.104300,14.70394,-17.444626,Grossiste Dakar,grossisteRepartiteur,Dakar,normal
cd43a85aa026420284683d97354ad9fd,8KWZKWCYQ6EG,expedition,2026-08-30 08:22:34.458855,14.703647,-17.446598,Grossiste Dakar,grossisteRepartiteur,Dakar,normal
63f22b56012249f6aeea77adfcafc51b,K6M3HQCQNF2K,expedition,2026-08-30 08:22:43.284593,14.703164,-17.444436,Grossiste Dakar,grossisteRepartiteur,Dakar,normal
91153fc9cc2b40079847aa6391351ae5,QZPFQT5QDYFT,expedition,2026-08-30 08:22:50.355145,14.703616,-17.445233,Grossiste Dakar,grossisteRepartiteur,Dakar,normal
5a1886fe09a84e6084f799d83d68453c,5SW2Q98RR3GG,expedition,2026-08-30 08:22:57.928863,14.704777,-17.444787,Grossiste Dakar,grossisteRepartiteur,Dakar,normal
8ff6383b2597415bb597477986c994c8,7FC6J4APKZ2F,reception,2026-08-30 08:23:00,13.756005,-13.67488,Officine off.tamba1,officine,Tambacounda,normal
fa58b1eb2f2643a38b82c219512bfab3,YSTB7DY2SBBD,reception,2026-08-30 08:23:11.006888,13.754085,-13.673765,Officine off.tamba1,officine,Tambacounda,normal
1fe3f724a74540f7b7b9eea48adc9fad,44YUWK3AQCDS,reception,2026-08-30 08:23:21.315041,13.753902,-13.672843,Officine off.tamba1,officine,Tambacounda,normal
6d67023ae8ed4646a6a2085d8397c8c7,QP3623U3JHYF,reception,2026-08-30 08:23:29.082847,13.753371,-13.672639,Officine off.tamba1,officine,Tambacounda,normal
5c1fd023bce84ec883a7e02fb55f1c20,FB98KD9DVK69,reception,2026-08-30 08:23:41.363795,13.756097,-13.674158,Officine off.tamba1,officine,Tambacounda,normal
2372102f877d42f0b075a5fa7922c07e,257MQ37SEVY5,reception,2026-08-30 08:33:00,15.627076,-16.241028,SR Louga,SR,Louga,normal
9711eaddc5db43948324f6e3d0f58aee,G9DQTZAYYZJJ,reception,2026-08-30 08:33:07.950719,15.627746,-16.240531,SR Louga,SR,Louga,normal
1a1bf49a38b24684b6839cd922685a3a,TMQK928FJF3Q,reception,2026-08-30 08:33:21.493620,15.628025,-16.240539,SR Louga,SR,Louga,normal
0fa598424d1e441eb8f07dbe555f3d12,RGMA2TP8BHFN,reception,2026-08-30 08:33:29.309242,15.625814,-16.242265,SR Louga,SR,Louga,normal
41fbfaaf9644403a8c7890cbfb938667,BNG5G655JCUG,reception,2026-08-30 08:33:39.348366,15.625485,-16.242953,SR Louga,SR,Louga,normal
b3e048d616be455783cbf2175d995d00,HW3EBEX7V26T,reception,2026-08-30 08:33:47.845425,15.627342,-16.241338,SR Louga,SR,Louga,normal
2fd84666115c49659d28f0af828b1816,BM5N48HA2UKG,reception,2026-08-30 08:33:57.692302,15.628171,-16.243362,SR Louga,SR,Louga,normal
c3ffafa4c2334647996d29750191d512,EMU989GSYNQ2,reception,2026-08-30 08:34:11.139870,15.627277,-16.242067,SR Louga,SR,Louga,normal
4f2b08f8175246efbd0df69c57a28e29,PGJGW57WVC9W,dispensation,2026-08-30 08:43:00,15.608276,-16.251405,Officine off.louga1,officine,Louga,normal
4137598188234971bdbbfa8db21fcc92,X99Q39HR5CSN,expedition,2026-08-30 08:50:00,14.703075,-17.446436,Grossiste Dakar,grossisteRepartiteur,Dakar,normal
3366bdb78d2c4194acc98b602b97c86a,74RVV7KWB7YX,expedition,2026-08-30 08:50:06.019009,14.702792,-17.445927,Grossiste Dakar,grossisteRepartiteur,Dakar,normal
0cc04c31cb3e4ad2ab1868ce45eba042,KKVMKNDTU94V,expedition,2026-08-30 08:50:16.766629,14.704398,-17.445975,Grossiste Dakar,grossisteRepartiteur,Dakar,normal
14b60c7c3cf74e93ae48c7ab30a14181,HZEJ9UYFCSAY,expedition,2026-08-30 08:50:26.494342,14.705161,-17.445631,Grossiste Dakar,grossisteRepartiteur,Dakar,normal
a0de0cf4f8904f839cd48fec2064b265,ZDFAF4XQ3XGJ,expedition,2026-08-30 08:50:36.434041,14.70485,-17.446623,Grossiste Dakar,grossisteRepartiteur,Dakar,normal
259f871048d54aa3ae270aaaa3e94c81,DGXMWFTSAMST,expedition,2026-08-30 08:50:46.158734,14.703327,-17.444609,Grossiste Dakar,grossisteRepartiteur,Dakar,normal
59e1dd8dc43b40fca18161828ecd58d1,MCU6R3EM58W6,expedition,2026-08-30 08:50:59.109109,14.704274,-17.44515,Grossiste Dakar,grossisteRepartiteur,Dakar,normal
ba0722d6e39749f99f894b9b3e32fce8,4H3DDFGZA967,expedition,2026-08-30 08:51:11.981747,14.704775,-17.447147,Grossiste Dakar,grossisteRepartiteur,Dakar,normal
9de15841b6ca47d2a781ec975794e183,EZSCR2BDWTVZ,expedition,2026-08-30 09:03:00,14.705355,-17.445895,Grossiste Dakar,grossisteRepartiteur,Dakar,normal
e999d4a3d2894afa9c213ced4afd7884,HD5UU278YJU7,expedition,2026-08-30 09:03:13.559849,14.705543,-17.446532,Grossiste Dakar,grossisteRepartiteur,Dakar,normal
271ce868b15c457196e5b79ae629f939,B5H8VBB2W5Q2,expedition,2026-08-30 09:03:28.178780,14.704539,-17.44583,Grossiste Dakar,grossisteRepartiteur,Dakar,normal
4099bca70d6a48dfa1c509dbffa164be,4KD847TCZJ2H,expedition,2026-08-30 09:03:38.611009,14.704227,-17.44443,Grossiste Dakar,grossisteRepartiteur,Dakar,normal
d4c382f6ce9c4a838bc29717672a3234,ZNB98D5VY4A2,expedition,2026-08-30 09:03:45.509120,14.703267,-17.445769,Grossiste Dakar,grossisteRepartiteur,Dakar,normal
893add17e7674b49b991d4a44f4cd30b,VRBSGF22N6UJ,expedition,2026-08-30 09:03:52.287494,14.704563,-17.446356,Grossiste Dakar,grossisteRepartiteur,Dakar,normal
e1b98d02ee96484f99dfda9b6c9edbbc,WPJ3NUS782YR,dispensation,2026-08-30 09:12:00,14.142411,-16.064866,Officine off.kaolack1,officine,Kaolack,normal
adae3e996f214a398cb3120c0f19b37d,W8JAVUR3HBSW,dispensation,2026-08-30 09:16:00,16.006541,-16.516852,Officine off.saintlouis1,officine,Saint-Louis,normal
862412f1d80a4fd2ae2d3ef7c41c80f5,69MHEFFRU6WA,dispensation,2026-08-30 09:19:00,14.703282,-17.438443,Officine off.dakar1,officine,Dakar,normal
9d83128c420247adbb5f1efe9b111db7,2342GYDAMAWN,reception,2026-08-30 09:23:00,14.803281,-16.923162,Officine off.thies1,officine,Thies,normal
8604dde47b664d4694bb5b774e6e51c0,YRR75A77J243,reception,2026-08-30 09:23:11.301041,14.802356,-16.925345,Officine off.thies1,officine,Thies,normal
6f0204d9b2fe4a15897f17aeaca7e505,JFTAHANHMX2W,reception,2026-08-30 09:23:23.501984,14.803486,-16.923294,Officine off.thies1,officine,Thies,normal
354f6735858b46d7a88ba7c451c1fefe,Y34PFDQCSEE8,expedition,2026-08-30 12:20:18.657188,14.152908,-16.043644,SR Kaolack,SR,Kaolack,normal
c9af590e268e4fc3a13e5f355efe4e8a,4FUCDMYQWTV4,expedition,2026-08-30 12:20:31.194588,14.151781,-16.043575,SR Kaolack,SR,Kaolack,normal
1ecb5f8c6b5945308c08d2d6af7381d7,4X2F3X2MKJ8W,expedition,2026-08-30 12:20:45.261695,14.153236,-16.044082,SR Kaolack,SR,Kaolack,normal
f405d474322948cb8850c2e505f79aca,4HQN9DKB8T6G,expedition,2026-08-30 12:20:53.026802,14.15355,-16.043799,SR Kaolack,SR,Kaolack,normal
2bb01cbe2d8542c8a91e4c96b2b51cd9,V2XWZAJETNWN,dispensation,2026-08-30 13:10:04.815323,12.588527,-16.264794,Officine off.ziguinchor1,officine,Ziguinchor,normal
d3029c18698a471491b3db9536bba24e,HEG5T74JZ7QW,reception,2026-08-30 13:51:38.986805,13.756537,-13.678329,SR Tambacounda,SR,Tambacounda,normal
dc643e18751b45caa2b60cb00d6e2687,3WJ5PWCC5MCQ,reception,2026-08-30 13:51:48.383444,13.758926,-13.680385,SR Tambacounda,SR,Tambacounda,normal
b590ffc05dfe4c38ad7451eac0922789,6EPVKGRJ4MM7,reception,2026-08-30 13:51:59.683770,13.758685,-13.680061,SR Tambacounda,SR,Tambacounda,normal
fe2ca781deff4c918babcaff01a16fb5,NGPCRU9X8SFX,reception,2026-08-30 13:52:12.550007,13.757383,-13.67809,SR Tambacounda,SR,Tambacounda,normal
1fee900e66154cb5903fc45f6420bc9c,EEYUCJQSPGXD,reception,2026-08-30 13:52:19.033256,13.756853,-13.678526,SR Tambacounda,SR,Tambacounda,normal
5479fc438eb24761be3505680787907e,NC3RTG7B83SZ,reception,2026-08-30 13:52:31.344839,13.756538,-13.678869,SR Tambacounda,SR,Tambacounda,normal
04f3b905a2374c1c8b2188eaac9456a6,YAY9URTXBZSQ,reception,2026-08-30 13:52:46.241057,13.757814,-13.677846,SR Tambacounda,SR,Tambacounda,normal
052ecae3ef72485ca305939bdef69923,9URF8TZ5BREK,dispensation,2026-08-30 15:53:48.354754,14.803788,-16.924467,Officine off.thies1,officine,Thies,normal
113587385194495a920c8a51e36d645e,EBDVHKBT6FQJ,reception,2026-08-30 16:43:55.924662,16.012466,-16.514846,SR Saint-Louis,SR,Saint-Louis,normal
590644612c5d4cd3a6a1c03e7e7aad47,ZZQWE4AQQBH5,reception,2026-08-30 16:44:05.980945,16.013305,-16.51252,SR Saint-Louis,SR,Saint-Louis,normal
eeaf2d533bfc46018b828a1c60cdb9bb,ZHREQPGSM6DP,reception,2026-08-30 16:44:14.036590,16.012262,-16.512635,SR Saint-Louis,SR,Saint-Louis,normal
bc2523d17d794088a9a4b1580774fe75,K37EBCQMX2TR,reception,2026-08-30 16:44:26.949579,16.013375,-16.514478,SR Saint-Louis,SR,Saint-Louis,normal
0440fd64576c46d790d9af7b938755d1,286E9KNNCGBD,dispensation,2026-08-30 16:45:42.933693,13.75373,-13.672384,Officine off.tamba1,officine,Tambacounda,normal
fbece4ae52b143f28ad25ef22fd06f3c,Y4XE3H4CAXWG,dispensation,2026-08-31 08:02:00,13.754536,-13.675006,Officine off.tamba1,officine,Tambacounda,normal
90421df8275b41f4993a55a69be3427d,85M27QSFARNJ,dispensation,2026-08-31 08:22:00,14.161712,-16.061033,Officine off.kaolack2,officine,Kaolack,normal
5b30cc44f14145aa8e8d2592343d8820,RHGWRKARUKVW,dispensation,2026-08-31 08:24:00,14.683749,-16.257864,Officine off.diourbel1,officine,Diourbel,normal
0fc8b688003f49dfb1706da4d177a5af,YD6R9S747UBT,dispensation,2026-08-31 08:35:00,14.702964,-17.412921,Officine off.dakar2,officine,Dakar,ruptureSequence
8390c68aa6594acab800317438772ddc,GKJ8Y9SDWXQ9,dispensation,2026-08-31 08:36:00,15.60923,-16.251589,Officine off.louga1,officine,Louga,normal
b2d0b0480a2e4856b22fb6ef89411042,HHFGZNJ8VAC6,reception,2026-08-31 08:36:00,14.684024,-16.243958,SR Diourbel,SR,Diourbel,normal
885aff8ed3ee440aa792f75f43dc9c39,GN38E56QA85P,reception,2026-08-31 08:36:09.933066,14.682638,-16.243042,SR Diourbel,SR,Diourbel,normal
d61f603e7d6946e990ae1c160d569af9,HU6W68KZ8ZRF,reception,2026-08-31 08:36:19.053379,14.683841,-16.242589,SR Diourbel,SR,Diourbel,normal
fdaefb0d5ef240caa63c5586ad16a665,8KWZKWCYQ6EG,reception,2026-08-31 08:36:28.767540,14.684317,-16.244176,SR Diourbel,SR,Diourbel,normal
f9d099e2385247ed8fcb9c4a486befb2,K6M3HQCQNF2K,reception,2026-08-31 08:36:39.615256,14.683867,-16.244252,SR Diourbel,SR,Diourbel,normal
1e796d10a5ac49d5b61ef0232e276dec,QZPFQT5QDYFT,reception,2026-08-31 08:36:47.726920,14.68271,-16.243096,SR Diourbel,SR,Diourbel,normal
c2da9cad2e2a4e4c999c35d909613d05,5SW2Q98RR3GG,reception,2026-08-31 08:36:58.120712,14.684707,-16.244553,SR Diourbel,SR,Diourbel,normal
f386bf70a9624d26ae333ea6b9c46862,X99Q39HR5CSN,reception,2026-08-31 08:38:00,12.605765,-16.270966,SR Ziguinchor,SR,Ziguinchor,normal
834c276b57d94c1081cc15aeab1d7e19,74RVV7KWB7YX,reception,2026-08-31 08:38:06.031441,12.606542,-16.270899,SR Ziguinchor,SR,Ziguinchor,normal
d0adec543e9849339fd7623d8ca1db3a,KKVMKNDTU94V,reception,2026-08-31 08:38:17.144065,12.606585,-16.270356,SR Ziguinchor,SR,Ziguinchor,normal
31b65393f9454728aa07b5db0e762d22,HZEJ9UYFCSAY,reception,2026-08-31 08:38:24.461084,12.608368,-16.269778,SR Ziguinchor,SR,Ziguinchor,normal
b9a6a2b3c22f436592586bf6c90471d6,ZDFAF4XQ3XGJ,reception,2026-08-31 08:38:37.665110,12.607351,-16.269795,SR Ziguinchor,SR,Ziguinchor,normal
258e1814e6844ae99a3a41a7f2410317,DGXMWFTSAMST,reception,2026-08-31 08:38:44.238274,12.606243,-16.27082,SR Ziguinchor,SR,Ziguinchor,normal
2ed4cf5e09294246be86017b090f3799,MCU6R3EM58W6,reception,2026-08-31 08:38:54.887690,12.608149,-16.269889,SR Ziguinchor,SR,Ziguinchor,normal
a439877c272240cfb4ae150dafafedd8,4H3DDFGZA967,reception,2026-08-31 08:39:06.219158,12.608079,-16.269708,SR Ziguinchor,SR,Ziguinchor,normal
2efa8c41f2594416bde75e72cefdaf74,92C5B72MSP8Y,expedition,2026-08-31 08:43:00,14.716651,-17.468662,Laboratoire Historique,fabricant,Dakar,normal
430871fae66a4ef38cbf0362be14b0df,AF2U5WGZFW9Y,expedition,2026-08-31 08:43:11.970317,14.717218,-17.470505,Laboratoire Historique,fabricant,Dakar,normal
4f890b0dd4f2416eb550182147fdba01,A9SBXERD8ZRG,expedition,2026-08-31 08:43:19.601740,14.719038,-17.470781,Laboratoire Historique,fabricant,Dakar,normal
d56f7b60cbf146af8f540e0d5a614b31,5DMJKP6KS9UR,expedition,2026-08-31 08:43:33.434265,14.716741,-17.471044,Laboratoire Historique,fabricant,Dakar,normal
8583fd42503c49a39090c33a35aa82e4,KPSGUETH2MTS,expedition,2026-08-31 08:43:40.202606,14.719183,-17.468627,Laboratoire Historique,fabricant,Dakar,normal
30193edf3c3a45278d47833776209a28,MZ54J5X7XZCW,expedition,2026-08-31 08:43:53.669229,14.718392,-17.470044,Laboratoire Historique,fabricant,Dakar,normal
5d939bea96324803ba3873ebcd36605e,KRMUP47FHWHY,expedition,2026-08-31 08:44:04.050738,14.719316,-17.469043,Laboratoire Historique,fabricant,Dakar,normal
4ea0adea31a54275b867eee0612b1762,78CH5GHDD4DG,expedition,2026-08-31 08:44:11.332310,14.716631,-17.469765,Laboratoire Historique,fabricant,Dakar,normal
6d23cbd1bbd44a3199490e0d5b31c3ed,CNAWEWKJS7V3,expedition,2026-08-31 08:44:22.286108,14.718418,-17.469335,Laboratoire Historique,fabricant,Dakar,normal
09fa8aff39f243d9a6c7ffb7ed63249f,3K3Q4QK8UJBW,expedition,2026-08-31 08:44:32.864603,14.718175,-17.469062,Laboratoire Historique,fabricant,Dakar,normal
09e45cfb2b114c5895dbf8928c850528,YK8Y6C8F37PK,expedition,2026-08-31 08:44:41.744393,14.716488,-17.468887,Laboratoire Historique,fabricant,Dakar,normal
86c2e9e9841b4fceac6c39e1f3975df8,BE4DVAFNJ82K,expedition,2026-08-31 08:44:52.711025,14.71829,-17.469197,Laboratoire Historique,fabricant,Dakar,normal
4eb45ecefed54187b867448a04d2abdf,9VU9Y2D2VTPS,expedition,2026-08-31 08:45:05.284568,14.717274,-17.469365,Laboratoire Historique,fabricant,Dakar,normal
4101b451b8164e7eb0d2a1a6e532ff6e,MTWJUZNN8CNP,expedition,2026-08-31 08:45:14.627338,14.71868,-17.468672,Laboratoire Historique,fabricant,Dakar,normal
dc0ab93ca9ee4d2092d5f48ce9e26fbc,X4GQRCB2VM8A,expedition,2026-08-31 08:45:23.572055,14.716529,-17.470202,Laboratoire Historique,fabricant,Dakar,normal
93c4949a1f3f42c6b46c4e6242f94dc7,CFTK8JAT2GD3,expedition,2026-08-31 08:45:30.591708,14.718896,-17.470171,Laboratoire Historique,fabricant,Dakar,normal
654f1f8c92554b2fb5d24381509e8456,PSF4R6NRWDHB,expedition,2026-08-31 08:45:44.755431,14.718676,-17.468878,Laboratoire Historique,fabricant,Dakar,normal
2d32053589834e9fa246a56dbbd1148e,XT2VN469BBDK,expedition,2026-08-31 08:45:54.692998,14.719159,-17.470388,Laboratoire Historique,fabricant,Dakar,normal
e8b49159955f4294a7f05f07dda15c5c,82XGFQD23N5Z,expedition,2026-08-31 08:46:08.675175,14.71764,-17.470178,Laboratoire Historique,fabricant,Dakar,normal
bb5f8dd013fb44989802c14b305cc693,PT7NJCC24KKW,expedition,2026-08-31 08:46:15.396278,14.718471,-17.46897,Laboratoire Historique,fabricant,Dakar,normal
eac438a711e149d0b9b9cf9da76bfd9a,G6WKPNVTA9CM,expedition,2026-08-31 08:46:25.815489,14.719304,-17.470321,Laboratoire Historique,fabricant,Dakar,normal
240e8aead03b4de2bc63f6ff540f838d,9PBJE2CV8SAN,expedition,2026-08-31 08:46:37.688890,14.717257,-17.470986,Laboratoire Historique,fabricant,Dakar,normal
043e927baeb94207b0181d5df67cb615,3332PXN649FF,expedition,2026-08-31 08:46:47.848596,14.719276,-17.469746,Laboratoire Historique,fabricant,Dakar,normal
1ee9e2cc81684db0a9699e7dc2cdc0a2,XPZHEH3GWFYU,expedition,2026-08-31 08:46:55.336320,14.719087,-17.470365,Laboratoire Historique,fabricant,Dakar,normal
64e8473090af4183bb76d3ce809e7cda,M9CZCM8T4EE4,expedition,2026-08-31 08:47:08.846753,14.719242,-17.470602,Laboratoire Historique,fabricant,Dakar,normal
086a905f2395403bb44d63c448b0fae7,7JKUHS2TZ57Z,expedition,2026-08-31 08:47:19.213347,14.71684,-17.471285,Laboratoire Historique,fabricant,Dakar,normal
2b80caf5b2884220908f3a14f7b978fa,BEF9DA6EFQTE,expedition,2026-08-31 08:47:29.634630,14.719191,-17.471458,Laboratoire Historique,fabricant,Dakar,normal
24b75ffe44f949a0871b7d57c67b33c5,NDC9ND66SBMD,expedition,2026-08-31 08:47:40.602264,14.717801,-17.468651,Laboratoire Historique,fabricant,Dakar,normal
db432033c83a4d9e8e41f7db69556064,Z62ECD8WC92U,expedition,2026-08-31 08:47:48.955888,14.71651,-17.468791,Laboratoire Historique,fabricant,Dakar,normal
a3997d03e4e1449eaa3fa5fdc3654aa1,4HZ32F39Z5KX,expedition,2026-08-31 08:47:58.824049,14.718955,-17.468608,Laboratoire Historique,fabricant,Dakar,normal
d32dc55308d84ba9b2858c610741ad19,8DNZEEMSKR5T,expedition,2026-08-31 08:48:07.152692,14.716486,-17.46975,Laboratoire Historique,fabricant,Dakar,normal
3d8538ad9c6543f18eed5e8ed31a9a84,E7RQ6G5MG6ZX,expedition,2026-08-31 08:48:16.612084,14.717816,-17.47111,Laboratoire Historique,fabricant,Dakar,normal
103aee331fc54c54a03c893e7d51b535,EJ95NEJZCC7K,expedition,2026-08-31 08:48:25.114454,14.719377,-17.469822,Laboratoire Historique,fabricant,Dakar,normal
6301391a67eb4a73ad99c41aa9673c8f,MJ9BQ2CC7JMY,expedition,2026-08-31 08:48:37.229703,14.718341,-17.468953,Laboratoire Historique,fabricant,Dakar,normal
0e257b9903ef48d48ec801ce7d06a837,UN4EJSRS7S79,expedition,2026-08-31 08:48:45.796295,14.717025,-17.470408,Laboratoire Historique,fabricant,Dakar,normal
30f99d96be5f482587250fb69aa3acca,DS9VPAUGXPJB,expedition,2026-08-31 08:48:58.941172,14.718706,-17.469891,Laboratoire Historique,fabricant,Dakar,normal
d8fddace1a1c433abbe0b560cee13919,VNVZA8DRXS3U,expedition,2026-08-31 08:49:13.904444,14.71724,-17.471136,Laboratoire Historique,fabricant,Dakar,normal
2cc83d3dda9a4a3b8bdde17d4370fce0,CMYBQZY5STUM,expedition,2026-08-31 08:49:22.755802,14.718772,-17.468721,Laboratoire Historique,fabricant,Dakar,normal
46b5484e1fc4460fbea4595b9c86d14d,6ZUTXM39H8HQ,expedition,2026-08-31 08:49:36.762701,14.717591,-17.471123,Laboratoire Historique,fabricant,Dakar,normal
51835111d44141d1b7252b8379ca3744,PTF5GYHWVR8R,expedition,2026-08-31 08:49:45.357114,14.718108,-17.468737,Laboratoire Historique,fabricant,Dakar,normal
b187adf7f08b48bc8eec47f4d2158083,HXTTSVQ7APYX,expedition,2026-08-31 08:49:59.794852,14.718681,-17.468897,Laboratoire Historique,fabricant,Dakar,normal
299137ff22f848d0bb4151a431f3f6b9,Q54JT5XSX2A5,expedition,2026-08-31 08:50:08.182162,14.719341,-17.471157,Laboratoire Historique,fabricant,Dakar,normal
064993611ccf436a8dd8cfccd257e6d2,4RXGECUVCTA8,expedition,2026-08-31 08:50:17.155741,14.717084,-17.471347,Laboratoire Historique,fabricant,Dakar,normal
ec938dd56a65419cb28e88612a1057de,F5F522U7MWRQ,expedition,2026-08-31 08:50:24.493965,14.718335,-17.470537,Laboratoire Historique,fabricant,Dakar,normal
869ec0f8a8ff45da8e3dcd5392f77236,4DEBER35SF4D,expedition,2026-08-31 08:50:35.977891,14.719152,-17.468628,Laboratoire Historique,fabricant,Dakar,normal
8c288c88d5ed4849b39ee2412bca98c4,3VKTZFRNT7A6,expedition,2026-08-31 08:50:47.799865,14.71881,-17.470447,Laboratoire Historique,fabricant,Dakar,normal
0b89edcc1c4949498832bacdb0e6f3bf,N38CU2V7UQCD,expedition,2026-08-31 08:50:56.406851,14.719311,-17.470045,Laboratoire Historique,fabricant,Dakar,normal
514ab7cb753e4ec6a24574893f81d7b2,JFMVGM879WWF,expedition,2026-08-31 08:51:05.983031,14.7169,-17.470985,Laboratoire Historique,fabricant,Dakar,normal
37987fe46dca41179340a65e1995d2b7,63BHZ49V2G2A,expedition,2026-08-31 08:51:13.891064,14.718668,-17.47125,Laboratoire Historique,fabricant,Dakar,normal
01b1db69b96545019d3c49479599d60b,T3M5ZT25MHT9,expedition,2026-08-31 08:51:21.580930,14.719365,-17.469966,Laboratoire Historique,fabricant,Dakar,normal
973ba02565fe4d60b5941aef74bdb9d4,QUQ7TNEDS3TC,dispensation,2026-08-31 09:20:00,14.812188,-16.924894,Officine off.thies2,officine,Thies,normal
e864dd8a57554e97975fa63fa71f22e9,38TDR5U8UXZY,dispensation,2026-08-31 09:22:00,14.144917,-16.064149,Officine off.kaolack1,officine,Kaolack,normal
21d8b4ee605c4eb28607b049a314eb2f,JF7FQE4DTS7Y,reception,2026-08-31 09:25:00,14.665932,-17.464975,SR Dakar,SR,Dakar,normal
e4e9f028188c48b9b803b7c2347101de,ASXDN39F6RSP,reception,2026-08-31 09:25:08.893861,14.665627,-17.464831,SR Dakar,SR,Dakar,normal
f5ec18dda7d8463faea06a6a3c350ac0,CN8K38SAT3ZA,reception,2026-08-31 09:25:20.256622,14.668084,-17.464774,SR Dakar,SR,Dakar,normal
f4f45537c031447fa7dd0327eec5491c,36984YPRZK82,reception,2026-08-31 09:25:34.981177,14.665572,-17.463453,SR Dakar,SR,Dakar,normal
930676d203404e278d61d97491132844,VH9QGUQMYH8V,reception,2026-08-31 09:25:45.662369,14.66564,-17.463729,SR Dakar,SR,Dakar,normal
be158e3bb18a4b64aebdb18da7bf1e4b,PJAKTNJ49HXA,reception,2026-08-31 09:25:58.027451,14.666083,-17.464085,SR Dakar,SR,Dakar,normal
66bd2656fff8464c8bd715954ae99d7d,J3873EYEEUDX,dispensation,2026-08-31 09:27:00,12.590408,-16.265274,Officine off.ziguinchor1,officine,Ziguinchor,normal
b50acd50dce34d298f64a664ce8ba22d,257MQ37SEVY5,expedition,2026-08-31 12:25:27.101892,15.62819,-16.243078,SR Louga,SR,Louga,normal
2ba399adf2a7402993425fd5c9a972f0,G9DQTZAYYZJJ,expedition,2026-08-31 12:25:37.956597,15.627445,-16.243285,SR Louga,SR,Louga,normal
7ee50a8d56d84a6fa0620396c0f14547,TMQK928FJF3Q,expedition,2026-08-31 12:25:46.767084,15.626517,-16.243485,SR Louga,SR,Louga,normal
52efc26825df4378af976e03a87bdab0,RGMA2TP8BHFN,expedition,2026-08-31 12:25:53.768084,15.626314,-16.24213,SR Louga,SR,Louga,normal
3be9d3458d1d4fc996fbd09a1ed067c6,BNG5G655JCUG,expedition,2026-08-31 12:26:01.390465,15.626031,-16.241418,SR Louga,SR,Louga,normal
79bc615e761440ac9b166d9a9c33e7fa,HW3EBEX7V26T,expedition,2026-08-31 12:26:08.455683,15.628131,-16.24259,SR Louga,SR,Louga,normal
1191b41f8502458dad390ed103f5220c,BM5N48HA2UKG,expedition,2026-08-31 12:26:15.268373,15.626408,-16.243038,SR Louga,SR,Louga,normal
4c874648944e4ce88067264960948849,EMU989GSYNQ2,expedition,2026-08-31 12:26:23.375561,15.62646,-16.240838,SR Louga,SR,Louga,normal
57c1945ba9824f8e96a1a6faea182a32,MNMS86T78GVX,dispensation,2026-08-31 12:52:58.964569,16.006692,-16.51675,Officine off.saintlouis1,officine,Saint-Louis,normal
4751658eab6f4c3d973a87376dac3ab9,EZSCR2BDWTVZ,reception,2026-08-31 13:02:29.120150,14.76282,-16.915339,SR Thies,SR,Thies,normal
142fadd1c93b4c378053a9aae50e9115,HD5UU278YJU7,reception,2026-08-31 13:02:42.953664,14.761581,-16.914123,SR Thies,SR,Thies,normal
4211c300d9174667b7702e658e8621a7,B5H8VBB2W5Q2,reception,2026-08-31 13:02:49.043645,14.760858,-16.916133,SR Thies,SR,Thies,normal
1eb15363e9a94ac89d0a7e8e2d8b0b4b,4KD847TCZJ2H,reception,2026-08-31 13:02:56.405639,14.760875,-16.914484,SR Thies,SR,Thies,normal
cd8bdb5550504c238f86294a4b545e24,ZNB98D5VY4A2,reception,2026-08-31 13:03:05.055030,14.763312,-16.913894,SR Thies,SR,Thies,normal
c259022e28c14b9eaa6d5b2a5657da01,VRBSGF22N6UJ,reception,2026-08-31 13:03:12.704745,14.761859,-16.91472,SR Thies,SR,Thies,normal
e3d570b3258a4ce6b80d9b0928491f8d,8GJVXEGU3NE2,dispensation,2026-08-31 13:44:20.988616,14.160051,-16.063397,Officine off.kaolack2,officine,Kaolack,normal
fb19381269c243e78efcb71992939326,Y34PFDQCSEE8,reception,2026-08-31 14:09:12.608301,14.161396,-16.063534,Officine off.kaolack2,officine,Kaolack,normal
4f787242add04142b405e37ff568ba86,4FUCDMYQWTV4,reception,2026-08-31 14:09:19.209106,14.162027,-16.062229,Officine off.kaolack2,officine,Kaolack,normal
88788dbe16684059a939676c99401dd4,4X2F3X2MKJ8W,reception,2026-08-31 14:09:25.875823,14.159607,-16.062274,Officine off.kaolack2,officine,Kaolack,normal
3280850d5ea346b4ae60e06d19ab39bf,4HQN9DKB8T6G,reception,2026-08-31 14:09:40.416525,14.159864,-16.06189,Officine off.kaolack2,officine,Kaolack,normal
55a27130f7124bca8ddbfcf1c2c0d219,F5UK8RKRZNRM,dispensation,2026-08-31 14:46:50.382454,13.753701,-13.675185,Officine off.tamba1,officine,Tambacounda,normal
f59fcef679b44d46a32f8dfe3a3c0567,JCKV2XT82WZF,dispensation,2026-08-31 16:46:01.244240,14.80332,-16.924363,Officine off.thies1,officine,Thies,normal
73259f1d5c7b45b2a3469d5268c688db,HEG5T74JZ7QW,expedition,2026-08-31 17:35:48.951059,13.756656,-13.680016,SR Tambacounda,SR,Tambacounda,normal
83ff3fbf08fa44ff9503278e394d19c4,3WJ5PWCC5MCQ,expedition,2026-08-31 17:35:56.206309,13.756295,-13.678854,SR Tambacounda,SR,Tambacounda,normal
a5f0d1ac4e7e462aba8e5ba70f096c82,6EPVKGRJ4MM7,expedition,2026-08-31 17:36:07.201514,13.756294,-13.677975,SR Tambacounda,SR,Tambacounda,normal
e4f514253a4d4c73bb426ca98176a65c,NGPCRU9X8SFX,expedition,2026-08-31 17:36:20.712630,13.758514,-13.678788,SR Tambacounda,SR,Tambacounda,normal
f86ff7f2ff204c27a8d9ec6c13a27dd2,EEYUCJQSPGXD,expedition,2026-08-31 17:36:34.896615,13.757364,-13.678989,SR Tambacounda,SR,Tambacounda,normal
70956cb3c45b4f978d7a4c3159f13144,NC3RTG7B83SZ,expedition,2026-08-31 17:36:41.500180,13.759114,-13.68063,SR Tambacounda,SR,Tambacounda,normal
3e935534c255448c918e0416f6302db9,YAY9URTXBZSQ,expedition,2026-08-31 17:36:55.062467,13.757405,-13.678794,SR Tambacounda,SR,Tambacounda,normal
18205c30b2ee4b91865725d09f29f859,4EWQ7FU933CB,dispensation,2026-08-31 18:00:13.741979,13.755849,-13.674928,Officine off.tamba1,officine,Tambacounda,normal
ff8ec1137f2844ffa93eb6dd3ac6246a,92C5B72MSP8Y,reception,2026-09-01 08:01:00,14.15639,-16.100072,Grossiste Kaolack,grossisteRepartiteur,Kaolack,normal
72b9cc357fcd4da29a7ecc709d63a21e,AF2U5WGZFW9Y,reception,2026-09-01 08:01:14.330195,14.158772,-16.099145,Grossiste Kaolack,grossisteRepartiteur,Kaolack,normal
57629d89551c468d86a27b9713985596,A9SBXERD8ZRG,reception,2026-09-01 08:01:22.230729,14.15906,-16.100179,Grossiste Kaolack,grossisteRepartiteur,Kaolack,normal
f2385715fd804b9bb1771bf983bbf671,5DMJKP6KS9UR,reception,2026-09-01 08:01:28.675346,14.157022,-16.099331,Grossiste Kaolack,grossisteRepartiteur,Kaolack,normal
b5e84b47b2d04f54ab99b127298f68c4,KPSGUETH2MTS,reception,2026-09-01 08:01:41.794529,14.156893,-16.101273,Grossiste Kaolack,grossisteRepartiteur,Kaolack,normal
6608c20d92ee40cfbe0c824d2c33b762,MZ54J5X7XZCW,reception,2026-09-01 08:01:55.218720,14.156571,-16.099984,Grossiste Kaolack,grossisteRepartiteur,Kaolack,normal
99b314ac786c46f49eac799bb45d6e8e,KRMUP47FHWHY,reception,2026-09-01 08:02:08.352443,14.157105,-16.098908,Grossiste Kaolack,grossisteRepartiteur,Kaolack,normal
7772aa6b109c462bba12e026c9d1c48d,78CH5GHDD4DG,reception,2026-09-01 08:02:18.192341,14.15801,-16.10119,Grossiste Kaolack,grossisteRepartiteur,Kaolack,normal
ca34e95c822444b5a67f071b165a45a5,CNAWEWKJS7V3,reception,2026-09-01 08:02:24.284152,14.157597,-16.101538,Grossiste Kaolack,grossisteRepartiteur,Kaolack,normal
1aca9b62dec24a22b609335018785b64,3K3Q4QK8UJBW,reception,2026-09-01 08:02:33.231203,14.159007,-16.100213,Grossiste Kaolack,grossisteRepartiteur,Kaolack,normal
59d3b9bbf5354089941e15749c855838,YK8Y6C8F37PK,reception,2026-09-01 08:02:41.044592,14.157997,-16.100232,Grossiste Kaolack,grossisteRepartiteur,Kaolack,normal
09b2fae5306c4cc9b1814902fc69d5de,BE4DVAFNJ82K,reception,2026-09-01 08:02:52.467857,14.156441,-16.100697,Grossiste Kaolack,grossisteRepartiteur,Kaolack,normal
ae0e57cae87749e1bbac0e343da16af6,9VU9Y2D2VTPS,reception,2026-09-01 08:03:02.623981,14.157747,-16.100074,Grossiste Kaolack,grossisteRepartiteur,Kaolack,normal
4950fb5b5616455daabe880eeff16992,MTWJUZNN8CNP,reception,2026-09-01 08:03:11.799248,14.157262,-16.09944,Grossiste Kaolack,grossisteRepartiteur,Kaolack,normal
9343c8df6fa544b091cf2efcd6676ae9,X4GQRCB2VM8A,reception,2026-09-01 08:03:25.734308,14.156804,-16.099287,Grossiste Kaolack,grossisteRepartiteur,Kaolack,normal
8389c39851ae4b7c91f4d6b30a495a41,CFTK8JAT2GD3,reception,2026-09-01 08:03:35.686010,14.156973,-16.101369,Grossiste Kaolack,grossisteRepartiteur,Kaolack,normal
6d9466d90d16421099df8682155c92e3,PSF4R6NRWDHB,reception,2026-09-01 08:03:49.524954,14.157728,-16.10126,Grossiste Kaolack,grossisteRepartiteur,Kaolack,normal
c3aa04b46cee411381edd6ca73f6b9ac,XT2VN469BBDK,reception,2026-09-01 08:03:57.737248,14.156996,-16.10094,Grossiste Kaolack,grossisteRepartiteur,Kaolack,normal
e851404c13ec4f04953583725a71e620,82XGFQD23N5Z,reception,2026-09-01 08:04:05.353213,14.157802,-16.101134,Grossiste Kaolack,grossisteRepartiteur,Kaolack,normal
84d9a847aae942d497a7b60ca08a5cb2,PT7NJCC24KKW,reception,2026-09-01 08:04:17.221558,14.157686,-16.100339,Grossiste Kaolack,grossisteRepartiteur,Kaolack,normal
f608fff26c564caf940ef31e22198713,G6WKPNVTA9CM,reception,2026-09-01 08:04:28.787410,14.158046,-16.099691,Grossiste Kaolack,grossisteRepartiteur,Kaolack,normal
ae9c9ad8682847bb81c204b80d94aeac,9PBJE2CV8SAN,reception,2026-09-01 08:04:35.879603,14.158401,-16.100517,Grossiste Kaolack,grossisteRepartiteur,Kaolack,normal
9629b66e73f44b50bbd7d803a0706805,3332PXN649FF,reception,2026-09-01 08:04:48.175971,14.157355,-16.100148,Grossiste Kaolack,grossisteRepartiteur,Kaolack,normal
37f290b4ffa24585a672ee853640bbbd,XPZHEH3GWFYU,reception,2026-09-01 08:04:54.203008,14.158112,-16.099407,Grossiste Kaolack,grossisteRepartiteur,Kaolack,normal
505513d0801a4d34b79234dbada6b716,M9CZCM8T4EE4,reception,2026-09-01 08:05:01.910211,14.158185,-16.101359,Grossiste Kaolack,grossisteRepartiteur,Kaolack,normal
c08e68cac63146eda4532bee96abc100,7JKUHS2TZ57Z,reception,2026-09-01 08:05:16.562028,14.157964,-16.10072,Grossiste Kaolack,grossisteRepartiteur,Kaolack,normal
a7b4cafae87e49db93811b22236126c6,BEF9DA6EFQTE,reception,2026-09-01 08:05:24.404831,14.156264,-16.099963,Grossiste Kaolack,grossisteRepartiteur,Kaolack,normal
7683fccbda1442dc995ee2356ba89ce3,NDC9ND66SBMD,reception,2026-09-01 08:05:35.012356,14.156685,-16.100247,Grossiste Kaolack,grossisteRepartiteur,Kaolack,normal
5becf6ab4d3d4a57a2e4d881e0db908b,Z62ECD8WC92U,reception,2026-09-01 08:05:45.178259,14.158837,-16.099383,Grossiste Kaolack,grossisteRepartiteur,Kaolack,normal
f44fdd4e3e034f188e16ad4555012e02,4HZ32F39Z5KX,reception,2026-09-01 08:05:57.422118,14.157317,-16.099507,Grossiste Kaolack,grossisteRepartiteur,Kaolack,normal
77b1dd742c2942e4a4a21b0c798e5036,8DNZEEMSKR5T,reception,2026-09-01 08:06:10.354149,14.157332,-16.100763,Grossiste Kaolack,grossisteRepartiteur,Kaolack,normal
0e7d14ae61404eee9aad6d44fc28d0f4,E7RQ6G5MG6ZX,reception,2026-09-01 08:06:16.401162,14.156603,-16.101394,Grossiste Kaolack,grossisteRepartiteur,Kaolack,normal
443e88b83e6840eb968fba8abb153357,EJ95NEJZCC7K,reception,2026-09-01 08:06:29.777883,14.156842,-16.100514,Grossiste Kaolack,grossisteRepartiteur,Kaolack,normal
9a0f7ce5753149c1855d9911ed3df7cd,MJ9BQ2CC7JMY,reception,2026-09-01 08:06:41.031659,14.157932,-16.100269,Grossiste Kaolack,grossisteRepartiteur,Kaolack,normal
5558c4b40a124ffbbebaf733def89ff7,UN4EJSRS7S79,reception,2026-09-01 08:06:54.605066,14.157705,-16.101573,Grossiste Kaolack,grossisteRepartiteur,Kaolack,normal
41c393101006498c97ecaf65d3f400e8,DS9VPAUGXPJB,reception,2026-09-01 08:07:05.852121,14.158654,-16.100213,Grossiste Kaolack,grossisteRepartiteur,Kaolack,normal
48ebcae01de04da69e0700f9f5fede99,VNVZA8DRXS3U,reception,2026-09-01 08:07:14.535170,14.157315,-16.099064,Grossiste Kaolack,grossisteRepartiteur,Kaolack,normal
311408cca9fc4c53a03dcc9e7ed7825b,CMYBQZY5STUM,reception,2026-09-01 08:07:26.449917,14.156734,-16.099128,Grossiste Kaolack,grossisteRepartiteur,Kaolack,normal
63b3710f408347929a268fc8363cd648,6ZUTXM39H8HQ,reception,2026-09-01 08:07:40.297253,14.158496,-16.100901,Grossiste Kaolack,grossisteRepartiteur,Kaolack,normal
8c4999fa769f44e4b350fa1d453ee97a,PTF5GYHWVR8R,reception,2026-09-01 08:07:49.143133,14.157372,-16.100635,Grossiste Kaolack,grossisteRepartiteur,Kaolack,normal
7a6dadead51b4a539cb3e720ce8623fd,HXTTSVQ7APYX,reception,2026-09-01 08:07:55.473356,14.157262,-16.100866,Grossiste Kaolack,grossisteRepartiteur,Kaolack,normal
33b0b9ccbdd248f3bb47476f8cb2e460,ZNB98D5VY4A2,expedition,2026-09-01 08:08:00,14.761213,-16.916325,SR Thies,SR,Thies,normal
6d083f66840e41bc812b0628839ef29b,Q54JT5XSX2A5,reception,2026-09-01 08:08:04.174809,14.156707,-16.100708,Grossiste Kaolack,grossisteRepartiteur,Kaolack,normal
adc09222c9d5458aa859cf3bdf3c6d04,4RXGECUVCTA8,reception,2026-09-01 08:08:10.696275,14.157278,-16.098962,Grossiste Kaolack,grossisteRepartiteur,Kaolack,normal
b8d3399e07804cbd8c6b56158a1137f8,VRBSGF22N6UJ,expedition,2026-09-01 08:08:14.734003,14.763043,-16.915143,SR Thies,SR,Thies,normal
31d77605cc244dd7b719ed839b6ca064,F5F522U7MWRQ,reception,2026-09-01 08:08:20.894355,14.157196,-16.101379,Grossiste Kaolack,grossisteRepartiteur,Kaolack,normal
6d2803b012b84052a39acec605f5a573,4DEBER35SF4D,reception,2026-09-01 08:08:34.689218,14.158391,-16.098859,Grossiste Kaolack,grossisteRepartiteur,Kaolack,normal
4dbae444f9dd48afbf14588fda14246d,3VKTZFRNT7A6,reception,2026-09-01 08:08:44.400401,14.156575,-16.100444,Grossiste Kaolack,grossisteRepartiteur,Kaolack,normal
f8093717525446289387e1fc145c489f,N38CU2V7UQCD,reception,2026-09-01 08:08:52.563217,14.158782,-16.099907,Grossiste Kaolack,grossisteRepartiteur,Kaolack,normal
72c5dbae7e624ba7ba876bf86e666cad,JFMVGM879WWF,reception,2026-09-01 08:09:03.135709,14.157488,-16.098876,Grossiste Kaolack,grossisteRepartiteur,Kaolack,normal
7080ff3a4b5144c4979ee21ae911bf41,63BHZ49V2G2A,reception,2026-09-01 08:09:09.248447,14.15767,-16.098813,Grossiste Kaolack,grossisteRepartiteur,Kaolack,normal
b01c2bac4ef34fbdacc977d329701591,T3M5ZT25MHT9,reception,2026-09-01 08:09:15.489200,14.157631,-16.099542,Grossiste Kaolack,grossisteRepartiteur,Kaolack,normal
956b274b73284f0fa39fd03e5bafcc54,G2VXEEB7AQPJ,dispensation,2026-09-01 08:12:00,16.008766,-16.518241,Officine off.saintlouis1,officine,Saint-Louis,normal
93baccb800d541ffac8af30e523db718,257MQ37SEVY5,reception,2026-09-01 08:20:00,15.609354,-16.253415,Officine off.louga1,officine,Louga,normal
4869a094520f47ebbe3bc43cd6016136,G9DQTZAYYZJJ,reception,2026-09-01 08:20:08.802955,15.610337,-16.252658,Officine off.louga1,officine,Louga,normal
34cfa885bc1742d8b2b36fb3831a61ad,TMQK928FJF3Q,reception,2026-09-01 08:20:15.670176,15.60963,-16.253498,Officine off.louga1,officine,Louga,normal
8d40595105824ff09aafb154b604d754,RGMA2TP8BHFN,reception,2026-09-01 08:20:23.117957,15.608408,-16.252333,Officine off.louga1,officine,Louga,normal
01c707ce36f64b249834139fb79cf68c,BNG5G655JCUG,reception,2026-09-01 08:20:37.348643,15.608878,-16.251705,Officine off.louga1,officine,Louga,normal
c9c5545fc1d04f7484ba62e37ff0a3bb,HW3EBEX7V26T,reception,2026-09-01 08:20:49.203181,15.608579,-16.251482,Officine off.louga1,officine,Louga,normal
6faef06637984531b10484a3e7029399,BM5N48HA2UKG,reception,2026-09-01 08:20:57.785583,15.609802,-16.252692,Officine off.louga1,officine,Louga,normal
6e9aca08402d41ebbe3b694887372065,EMU989GSYNQ2,reception,2026-09-01 08:21:05.912689,15.609755,-16.25204,Officine off.louga1,officine,Louga,normal
0ec3fcf414d448db905f664f47cb4837,JF7FQE4DTS7Y,expedition,2026-09-01 08:32:00,14.667375,-17.464619,SR Dakar,SR,Dakar,normal
084b3ed52ea54225805af90588e090cb,69ZFTTEFUXV7,dispensation,2026-09-01 08:34:00,12.59054,-16.264907,Officine off.ziguinchor1,officine,Ziguinchor,normal
523cba60440a4be485be78830a7c9e2c,7ST2CJQCBPXB,dispensation,2026-09-01 08:38:00,14.703402,-17.413119,Officine off.dakar2,officine,Dakar,normal
6cb6082957c6410693369168db4d731c,RNEGUP8DQNPV,reception,2026-09-01 08:39:00,14.681407,-16.257554,Officine off.diourbel1,officine,Diourbel,reutilisationIdentifiant
5f74fe87a6514a47aed34f66241d70d1,X574AQ2HX33H,dispensation,2026-09-01 08:51:00,13.753609,-13.672999,Officine off.tamba1,officine,Tambacounda,normal
bfa770ffe7374b718b698f61a3c38810,EBFYMF8K5BBU,dispensation,2026-09-01 09:00:00,14.14311,-16.063562,Officine off.kaolack1,officine,Kaolack,normal
60ef8b42455c4e149edca38b40684496,KE4Q4CA74V57,dispensation,2026-09-01 09:01:00,13.753426,-13.674537,Officine off.tamba1,officine,Tambacounda,normal
58245f8ffe6441cb92dc0c80d7cf33db,FB98KD9DVK69,dispensation,2026-09-01 09:06:00,13.753211,-13.673842,Officine off.tamba1,officine,Tambacounda,normal
f948a88562fb414e8762d42740a86c30,9F29DDHDVAWR,dispensation,2026-09-01 09:07:00,14.144464,-16.06482,Officine off.kaolack1,officine,Kaolack,normal
b300c8818e324ac98606962bdfa3342a,346G672AMMQY,dispensation,2026-09-01 09:08:00,14.80141,-16.925703,Officine off.thies1,officine,Thies,normal
045a33180eca42d88f271b0c86dca875,X99Q39HR5CSN,expedition,2026-09-01 09:08:00,12.607924,-16.26942,SR Ziguinchor,SR,Ziguinchor,normal
81afa245f27542af98a426d847efd4ed,HHFGZNJ8VAC6,expedition,2026-09-01 09:08:00,14.684769,-16.24353,SR Diourbel,SR,Diourbel,normal
5b0d67071ac44a01bc39318c9288ae69,GN38E56QA85P,expedition,2026-09-01 09:08:06.666590,14.684477,-16.242671,SR Diourbel,SR,Diourbel,normal
8cb2495405494c3cbe27303b5afa1b7a,74RVV7KWB7YX,expedition,2026-09-01 09:08:06.766922,12.606161,-16.270934,SR Ziguinchor,SR,Ziguinchor,normal
5c806465118a4610a8ef0c255b3cb0e7,KKVMKNDTU94V,expedition,2026-09-01 09:08:16.252651,12.606362,-16.271619,SR Ziguinchor,SR,Ziguinchor,normal
0ac8d858a50145a4be60ef316bea3084,HU6W68KZ8ZRF,expedition,2026-09-01 09:08:20.227127,14.683935,-16.241937,SR Diourbel,SR,Diourbel,normal
26a1d4d0908c4c43a9ee27913330e5b1,HZEJ9UYFCSAY,expedition,2026-09-01 09:08:24.413526,12.606332,-16.271858,SR Ziguinchor,SR,Ziguinchor,normal
1ded4b695bf24a12b8ca085ff2a57f52,8KWZKWCYQ6EG,expedition,2026-09-01 09:08:26.850452,14.685514,-16.241933,SR Diourbel,SR,Diourbel,normal
02bb9c7b547d4281b55fbc968bebc7f8,ZDFAF4XQ3XGJ,expedition,2026-09-01 09:08:36.955393,12.607381,-16.269412,SR Ziguinchor,SR,Ziguinchor,normal
16596a953ac14a498986c27adaecbcce,K6M3HQCQNF2K,expedition,2026-09-01 09:08:37.768643,14.68498,-16.243454,SR Diourbel,SR,Diourbel,normal
e6bd044a1de24826b5ee30491e7ef1d3,QZPFQT5QDYFT,expedition,2026-09-01 09:08:48.967741,14.685015,-16.242491,SR Diourbel,SR,Diourbel,normal
664fc86f55a84ef89f67446a9f6dd50d,DGXMWFTSAMST,expedition,2026-09-01 09:08:51.611325,12.607046,-16.27047,SR Ziguinchor,SR,Ziguinchor,normal
b88a9e67d5fd40c5a403c9d4f7114ff1,5SW2Q98RR3GG,expedition,2026-09-01 09:08:55.679240,14.684341,-16.244512,SR Diourbel,SR,Diourbel,normal
7201fd0b04d4456e820298dea99435b3,MCU6R3EM58W6,expedition,2026-09-01 09:09:02.611819,12.606386,-16.27102,SR Ziguinchor,SR,Ziguinchor,normal
cfd360b055e94d17a5075f21d34fcd0b,HEG5T74JZ7QW,reception,2026-09-01 09:09:02.938721,13.75507,-13.672508,Officine off.tamba1,officine,Tambacounda,normal
e8b71a7283964244b5f184b63fcee01d,4H3DDFGZA967,expedition,2026-09-01 09:09:15.695391,12.607524,-16.26974,SR Ziguinchor,SR,Ziguinchor,normal
1741c30625a04527a072bf8880d3371c,3WJ5PWCC5MCQ,reception,2026-09-01 09:09:16.805866,13.754483,-13.674199,Officine off.tamba1,officine,Tambacounda,normal
54ed1062600a4698a83fc2e10e937fe9,6EPVKGRJ4MM7,reception,2026-09-01 09:09:28.375826,13.753849,-13.673572,Officine off.tamba1,officine,Tambacounda,normal
c7e3596ee25643ea900a47577f9319c8,NGPCRU9X8SFX,reception,2026-09-01 09:09:35.233186,13.75394,-13.672468,Officine off.tamba1,officine,Tambacounda,normal
cce9cbfa2f1c415ab2a77426a832818f,EEYUCJQSPGXD,reception,2026-09-01 09:09:42.554176,13.756134,-13.674064,Officine off.tamba1,officine,Tambacounda,normal
48c868dcb33a4be692b090195c5a54d6,NC3RTG7B83SZ,reception,2026-09-01 09:09:54.300439,13.755495,-13.674312,Officine off.tamba1,officine,Tambacounda,normal
fc0aeed6d8e844e2aba19fcb36b466bc,YAY9URTXBZSQ,reception,2026-09-01 09:10:01.091827,13.754644,-13.672749,Officine off.tamba1,officine,Tambacounda,normal
9096fe7255f745a69eb3051225ca9493,EBDVHKBT6FQJ,expedition,2026-09-01 09:15:00,16.012814,-16.512032,SR Saint-Louis,SR,Saint-Louis,normal
994ec5cd1cea407e990ad36c64c0c30a,ZZQWE4AQQBH5,expedition,2026-09-01 09:15:07.565104,16.012321,-16.513298,SR Saint-Louis,SR,Saint-Louis,normal
42d2460a49034edf868ba9f856303e1e,ZHREQPGSM6DP,expedition,2026-09-01 09:15:17.296837,16.013227,-16.512696,SR Saint-Louis,SR,Saint-Louis,normal
adc418c3c7564f6c9df3f68ca9d02732,K37EBCQMX2TR,expedition,2026-09-01 09:15:27.390994,16.013795,-16.511958,SR Saint-Louis,SR,Saint-Louis,normal
95d2cd18db794d2fbb882cbf67272ad0,ASXDN39F6RSP,expedition,2026-09-01 09:18:00,14.66805,-17.462975,SR Dakar,SR,Dakar,normal
edf524390e6f482a8d8bfd08dd0a2a65,CN8K38SAT3ZA,expedition,2026-09-01 09:18:10.348536,14.666516,-17.46203,SR Dakar,SR,Dakar,normal
e29d8958136e41faa8cc15495986b540,36984YPRZK82,expedition,2026-09-01 09:18:17.241424,14.667787,-17.463202,SR Dakar,SR,Dakar,normal
389f3f27b587461d8268b158afff0541,VH9QGUQMYH8V,expedition,2026-09-01 09:18:29.072815,14.665486,-17.46379,SR Dakar,SR,Dakar,normal
5347fe4f2aab464ca39184ac8d435489,YAY9URTXBZSQ,reception,2026-09-01 09:43:18.413045,12.588653,-16.266495,Officine off.ziguinchor1,officine,Ziguinchor,trajetInhabituel
d8d555fdad7e4633aff5539fad3552f5,87SUB7Y2TQAV,dispensation,2026-09-01 09:47:25.338082,14.682765,-16.255295,Officine off.diourbel1,officine,Diourbel,normal
0503a761df18477c8353f7fdd0290f22,69FQ56EMGJ64,dispensation,2026-09-01 14:32:56.787214,14.8032,-16.924726,Officine off.thies1,officine,Thies,normal
7efe2cb37f0940ecb72c4e4f762f7411,ZNB98D5VY4A2,reception,2026-09-01 14:58:43.864290,14.813591,-16.926201,Officine off.thies2,officine,Thies,normal
af37cf524aa84dce9569669cac2bbfbd,VRBSGF22N6UJ,reception,2026-09-01 14:58:51.078902,14.811794,-16.923657,Officine off.thies2,officine,Thies,normal
5c5f41aa03264c4490818dd08a32abc2,ASXDN39F6RSP,reception,2026-09-02 08:02:00,14.703596,-17.414719,Officine off.dakar2,officine,Dakar,normal
68352a6e31524304b1524efefbe37caa,CN8K38SAT3ZA,reception,2026-09-02 08:02:10.806068,14.702977,-17.413852,Officine off.dakar2,officine,Dakar,normal
341d6b80d14a45c59ee11a84bc3ec685,36984YPRZK82,reception,2026-09-02 08:02:25.178902,14.70429,-17.415167,Officine off.dakar2,officine,Dakar,normal
5b093471ce5849deb4c004540ebf1a48,VH9QGUQMYH8V,reception,2026-09-02 08:02:33.494888,14.703179,-17.413565,Officine off.dakar2,officine,Dakar,normal
086419883c55457c84eca933e75d8f3b,HHFGZNJ8VAC6,reception,2026-09-02 08:12:00,14.68105,-16.255948,Officine off.diourbel1,officine,Diourbel,normal
061d560b51ed4966b0918997117d58ac,GN38E56QA85P,reception,2026-09-02 08:12:12.235915,14.682794,-16.255279,Officine off.diourbel1,officine,Diourbel,normal
50f97a74ad234dacba409a6770696156,HU6W68KZ8ZRF,reception,2026-09-02 08:12:20.393360,14.682469,-16.254946,Officine off.diourbel1,officine,Diourbel,normal
7ab4a98a1afc4c678d1b255d4882b66f,8KWZKWCYQ6EG,reception,2026-09-02 08:12:34.067391,14.68115,-16.2563,Officine off.diourbel1,officine,Diourbel,normal
e6d8933cbb9c4f73a6ec9896efc43663,K6M3HQCQNF2K,reception,2026-09-02 08:12:48.070920,14.683766,-16.255387,Officine off.diourbel1,officine,Diourbel,normal
1ecad23d33b94cef812c090934cae467,QZPFQT5QDYFT,reception,2026-09-02 08:13:02.779036,14.681946,-16.254991,Officine off.diourbel1,officine,Diourbel,normal
a5d9d546f3e344ea8d4e0809ee84222d,5SW2Q98RR3GG,reception,2026-09-02 08:13:12.175268,14.68313,-16.254992,Officine off.diourbel1,officine,Diourbel,normal
3ac5355217f54daf9202e26c4e651c7b,CEZA5P73BMAW,dispensation,2026-09-02 08:15:00,14.811752,-16.924993,Officine off.thies2,officine,Thies,normal
024da2ca08844e7f8583f983f1774761,XBFKJBBR2ZJU,dispensation,2026-09-02 08:16:00,14.683156,-16.256669,Officine off.diourbel1,officine,Diourbel,normal
d5d9ef202c604ba98bc96a13214d8b46,PJAKTNJ49HXA,expedition,2026-09-02 08:16:00,14.667618,-17.463874,SR Dakar,SR,Dakar,normal
954f6bd97a0c453cbae901667cc2b0dc,AF2U5WGZFW9Y,expedition,2026-09-02 08:19:00,14.158366,-16.100657,Grossiste Kaolack,grossisteRepartiteur,Kaolack,normal
06b0da752ce4433fa479375e7e5b1d28,9PBJE2CV8SAN,expedition,2026-09-02 08:19:14.706771,14.157178,-16.099192,Grossiste Kaolack,grossisteRepartiteur,Kaolack,normal
d8fca6252698469f8aee14fe057cc1ab,7JKUHS2TZ57Z,expedition,2026-09-02 08:19:22.416223,14.156586,-16.099667,Grossiste Kaolack,grossisteRepartiteur,Kaolack,normal
0d83243d6b484f21a647aec1a76406da,3VKTZFRNT7A6,expedition,2026-09-02 08:19:33.330188,14.15668,-16.100694,Grossiste Kaolack,grossisteRepartiteur,Kaolack,normal
f356b2e27a174dc89799abd9fc562e02,M9CZCM8T4EE4,expedition,2026-09-02 08:19:47.665041,14.159065,-16.101576,Grossiste Kaolack,grossisteRepartiteur,Kaolack,normal
b21da090a18f46e186934f16a0effa69,PTF5GYHWVR8R,expedition,2026-09-02 08:19:55.353097,14.158988,-16.101139,Grossiste Kaolack,grossisteRepartiteur,Kaolack,normal
f85e93ad835045128cc237c437ed31f0,F5F522U7MWRQ,expedition,2026-09-02 08:20:02.924996,14.157736,-16.099567,Grossiste Kaolack,grossisteRepartiteur,Kaolack,normal
167d2fa09ea845cf802ffc88a0323cab,63BHZ49V2G2A,expedition,2026-09-02 08:20:11.488943,14.157458,-16.101463,Grossiste Kaolack,grossisteRepartiteur,Kaolack,normal
a41bb81fc0cf44639ae02dabca797f71,T3M5ZT25MHT9,expedition,2026-09-02 08:20:19.212884,14.15813,-16.099658,Grossiste Kaolack,grossisteRepartiteur,Kaolack,normal
53c4ee4dabb8415a968092dc3aaee392,HDF58BVXWGEE,dispensation,2026-09-02 08:29:00,15.608949,-16.253287,Officine off.louga1,officine,Louga,normal
9373e2ab30d943bd937f79240f8ebdfd,K8JZDJR7PTVN,dispensation,2026-09-02 08:32:00,15.610897,-16.251551,Officine off.louga1,officine,Louga,normal
3b21e829e45f42acbc322aa54914b8b0,KPSGUETH2MTS,expedition,2026-09-02 08:35:00,14.157583,-16.100527,Grossiste Kaolack,grossisteRepartiteur,Kaolack,normal
eb16ac980015405bab3d1d91d222a59c,YK8Y6C8F37PK,expedition,2026-09-02 08:35:13.119202,14.158846,-16.100594,Grossiste Kaolack,grossisteRepartiteur,Kaolack,normal
b1f2199eb8144d949c8a725d01a5cf51,4RXGECUVCTA8,expedition,2026-09-02 08:35:21.486227,14.158568,-16.099091,Grossiste Kaolack,grossisteRepartiteur,Kaolack,normal
2bc907dd041e4e27a9a12c126a11b00c,36XD46Y6KJ4W,dispensation,2026-09-02 08:40:00,13.75618,-13.674678,Officine off.tamba1,officine,Tambacounda,normal
408edd1429314fb89606f3407fcaf06a,4W9RKY32C7BX,dispensation,2026-09-02 08:44:00,13.754667,-13.673148,Officine off.tamba1,officine,Tambacounda,normal
2a608a61586949c7972faba1e4e637e4,X99Q39HR5CSN,reception,2026-09-02 08:50:54.650109,12.589244,-16.265078,Officine off.ziguinchor1,officine,Ziguinchor,normal
5c0808915c6748728a3e9c417b9872b5,74RVV7KWB7YX,reception,2026-09-02 08:51:01.341968,12.589337,-16.264709,Officine off.ziguinchor1,officine,Ziguinchor,normal
ed6c1e70a2034d7c8d3136021d1070d7,KKVMKNDTU94V,reception,2026-09-02 08:51:08.920353,12.590595,-16.265355,Officine off.ziguinchor1,officine,Ziguinchor,normal
0138897636d543f79f894c7e03f9f3f8,HZEJ9UYFCSAY,reception,2026-09-02 08:51:18.019972,12.589728,-16.266796,Officine off.ziguinchor1,officine,Ziguinchor,normal
ba8b12d02c9d40d3bea123dd9e4c2a39,ZDFAF4XQ3XGJ,reception,2026-09-02 08:51:27.334396,12.58933,-16.266456,Officine off.ziguinchor1,officine,Ziguinchor,normal
5f3c3dad9e1a4d0bbcbab9d3d0a51a01,DGXMWFTSAMST,reception,2026-09-02 08:51:37.760580,12.588409,-16.264734,Officine off.ziguinchor1,officine,Ziguinchor,normal
699e32a558d54a4c9b427452f753cecd,MCU6R3EM58W6,reception,2026-09-02 08:51:48.351243,12.589006,-16.264609,Officine off.ziguinchor1,officine,Ziguinchor,normal
65c707714fd14fbcaad23ab3cfdc4199,4H3DDFGZA967,reception,2026-09-02 08:51:57.145475,12.5901,-16.264202,Officine off.ziguinchor1,officine,Ziguinchor,normal
66c958292de74480a51c126d485de810,JF7FQE4DTS7Y,reception,2026-09-02 08:55:00,14.701291,-17.438305,Officine off.dakar1,officine,Dakar,normal
8059fd5e5c0148c58a24fbb5729649d0,NP4T2FRXXHKP,dispensation,2026-09-02 09:00:00,14.162238,-16.063173,Officine off.kaolack2,officine,Kaolack,normal
69cda14412824997b8407af57cf65989,EZSCR2BDWTVZ,expedition,2026-09-02 09:00:00,14.763405,-16.915881,SR Thies,SR,Thies,normal
53b50e6c4b7d4e30869f9196ecb3b30f,HD5UU278YJU7,expedition,2026-09-02 09:00:10.868589,14.761871,-16.916649,SR Thies,SR,Thies,normal
0e481cd416fb45f6990bdb4ef2d85047,B5H8VBB2W5Q2,expedition,2026-09-02 09:00:20.232590,14.763099,-16.914054,SR Thies,SR,Thies,normal
4209ad9da2ee4d1d8a5ef5ccf1d009dc,4KD847TCZJ2H,expedition,2026-09-02 09:00:28.353526,14.763039,-16.916568,SR Thies,SR,Thies,normal
2062c1b90905457b81bb31165139389e,Y34PFDQCSEE8,dispensation,2026-09-02 09:08:00,14.162224,-16.062296,Officine off.kaolack2,officine,Kaolack,normal
d71a8d6f915c473b970ed19838d9eb51,DMQ6VS9TA36P,dispensation,2026-09-02 09:23:00,14.683675,-16.255067,Officine off.diourbel1,officine,Diourbel,normal
90114b6b97d34bcea9c38175aee483e5,CBXRXUGDQ3ZT,dispensation,2026-09-02 09:28:00,14.701281,-17.438969,Officine off.dakar1,officine,Dakar,normal
63f91c8ac8004dd79718f55c2ffab218,EBDVHKBT6FQJ,reception,2026-09-02 10:11:17.638198,16.00611,-16.517287,Officine off.saintlouis1,officine,Saint-Louis,normal
7d0771a8dfcb4a31b395819f2fafbd32,ZZQWE4AQQBH5,reception,2026-09-02 10:11:24.428086,16.006908,-16.515832,Officine off.saintlouis1,officine,Saint-Louis,normal
7cb69a7e1d684291af0f2363fcc1fd46,ZHREQPGSM6DP,reception,2026-09-02 10:11:33.016075,16.007925,-16.516899,Officine off.saintlouis1,officine,Saint-Louis,normal
e149e225bc514d50a6da6c06bfc69eb3,K37EBCQMX2TR,reception,2026-09-02 10:11:44.824323,16.008712,-16.518349,Officine off.saintlouis1,officine,Saint-Louis,normal
bcc265bc0ef347f5826ade466f19496b,MTWJUZNN8CNP,expedition,2026-09-02 12:45:12.471547,14.158107,-16.099315,Grossiste Kaolack,grossisteRepartiteur,Kaolack,normal
84f760589e7f4eaaa610dcf4f53d7b94,X4GQRCB2VM8A,expedition,2026-09-02 12:45:21.219116,14.158143,-16.101584,Grossiste Kaolack,grossisteRepartiteur,Kaolack,normal
eb954da825174ea89d37c9a047701a9c,VNVZA8DRXS3U,expedition,2026-09-02 12:45:31.704122,14.156177,-16.09936,Grossiste Kaolack,grossisteRepartiteur,Kaolack,normal
2a4b5184fba747e1bf65827996cef07b,6ZUTXM39H8HQ,expedition,2026-09-02 12:45:44.099593,14.156892,-16.099296,Grossiste Kaolack,grossisteRepartiteur,Kaolack,normal
9761f35000ca4f8eb3453a69f4950bee,N38CU2V7UQCD,expedition,2026-09-02 12:45:50.522289,14.158365,-16.099934,Grossiste Kaolack,grossisteRepartiteur,Kaolack,normal
a582de71ece84eea82c8db276881d24f,7U2K6VTEXYKD,dispensation,2026-09-02 14:56:41.999071,16.007896,-16.516247,Officine off.saintlouis1,officine,Saint-Louis,normal
0711fb3e66334a2abebdcf0b0db92ccd,A9SBXERD8ZRG,expedition,2026-09-02 15:42:29.761129,14.159001,-16.100361,Grossiste Kaolack,grossisteRepartiteur,Kaolack,normal
5838cde314ed47f7bf8ef0e2fb89ebff,KRMUP47FHWHY,expedition,2026-09-02 15:42:35.933567,14.15627,-16.100727,Grossiste Kaolack,grossisteRepartiteur,Kaolack,normal
7080ada6096447e0b15975f603c413e3,3K3Q4QK8UJBW,expedition,2026-09-02 15:42:44.410014,14.156559,-16.10163,Grossiste Kaolack,grossisteRepartiteur,Kaolack,normal
9955340a9431403ab8ad735c5d1d0f45,82XGFQD23N5Z,expedition,2026-09-02 15:42:56.119718,14.15828,-16.101227,Grossiste Kaolack,grossisteRepartiteur,Kaolack,normal
2664edc0ee824d70ac570052a532e877,PT7NJCC24KKW,expedition,2026-09-02 15:43:03.089019,14.158782,-16.100408,Grossiste Kaolack,grossisteRepartiteur,Kaolack,normal
7f159d9a88fa4713973614a6afca6dec,G6WKPNVTA9CM,expedition,2026-09-02 15:43:17.816320,14.158224,-16.0997,Grossiste Kaolack,grossisteRepartiteur,Kaolack,normal
3c10818bda7143d3add49b53a9452e51,E7RQ6G5MG6ZX,expedition,2026-09-02 15:43:32.740732,14.159066,-16.101287,Grossiste Kaolack,grossisteRepartiteur,Kaolack,normal
faf3456a93114a1793b1990e431acd59,EJ95NEJZCC7K,expedition,2026-09-02 15:43:42.122586,14.157389,-16.101651,Grossiste Kaolack,grossisteRepartiteur,Kaolack,normal
552ccfa68e9f492498a0176625b8bc3c,CMYBQZY5STUM,expedition,2026-09-02 15:43:49.086896,14.15716,-16.099478,Grossiste Kaolack,grossisteRepartiteur,Kaolack,normal
eb1e06704a7047ab9a00223ff15e5d67,HXTTSVQ7APYX,expedition,2026-09-02 15:44:03.674703,14.158885,-16.099519,Grossiste Kaolack,grossisteRepartiteur,Kaolack,normal
a320821a1bc2430fb8cd0a481844ea13,Q54JT5XSX2A5,expedition,2026-09-02 15:44:18.142001,14.157976,-16.099381,Grossiste Kaolack,grossisteRepartiteur,Kaolack,normal
0e2f0d2cc42049d7959052363b8de96d,4DEBER35SF4D,expedition,2026-09-02 15:44:30.816489,14.157819,-16.101514,Grossiste Kaolack,grossisteRepartiteur,Kaolack,normal
4f3a87b0465148e19e335eb07adbf21f,AWXJ4MQFC36B,dispensation,2026-09-03 08:05:00,14.142923,-16.063729,Officine off.kaolack1,officine,Kaolack,normal
cf5a648b42a044d393a96c317f934e88,92C5B72MSP8Y,expedition,2026-09-03 08:17:00,14.157736,-16.100049,Grossiste Kaolack,grossisteRepartiteur,Kaolack,normal
78c53b5925fe4b3685bbdd6ef528141e,78CH5GHDD4DG,expedition,2026-09-03 08:17:11.167102,14.157919,-16.101563,Grossiste Kaolack,grossisteRepartiteur,Kaolack,normal
9c7eb937a4d946dabdb793e3094cf936,9VU9Y2D2VTPS,expedition,2026-09-03 08:17:22.086577,14.158081,-16.100396,Grossiste Kaolack,grossisteRepartiteur,Kaolack,normal
f09a2467013a43e6b10adeeb53b958fc,CFTK8JAT2GD3,expedition,2026-09-03 08:17:36.203830,14.157703,-16.100555,Grossiste Kaolack,grossisteRepartiteur,Kaolack,normal
3e70379d32e44e7f8e8c90b1b0c4e41c,3332PXN649FF,expedition,2026-09-03 08:17:49.412321,14.156376,-16.101177,Grossiste Kaolack,grossisteRepartiteur,Kaolack,normal
08a3a53a801e4e7582da3638043ddd9b,Z62ECD8WC92U,expedition,2026-09-03 08:18:03.864707,14.157422,-16.100921,Grossiste Kaolack,grossisteRepartiteur,Kaolack,normal
b696a173646b4d41bb3b09775d56686a,4HZ32F39Z5KX,expedition,2026-09-03 08:18:15.564409,14.157517,-16.099922,Grossiste Kaolack,grossisteRepartiteur,Kaolack,normal
51c696d1ca2c4d2a920fd4b421d6d3f7,UN4EJSRS7S79,expedition,2026-09-03 08:18:23.638656,14.158946,-16.099605,Grossiste Kaolack,grossisteRepartiteur,Kaolack,normal
7075a6c458c346c2b76130fde03bd3c3,DS9VPAUGXPJB,expedition,2026-09-03 08:18:30.187598,14.157,-16.099383,Grossiste Kaolack,grossisteRepartiteur,Kaolack,normal
5d40e46fc43f4334a8763d54f6f74e33,AF2U5WGZFW9Y,reception,2026-09-03 08:25:00,14.152032,-16.044838,SR Kaolack,SR,Kaolack,normal
cccdb39ccd9849cbbcd2a06286b5d0ec,9PBJE2CV8SAN,reception,2026-09-03 08:25:06.494442,14.152084,-16.044075,SR Kaolack,SR,Kaolack,normal
507c67937da340e7b40ffe13d93e682e,7JKUHS2TZ57Z,reception,2026-09-03 08:25:17.006471,14.153138,-16.043798,SR Kaolack,SR,Kaolack,normal
583f2c1e5d2049d89eac893c6da66fee,3VKTZFRNT7A6,reception,2026-09-03 08:25:25.050886,14.152084,-16.044428,SR Kaolack,SR,Kaolack,normal
75fc5b4151b14f7fa21caad39a251ed3,M9CZCM8T4EE4,reception,2026-09-03 08:25:36.312479,14.151847,-16.04418,SR Kaolack,SR,Kaolack,normal
f03bd9aea5464330b01a4f484963ddd2,PTF5GYHWVR8R,reception,2026-09-03 08:25:47.288580,14.153472,-16.044017,SR Kaolack,SR,Kaolack,normal
ae2f09be8c86416394c72cd2a6ff6906,F5F522U7MWRQ,reception,2026-09-03 08:25:59.096136,14.152586,-16.042137,SR Kaolack,SR,Kaolack,normal
55ca8821d97e4a8984ba4efb23c2bc30,63BHZ49V2G2A,reception,2026-09-03 08:26:11.446237,14.153813,-16.042458,SR Kaolack,SR,Kaolack,normal
4edf0263cf7b467a8c2024b1875b1149,T3M5ZT25MHT9,reception,2026-09-03 08:26:23.824119,14.151594,-16.044377,SR Kaolack,SR,Kaolack,normal
426444c85495430795e74debf3abdf06,VMHSDCBBA7HE,dispensation,2026-09-03 08:27:00,14.704132,-17.414127,Officine off.dakar2,officine,Dakar,normal
6b784110449d462b8444dee31e378703,BE4DVAFNJ82K,expedition,2026-09-03 08:40:00,14.157888,-16.101534,Grossiste Kaolack,grossisteRepartiteur,Kaolack,normal
e02fc285f3554469a40a52421fab8d8a,PSF4R6NRWDHB,expedition,2026-09-03 08:40:08.880862,14.158131,-16.099367,Grossiste Kaolack,grossisteRepartiteur,Kaolack,normal
2464ddb451314925ad1b369e2111c107,XT2VN469BBDK,expedition,2026-09-03 08:40:21.442027,14.158398,-16.100344,Grossiste Kaolack,grossisteRepartiteur,Kaolack,normal
fae4a357db5649c09bd0bb97dba13694,XPZHEH3GWFYU,expedition,2026-09-03 08:40:33.362604,14.156421,-16.100126,Grossiste Kaolack,grossisteRepartiteur,Kaolack,normal
a5aa3b442fc849f3a6c8b824f6a1bcc2,MJ9BQ2CC7JMY,expedition,2026-09-03 08:40:46.779255,14.158485,-16.101672,Grossiste Kaolack,grossisteRepartiteur,Kaolack,normal
7a6d77c2f9b641c8a6365061c0c2e7d3,JFMVGM879WWF,expedition,2026-09-03 08:40:59.038058,14.158551,-16.099736,Grossiste Kaolack,grossisteRepartiteur,Kaolack,normal
124fbeb0680048f88527c3b7a7b88b0f,MS25GR9ZK9D8,dispensation,2026-09-03 08:47:00,14.811842,-16.926161,Officine off.thies2,officine,Thies,normal
67ff3d66451f475482bd83dc4acc7c74,E7ZVJYH3AQGY,dispensation,2026-09-03 08:48:00,12.588148,-16.264589,Officine off.ziguinchor1,officine,Ziguinchor,normal
7926b1a0a89b43a48048b9691197025d,5DMJKP6KS9UR,expedition,2026-09-03 08:57:00,14.15665,-16.100268,Grossiste Kaolack,grossisteRepartiteur,Kaolack,normal
d085db35d8534d59845d3b142fc13f59,MZ54J5X7XZCW,expedition,2026-09-03 08:57:06.093716,14.159047,-16.101368,Grossiste Kaolack,grossisteRepartiteur,Kaolack,normal
8ab9e0c0204547d884ee5e0365ad5018,CNAWEWKJS7V3,expedition,2026-09-03 08:57:13.540200,14.156432,-16.099705,Grossiste Kaolack,grossisteRepartiteur,Kaolack,normal
3426957e56764888a6347cfdf37b0a53,NDC9ND66SBMD,expedition,2026-09-03 08:57:25.760198,14.156785,-16.101455,Grossiste Kaolack,grossisteRepartiteur,Kaolack,normal
9e936212e2b54299be98b4400ebdefb5,PJAKTNJ49HXA,reception,2026-09-03 09:03:00,14.696982,-17.466856,Officine off.dakar3,officine,Dakar,normal
554a3a63df9b4365a9cfb7497d77fae9,BEF9DA6EFQTE,expedition,2026-09-03 09:09:00,14.158922,-16.100897,Grossiste Kaolack,grossisteRepartiteur,Kaolack,normal
f6ace287f7f44710b51a816008be6e96,8DNZEEMSKR5T,expedition,2026-09-03 09:09:12.352918,14.158481,-16.101263,Grossiste Kaolack,grossisteRepartiteur,Kaolack,normal
45c0e62bf18f4c5f87ac78624b549165,KPSGUETH2MTS,reception,2026-09-03 09:12:00,14.683509,-16.242194,SR Diourbel,SR,Diourbel,normal
6d28be3b0fd747f3ab80e62596400b9f,YK8Y6C8F37PK,reception,2026-09-03 09:12:11.073704,14.682875,-16.244422,SR Diourbel,SR,Diourbel,normal
83ef40b3c93d489dbeddd8ad7ab3783e,4RXGECUVCTA8,reception,2026-09-03 09:12:18.220382,14.684392,-16.244735,SR Diourbel,SR,Diourbel,normal
292edc029b8141208406af33ed3f554f,8QCT7CWXZJ38,dispensation,2026-09-03 09:22:00,12.588822,-16.264285,Officine off.ziguinchor1,officine,Ziguinchor,normal
7557f4821de9461a90c43b03b21fc6c8,MTWJUZNN8CNP,reception,2026-09-03 10:25:28.312475,14.667676,-17.462588,SR Dakar,SR,Dakar,normal
7ffff7185747429ca43a8b6567f677c3,X4GQRCB2VM8A,reception,2026-09-03 10:25:41.478836,14.665612,-17.463983,SR Dakar,SR,Dakar,normal
e345ab6f2a1b4718bee7484df35ee6a8,VNVZA8DRXS3U,reception,2026-09-03 10:25:50.951154,14.665699,-17.463683,SR Dakar,SR,Dakar,normal
8c3a7cb5c91d45f3801a31f0050a8ea7,6ZUTXM39H8HQ,reception,2026-09-03 10:26:03.657434,14.666384,-17.462229,SR Dakar,SR,Dakar,normal
a8e152ca8e7a46a8b35d70e8036f20a3,N38CU2V7UQCD,reception,2026-09-03 10:26:17.511397,14.66557,-17.462852,SR Dakar,SR,Dakar,normal
c3fd74ed8a2943a4a384572a511d42e0,HW3EBEX7V26T,dispensation,2026-09-03 13:17:45.193935,15.607971,-16.252073,Officine off.louga1,officine,Louga,normal
e4eac2a7e0b34866b90675d1c9b03eea,EZSCR2BDWTVZ,reception,2026-09-03 13:42:48.185117,14.802973,-16.923789,Officine off.thies1,officine,Thies,normal
ad56cdb2938543a6989bcfc7403da0a5,HD5UU278YJU7,reception,2026-09-03 13:42:55.433771,14.802587,-16.92565,Officine off.thies1,officine,Thies,normal
cc5d5e9008ab4d7783fa96ed5480d4ba,B5H8VBB2W5Q2,reception,2026-09-03 13:43:04.352656,14.801958,-16.925265,Officine off.thies1,officine,Thies,normal
bc65cbfbeb104cfab3a7d01755d9d4bc,4KD847TCZJ2H,reception,2026-09-03 13:43:12.861746,14.803239,-16.924799,Officine off.thies1,officine,Thies,normal
bac8735674db4515921d9b2d0a0e902e,KTCNHTHXV68P,dispensation,2026-09-03 14:03:20.187342,14.144024,-16.065069,Officine off.kaolack1,officine,Kaolack,normal
f8f33a67df794da5bfca3f99e2f74921,ZHREQPGSM6DP,dispensation,2026-09-03 14:17:25.877429,16.007099,-16.516244,Officine off.saintlouis1,officine,Saint-Louis,normal
079e09a578444c5fbbb2f4d305c2b35b,MTWJUZNN8CNP,expedition,2026-09-03 14:36:27.166535,14.666813,-17.464447,SR Dakar,SR,Dakar,normal
05d1f56bc0e041aab3c4de47b49dfd43,ZZQWE4AQQBH5,dispensation,2026-09-03 16:10:34.549138,16.005956,-16.517253,Officine off.saintlouis1,officine,Saint-Louis,normal
666fd273eb8d462e95f8d7e81ab4f2c9,BE4DVAFNJ82K,reception,2026-09-04 08:19:00,16.013339,-16.513284,SR Saint-Louis,SR,Saint-Louis,normal
6203af7b52e249aab0ad6f97ee63fff7,PSF4R6NRWDHB,reception,2026-09-04 08:19:09.655544,16.014477,-16.514073,SR Saint-Louis,SR,Saint-Louis,normal
ada75fc16ba74065a83ec9eb3485060c,XT2VN469BBDK,reception,2026-09-04 08:19:22.240640,16.014531,-16.51379,SR Saint-Louis,SR,Saint-Louis,normal
a1684ecc040d4658befa7f7d607d92c8,XPZHEH3GWFYU,reception,2026-09-04 08:19:29.930033,16.014859,-16.514007,SR Saint-Louis,SR,Saint-Louis,normal
4e2c7fa67613479c87c814dbeb57cdae,MJ9BQ2CC7JMY,reception,2026-09-04 08:19:36.477315,16.01362,-16.513893,SR Saint-Louis,SR,Saint-Louis,normal
c56bcc3bbea04eb9bbf1dc77c3449c0a,JFMVGM879WWF,reception,2026-09-04 08:19:49.158673,16.012592,-16.513009,SR Saint-Louis,SR,Saint-Louis,normal
82c08021e2464ea79ad8cd359bfb2a17,92C5B72MSP8Y,reception,2026-09-04 08:21:00,12.607209,-16.271989,SR Ziguinchor,SR,Ziguinchor,normal
4f328624b36b4b3caa8af113a936e12a,X4GQRCB2VM8A,expedition,2026-09-04 08:21:00,14.667572,-17.464826,SR Dakar,SR,Dakar,normal
5091b260066a48c092eb09f1ef581529,VNVZA8DRXS3U,expedition,2026-09-04 08:21:10.109527,14.666528,-17.463415,SR Dakar,SR,Dakar,normal
00b6f7888b404d70b895b9755a8ae945,78CH5GHDD4DG,reception,2026-09-04 08:21:13.349163,12.606558,-16.270426,SR Ziguinchor,SR,Ziguinchor,normal
99f97e0786a8437993ff7b6573767fe0,6ZUTXM39H8HQ,expedition,2026-09-04 08:21:20.444474,14.667445,-17.463624,SR Dakar,SR,Dakar,normal
8cef34551a1247c7b0023402a3fc6ed6,9VU9Y2D2VTPS,reception,2026-09-04 08:21:27.027153,12.607891,-16.271572,SR Ziguinchor,SR,Ziguinchor,normal
903ba2740ba2489d859e6b205df1b357,N38CU2V7UQCD,expedition,2026-09-04 08:21:31.413051,14.666547,-17.462474,SR Dakar,SR,Dakar,normal
f93f9d778171494ba7c120e94602e4f5,CFTK8JAT2GD3,reception,2026-09-04 08:21:37.714655,12.6065,-16.271691,SR Ziguinchor,SR,Ziguinchor,normal
fcf623de187e490c99c74f8b3bf64364,3332PXN649FF,reception,2026-09-04 08:21:45.526144,12.606263,-16.272315,SR Ziguinchor,SR,Ziguinchor,normal
3e2ae62de7434b48b178f9985daba3be,Z62ECD8WC92U,reception,2026-09-04 08:21:55.096372,12.605715,-16.270522,SR Ziguinchor,SR,Ziguinchor,normal
7cd85306dc3f4b379b6d53b666160855,4HZ32F39Z5KX,reception,2026-09-04 08:22:09.779878,12.608507,-16.271818,SR Ziguinchor,SR,Ziguinchor,normal
e517d9182cf74fef96356c2f702af6f6,UN4EJSRS7S79,reception,2026-09-04 08:22:22.022247,12.60769,-16.270006,SR Ziguinchor,SR,Ziguinchor,normal
9f298e3c0a384728a1faffb8aa9dbe77,DS9VPAUGXPJB,reception,2026-09-04 08:22:28.304817,12.606636,-16.269837,SR Ziguinchor,SR,Ziguinchor,normal
85cebeb20d0b407db32fd0bd4af134cb,JSYG75DX9AK9,dispensation,2026-09-04 08:23:00,14.703272,-17.438056,Officine off.dakar1,officine,Dakar,normal
ad15a95f917244df92e4a351666f7031,9PVPNQG4Y3FQ,dispensation,2026-09-04 08:25:00,14.681458,-16.254959,Officine off.diourbel1,officine,Diourbel,normal
bb1389211e5e46f1b9b94fe776f68ea0,2342GYDAMAWN,dispensation,2026-09-04 08:25:00,14.80228,-16.924271,Officine off.thies1,officine,Thies,normal
39f2e4200f34462a969439b9fa0cadc8,EJDEPEQE2S5X,dispensation,2026-09-04 08:28:00,15.608444,-16.252497,Officine off.louga1,officine,Louga,normal
a78b9809945a4466aa3d3a2fff391019,NTD9925GBJTG,dispensation,2026-09-04 08:38:00,13.754317,-13.674032,Officine off.tamba1,officine,Tambacounda,normal
798fb916bfbd4300a8588ab9e1683553,NNBRAMP6FND6,dispensation,2026-09-04 08:39:00,14.698418,-17.46413,Officine off.dakar3,officine,Dakar,normal
6174cafd1121483f8f74a50a84c9693c,KPSGUETH2MTS,expedition,2026-09-04 08:54:00,14.684556,-16.242329,SR Diourbel,SR,Diourbel,normal
c6a7ff015f084033bceb71f414dbe44a,CCK2TYRZN8NN,expedition,2026-09-04 08:54:00,14.719043,-17.46913,Laboratoire Historique,fabricant,Dakar,normal
e5217748d19c40238a69540bb8fcf730,E9X2QCJVYS6U,expedition,2026-09-04 08:54:08.941372,14.716402,-17.47024,Laboratoire Historique,fabricant,Dakar,normal
442b20c8d84b42fd8f74bba8431b84ca,YK8Y6C8F37PK,expedition,2026-09-04 08:54:12.143074,14.684502,-16.242143,SR Diourbel,SR,Diourbel,normal
ffd6649a3df24705ae65afc5ed414fd4,AURQSXT33MZC,expedition,2026-09-04 08:54:17.826489,14.716543,-17.470277,Laboratoire Historique,fabricant,Dakar,normal
fc8caab9b82148618af7c40c3595ea03,4RXGECUVCTA8,expedition,2026-09-04 08:54:20.307909,14.684424,-16.242281,SR Diourbel,SR,Diourbel,normal
d5d1bb9af750439db1069af6fc9219d2,7DUA6KNRC3DB,expedition,2026-09-04 08:54:23.913794,14.717377,-17.468664,Laboratoire Historique,fabricant,Dakar,normal
5803bda2662f4accabeae9241da41bee,PQZKZCBTFQF3,expedition,2026-09-04 08:54:32.104647,14.718583,-17.470077,Laboratoire Historique,fabricant,Dakar,normal
2cd2d75fdca64557a29683e7f4b7810a,Z4K5GFES57VN,expedition,2026-09-04 08:54:41.002282,14.719192,-17.469017,Laboratoire Historique,fabricant,Dakar,normal
24cbe1bb179b486cb27fef7c4ed45041,SDHF5ZV8U6XK,expedition,2026-09-04 08:54:52.226234,14.718438,-17.471536,Laboratoire Historique,fabricant,Dakar,normal
9b76f6d1f8f14534b1f52db2b19e8c3a,6WXG9Y8E7N52,expedition,2026-09-04 08:54:59.883903,14.718143,-17.469398,Laboratoire Historique,fabricant,Dakar,normal
7f4ca4b849f54d6ca9851778e4d6f486,YYAJUN9MJCSH,expedition,2026-09-04 08:55:06.374647,14.718467,-17.470871,Laboratoire Historique,fabricant,Dakar,normal
0901c917960543c6bd120b1734347ea6,YPUVP7BGHMR9,expedition,2026-09-04 08:55:20.408341,14.718194,-17.47033,Laboratoire Historique,fabricant,Dakar,normal
dfa3581001c3474caf34800567440df5,P4BXH3MDXN9M,expedition,2026-09-04 08:55:31.948724,14.718662,-17.469974,Laboratoire Historique,fabricant,Dakar,normal
cd811b3c8e7f4f7aa01c5e6f6500e34f,R5VZQKQ9N3C6,expedition,2026-09-04 08:55:38.743646,14.716924,-17.469607,Laboratoire Historique,fabricant,Dakar,normal
28a5d4a7174a43759a076cb6c9afa0d1,QBWFPC6ZWB9Q,expedition,2026-09-04 08:55:51.895490,14.718924,-17.469288,Laboratoire Historique,fabricant,Dakar,normal
18eec97f134a42ca876d4d6e6af9743c,QPXTD7HC9XFY,expedition,2026-09-04 08:56:03.085332,14.718196,-17.471175,Laboratoire Historique,fabricant,Dakar,normal
f70ee537651643e09d8705cc08c2e094,J9UND3PSAN25,expedition,2026-09-04 08:56:12.091734,14.716715,-17.468906,Laboratoire Historique,fabricant,Dakar,normal
1d5f37a4abfc49939bc402c113a9b259,VUDRP3AWAGKV,expedition,2026-09-04 08:56:20.842676,14.719167,-17.47139,Laboratoire Historique,fabricant,Dakar,normal
e5ed9c23271a4b4eb3136861bfc5f7a1,MWX3EE3H9UXW,expedition,2026-09-04 08:56:34.778567,14.716695,-17.469804,Laboratoire Historique,fabricant,Dakar,normal
078737869da6447db4117dd84e4cf17d,QU2P4BJAXZGY,expedition,2026-09-04 08:56:44.090157,14.716742,-17.471448,Laboratoire Historique,fabricant,Dakar,normal
9ce9c296348743d3a2fbb84666c2633e,EQUJJPTW47G7,expedition,2026-09-04 08:56:58.623594,14.716907,-17.470755,Laboratoire Historique,fabricant,Dakar,normal
0af3814270a14c3183cc428b6b02f3dc,ARVAUTGXB8CU,expedition,2026-09-04 08:57:09.683695,14.718211,-17.470469,Laboratoire Historique,fabricant,Dakar,normal
291b2b3cd5e9406986171d96642fd9b6,8EJYPZVZUM4F,expedition,2026-09-04 08:57:18.266225,14.717774,-17.469477,Laboratoire Historique,fabricant,Dakar,normal
ddc6628db813499b845297f5107444ba,ZW9QG4H3XDJZ,expedition,2026-09-04 08:57:24.422377,14.717235,-17.469081,Laboratoire Historique,fabricant,Dakar,normal
2e496652ac1a43ef8850936eb14e6cd2,FRBS8V896DJP,expedition,2026-09-04 08:57:36.028536,14.717414,-17.469566,Laboratoire Historique,fabricant,Dakar,normal
3e3c57812d21468cabb424c76a3c9645,QSJX9MJSTHJP,expedition,2026-09-04 08:57:47.403358,14.719243,-17.471312,Laboratoire Historique,fabricant,Dakar,normal
a64ab510dc1040669002fa5fb525186c,HFUF7W2Y74R5,expedition,2026-09-04 08:57:57.823579,14.717536,-17.470106,Laboratoire Historique,fabricant,Dakar,normal
0de34734257d4139baa7411ef4d26fb3,56SRQCYRZYQF,expedition,2026-09-04 08:58:05.979723,14.71701,-17.471452,Laboratoire Historique,fabricant,Dakar,normal
472d14959e3b451bbbc68998ac4839ea,QSMZ9C4NU5Z7,expedition,2026-09-04 08:58:14.821711,14.719075,-17.469618,Laboratoire Historique,fabricant,Dakar,normal
773f637ea79d4843886ea7310ba36092,6D62EYCJVQT5,expedition,2026-09-04 08:58:28.402340,14.717275,-17.471226,Laboratoire Historique,fabricant,Dakar,normal
9f1cb59557a048f68976576399ac96f7,6XKK2UP75URQ,expedition,2026-09-04 08:58:40.513946,14.719311,-17.470773,Laboratoire Historique,fabricant,Dakar,normal
6a5b3670836d45fba80c0bd4346ab48a,VMXRHDBDN6RX,expedition,2026-09-04 08:58:55.290224,14.718933,-17.471274,Laboratoire Historique,fabricant,Dakar,normal
60379396ba2245bd9cd252bdafecacb0,7BN24NYMXKZ8,expedition,2026-09-04 08:59:08.812536,14.716763,-17.469102,Laboratoire Historique,fabricant,Dakar,normal
e5ced96d90184bbba63249d792ba5f00,5GHH9EMGCGY6,expedition,2026-09-04 08:59:20.643526,14.717095,-17.471096,Laboratoire Historique,fabricant,Dakar,normal
db18d21233f04c8ea619d261b580819c,6V7T8B8P284S,expedition,2026-09-04 08:59:32.016246,14.717978,-17.470269,Laboratoire Historique,fabricant,Dakar,normal
196fcfd43ef54833b28653876ae5a733,SAPZ6GRKE69F,expedition,2026-09-04 08:59:41.299560,14.717632,-17.469798,Laboratoire Historique,fabricant,Dakar,normal
65805b59f24c4e138fb156e3ed9e5ab3,BS2J743GDKXX,expedition,2026-09-04 08:59:49.226483,14.717106,-17.469708,Laboratoire Historique,fabricant,Dakar,normal
9010ccf4f1884bc788d3c9caf13adbcb,D3B4JRUKR9V5,expedition,2026-09-04 09:00:02.903743,14.716635,-17.469127,Laboratoire Historique,fabricant,Dakar,normal
f0076dee83404e81beab7f5381fdcb60,ABKPG2TYVKNE,expedition,2026-09-04 09:00:15.080903,14.719249,-17.471362,Laboratoire Historique,fabricant,Dakar,normal
4741857c48aa4ceab174e4e778b0bfc0,7U5Q8MBHG2AM,expedition,2026-09-04 09:00:22.342031,14.717644,-17.468879,Laboratoire Historique,fabricant,Dakar,normal
b05bae2dc71a4a86873f309071d7505a,7URWYMC8DKHG,expedition,2026-09-04 09:00:32.791483,14.716407,-17.468687,Laboratoire Historique,fabricant,Dakar,normal
61cdcc825d71418ba4983ff9bee0decb,UQBMMXHDBW55,expedition,2026-09-04 09:00:42.382454,14.718066,-17.469176,Laboratoire Historique,fabricant,Dakar,normal
a21165ffacb64c8babc7e09fab1132f7,BUKR4X4W2NYD,expedition,2026-09-04 09:00:49.717822,14.719002,-17.468838,Laboratoire Historique,fabricant,Dakar,normal
62f9d14aef7e4fdfa8bf175b21834349,BG24PXFCUD84,expedition,2026-09-04 09:00:58.733747,14.717255,-17.470243,Laboratoire Historique,fabricant,Dakar,normal
5de42cd47eed41e199edd0cb4052e881,SRQERHQ25RWA,expedition,2026-09-04 09:01:05.320765,14.717706,-17.46997,Laboratoire Historique,fabricant,Dakar,normal
0d3c48db21b545f99e0df67cf4d7c61b,FTESXZDWZYDN,expedition,2026-09-04 09:01:12.383368,14.717567,-17.470482,Laboratoire Historique,fabricant,Dakar,normal
34e12431427f45d5bcb4acbe10f001db,X9K3HMVE9AM7,expedition,2026-09-04 09:01:20.144540,14.716509,-17.468591,Laboratoire Historique,fabricant,Dakar,normal
0de5fcfd25234d7b821a0c6343f02b22,MNYJTVDGVKMF,expedition,2026-09-04 09:01:30.153241,14.718333,-17.470633,Laboratoire Historique,fabricant,Dakar,normal
d2c9ec4a09b34e3f9811f8908ea75978,RUGYEN26PTHK,expedition,2026-09-04 09:01:44.966750,14.716535,-17.469164,Laboratoire Historique,fabricant,Dakar,normal
872c43c87ad64230930377f7cc2f1b0c,VN6KTD5AUDYG,expedition,2026-09-04 09:01:51.252801,14.718649,-17.471218,Laboratoire Historique,fabricant,Dakar,normal
35fd4bd2c06c4a40bf12ac6712eae57d,MPRCTK3REBXV,expedition,2026-09-04 09:02:04.736601,14.71675,-17.469881,Laboratoire Historique,fabricant,Dakar,normal
8d3c680439824cfa9b5382c9f3ebd2f9,JUBDMB6BH5SU,expedition,2026-09-04 09:02:17.150438,14.716616,-17.468592,Laboratoire Historique,fabricant,Dakar,normal
12eb36a762f34c7b8f3e1ea5f7715770,HEG5T74JZ7QW,dispensation,2026-09-04 09:06:00,13.754071,-13.67427,Officine off.tamba1,officine,Tambacounda,normal
a9dc80f1a3444eb396ea40a48a20e88e,A9SBXERD8ZRG,reception,2026-09-04 09:08:00,15.627537,-16.241523,SR Louga,SR,Louga,normal
7141c4c1ab2548138ec5a00552d4e5f4,KRMUP47FHWHY,reception,2026-09-04 09:08:08.318058,15.62727,-16.242496,SR Louga,SR,Louga,normal
3cfde6fcd6c544ce95d487ded936b7fd,3K3Q4QK8UJBW,reception,2026-09-04 09:08:20.186710,15.625894,-16.243125,SR Louga,SR,Louga,normal
3cb4351815f444e9a23e11ac258ff0c0,82XGFQD23N5Z,reception,2026-09-04 09:08:31.688107,15.626914,-16.242263,SR Louga,SR,Louga,normal
67f55173515649d5a5f89aaa5ab79b11,PT7NJCC24KKW,reception,2026-09-04 09:08:41.462674,15.627524,-16.243451,SR Louga,SR,Louga,normal
053cd05cd16749f1ae1d2fb905dab55f,G6WKPNVTA9CM,reception,2026-09-04 09:08:54.807042,15.62527,-16.2408,SR Louga,SR,Louga,normal
be18d1ac4052426d9153eb524301b0b2,YD8WHQ55ZGTF,dispensation,2026-09-04 09:09:00,16.00673,-16.515685,Officine off.saintlouis1,officine,Saint-Louis,normal
94b28747ed224156a7586401fe5cd4f5,E7RQ6G5MG6ZX,reception,2026-09-04 09:09:05.085557,15.625353,-16.243192,SR Louga,SR,Louga,normal
5ab3b41410cb467c8f59da4326bb5256,EJ95NEJZCC7K,reception,2026-09-04 09:09:17.243095,15.628086,-16.240797,SR Louga,SR,Louga,normal
0b3ffb0bbf8046aa8f14604aacc24140,CMYBQZY5STUM,reception,2026-09-04 09:09:28.486721,15.627554,-16.243444,SR Louga,SR,Louga,normal
4ea4ed49f8cb46cf9f45708c9831699d,HXTTSVQ7APYX,reception,2026-09-04 09:09:37.606803,15.625425,-16.242438,SR Louga,SR,Louga,normal
f1db5c506d474891affb149767a84de8,Q54JT5XSX2A5,reception,2026-09-04 09:09:44.247998,15.62758,-16.242088,SR Louga,SR,Louga,normal
d420ff15e54e4ea2a0c042ca307c1a9f,4DEBER35SF4D,reception,2026-09-04 09:09:52.532408,15.626642,-16.241574,SR Louga,SR,Louga,normal
953c38b4fb84448cad957c228dfc6740,2KWM6VE3GP2Y,dispensation,2026-09-04 09:18:00,14.803527,-16.925421,Officine off.thies1,officine,Thies,normal
439b854619b44462bfa149dc1af12db7,NHKCKPFRFEUF,dispensation,2026-09-04 09:26:00,14.14334,-16.065188,Officine off.kaolack1,officine,Kaolack,normal
61c1c7f81b3c4385b37334f706aacc6d,VJYHUBG2WDQS,dispensation,2026-09-04 09:26:00,14.812266,-16.925208,Officine off.thies2,officine,Thies,normal
29ca7969b05a4983ba6fd3028f06e0bf,5DMJKP6KS9UR,reception,2026-09-04 10:44:35.470467,13.759262,-13.679297,SR Tambacounda,SR,Tambacounda,normal
6e02c0426f344567b7af9f7de4cb9c72,MZ54J5X7XZCW,reception,2026-09-04 10:44:45.376052,13.75758,-13.677809,SR Tambacounda,SR,Tambacounda,normal
b2c4419497604fecb8562882471496a4,CNAWEWKJS7V3,reception,2026-09-04 10:44:54.667637,13.758591,-13.67865,SR Tambacounda,SR,Tambacounda,normal
76268a66d4a649fc830fb0f7393f2ef7,NDC9ND66SBMD,reception,2026-09-04 10:45:05.602349,13.757779,-13.679813,SR Tambacounda,SR,Tambacounda,normal
69ab7deb4dd140cf85b2d2ad973a25e6,3FY4V39XA8EE,dispensation,2026-09-04 12:22:12.313894,14.682662,-16.25651,Officine off.diourbel1,officine,Diourbel,normal
cfc535b62efa4db2b29b55f575af1f02,JFTAHANHMX2W,dispensation,2026-09-04 14:34:15.663479,14.803514,-16.923225,Officine off.thies1,officine,Thies,normal
4632f6ca91d04e9783dd18a7a7fb6ea5,CCK2TYRZN8NN,reception,2026-09-04 14:35:41.518635,14.704971,-17.446868,Grossiste Dakar,grossisteRepartiteur,Dakar,normal
ff4ab90b82ad471d8eb51688f25816db,E9X2QCJVYS6U,reception,2026-09-04 14:35:54.949843,14.703877,-17.445469,Grossiste Dakar,grossisteRepartiteur,Dakar,normal
f2b229b2479445c6ab71f479a4168ca6,AURQSXT33MZC,reception,2026-09-04 14:36:02.075609,14.704739,-17.446051,Grossiste Dakar,grossisteRepartiteur,Dakar,normal
867eb5b04a314c9d8f145d22c4ea5ad0,7DUA6KNRC3DB,reception,2026-09-04 14:36:13.402494,14.70375,-17.44529,Grossiste Dakar,grossisteRepartiteur,Dakar,normal
e9895937fb9447be92a135e9c72ba914,PQZKZCBTFQF3,reception,2026-09-04 14:36:26.039709,14.70348,-17.445391,Grossiste Dakar,grossisteRepartiteur,Dakar,normal
7faeef4120b64014ba8c7e65b739244c,Z4K5GFES57VN,reception,2026-09-04 14:36:40.160546,14.704062,-17.446333,Grossiste Dakar,grossisteRepartiteur,Dakar,normal
694a0ce73418445fa43bcd14b5bb0b3e,SDHF5ZV8U6XK,reception,2026-09-04 14:36:50.446155,14.703474,-17.446348,Grossiste Dakar,grossisteRepartiteur,Dakar,normal
e993f0356f3445a182cae7622873e49a,6WXG9Y8E7N52,reception,2026-09-04 14:37:00.530335,14.704412,-17.446572,Grossiste Dakar,grossisteRepartiteur,Dakar,normal
3af30697adcf4c8e9b119bc23ad3984f,YYAJUN9MJCSH,reception,2026-09-04 14:37:10.853531,14.705095,-17.446905,Grossiste Dakar,grossisteRepartiteur,Dakar,normal
f4d1239b57884852b03087c7bbea2965,YPUVP7BGHMR9,reception,2026-09-04 14:37:24.292998,14.705037,-17.446896,Grossiste Dakar,grossisteRepartiteur,Dakar,normal
bd17f092c47d49ebba63752c3ff02604,P4BXH3MDXN9M,reception,2026-09-04 14:37:36.392195,14.702981,-17.446002,Grossiste Dakar,grossisteRepartiteur,Dakar,normal
c17e904af5094e498fc5ed3f658ad535,R5VZQKQ9N3C6,reception,2026-09-04 14:37:43.959406,14.704694,-17.445696,Grossiste Dakar,grossisteRepartiteur,Dakar,normal
8331c647cdfc4357b2aa11da1377b120,QBWFPC6ZWB9Q,reception,2026-09-04 14:37:55.767833,14.704187,-17.447187,Grossiste Dakar,grossisteRepartiteur,Dakar,normal
10aaf50c586547fa8031e9eed2306d7e,QPXTD7HC9XFY,reception,2026-09-04 14:38:08.991066,14.70522,-17.446655,Grossiste Dakar,grossisteRepartiteur,Dakar,normal
fef8a75d2ebb4288a42408395fa3034c,J9UND3PSAN25,reception,2026-09-04 14:38:18.948462,14.703746,-17.444372,Grossiste Dakar,grossisteRepartiteur,Dakar,normal
6a1af0ce30284870a8aedddd213f9b2d,VUDRP3AWAGKV,reception,2026-09-04 14:38:27.513850,14.703748,-17.444261,Grossiste Dakar,grossisteRepartiteur,Dakar,normal
48cc36cbf5ea4db986acf2de2992a84d,MWX3EE3H9UXW,reception,2026-09-04 14:38:34.617805,14.702588,-17.445614,Grossiste Dakar,grossisteRepartiteur,Dakar,normal
d8d1880a10254f4ca21a297ff3b96519,QU2P4BJAXZGY,reception,2026-09-04 14:38:47.212780,14.702641,-17.44612,Grossiste Dakar,grossisteRepartiteur,Dakar,normal
9b83ce66d2ef4eea8118e906a86444ad,EQUJJPTW47G7,reception,2026-09-04 14:38:59.495566,14.705147,-17.445429,Grossiste Dakar,grossisteRepartiteur,Dakar,normal
84426dac6b2843029efa9e108c8e651f,ARVAUTGXB8CU,reception,2026-09-04 14:39:10.385594,14.703779,-17.446438,Grossiste Dakar,grossisteRepartiteur,Dakar,normal
be43acf320fa47a48a842a7e6ca1ea52,8EJYPZVZUM4F,reception,2026-09-04 14:39:18.014738,14.702596,-17.445592,Grossiste Dakar,grossisteRepartiteur,Dakar,normal
804db721d4964439949a6321ed1671a3,ZW9QG4H3XDJZ,reception,2026-09-04 14:39:31.544174,14.705372,-17.444325,Grossiste Dakar,grossisteRepartiteur,Dakar,normal
bf1ce2f7f7e74d7baef8edd299d91667,FRBS8V896DJP,reception,2026-09-04 14:39:40.490860,14.704202,-17.446486,Grossiste Dakar,grossisteRepartiteur,Dakar,normal
1ed3a8feeae5474aa589b291d9fc8645,QSJX9MJSTHJP,reception,2026-09-04 14:39:54.639722,14.705092,-17.44557,Grossiste Dakar,grossisteRepartiteur,Dakar,normal
04e32818cd0c41dda0b195d3724c1f12,HFUF7W2Y74R5,reception,2026-09-04 14:40:05.966865,14.704115,-17.444391,Grossiste Dakar,grossisteRepartiteur,Dakar,normal
9eb53238fa1940b38c79ee133354b616,56SRQCYRZYQF,reception,2026-09-04 14:40:18.186953,14.705083,-17.444974,Grossiste Dakar,grossisteRepartiteur,Dakar,normal
ed9a1100cb0341ed9e2a6de7d2dd196f,QSMZ9C4NU5Z7,reception,2026-09-04 14:40:28.920957,14.705176,-17.445309,Grossiste Dakar,grossisteRepartiteur,Dakar,normal
6eecc5c3463d4cdfbec4726c9fac1e21,6D62EYCJVQT5,reception,2026-09-04 14:40:39.451528,14.703874,-17.445795,Grossiste Dakar,grossisteRepartiteur,Dakar,normal
173db6449bbb411e91c9ba6742a452b7,6XKK2UP75URQ,reception,2026-09-04 14:40:48.582027,14.704256,-17.446237,Grossiste Dakar,grossisteRepartiteur,Dakar,normal
1ca498db73704ce9936a3dfcd290bf4a,VMXRHDBDN6RX,reception,2026-09-04 14:40:58.619544,14.702672,-17.446964,Grossiste Dakar,grossisteRepartiteur,Dakar,normal
84123800c0bf47719fe02fda5ffe51a0,7BN24NYMXKZ8,reception,2026-09-04 14:41:08.871026,14.705005,-17.447181,Grossiste Dakar,grossisteRepartiteur,Dakar,normal
268a38b148c24b3ca4dbad281d050487,5GHH9EMGCGY6,reception,2026-09-04 14:41:22.434435,14.704615,-17.444461,Grossiste Dakar,grossisteRepartiteur,Dakar,normal
c765af062781424aa2410ef772d1098c,6V7T8B8P284S,reception,2026-09-04 14:41:28.854294,14.704074,-17.446291,Grossiste Dakar,grossisteRepartiteur,Dakar,normal
9c20920159a14462b004760203549527,SAPZ6GRKE69F,reception,2026-09-04 14:41:36.352721,14.703366,-17.444555,Grossiste Dakar,grossisteRepartiteur,Dakar,normal
19d6255fe19848d58d987f15bb2b755c,BS2J743GDKXX,reception,2026-09-04 14:41:50.525133,14.703638,-17.446217,Grossiste Dakar,grossisteRepartiteur,Dakar,normal
85034429ff3148d1b28e3194bf551010,D3B4JRUKR9V5,reception,2026-09-04 14:42:02.694849,14.704386,-17.44574,Grossiste Dakar,grossisteRepartiteur,Dakar,normal
c13b563312ec415a9e2bfe7aafc3f78e,ABKPG2TYVKNE,reception,2026-09-04 14:42:15.448404,14.704418,-17.444536,Grossiste Dakar,grossisteRepartiteur,Dakar,normal
02886576786b49649c15ea7e632dd9a7,7U5Q8MBHG2AM,reception,2026-09-04 14:42:26.700436,14.705511,-17.446035,Grossiste Dakar,grossisteRepartiteur,Dakar,normal
ac20d50b89fe4a47a1421f984e59aeb5,7URWYMC8DKHG,reception,2026-09-04 14:42:37.941719,14.702977,-17.446782,Grossiste Dakar,grossisteRepartiteur,Dakar,normal
db44699b0c88418c9a1a7893251d7b46,UQBMMXHDBW55,reception,2026-09-04 14:42:50.826596,14.705347,-17.444511,Grossiste Dakar,grossisteRepartiteur,Dakar,normal
83691313671242658b65e168bed9bd0c,BUKR4X4W2NYD,reception,2026-09-04 14:43:03.948165,14.703908,-17.445817,Grossiste Dakar,grossisteRepartiteur,Dakar,normal
452f76f31e9a4deab15574e24304af9b,BG24PXFCUD84,reception,2026-09-04 14:43:10.522775,14.704527,-17.445401,Grossiste Dakar,grossisteRepartiteur,Dakar,normal
b6f4f00c142c483b8be3cf90aaa9233c,SRQERHQ25RWA,reception,2026-09-04 14:43:21.172284,14.704067,-17.44622,Grossiste Dakar,grossisteRepartiteur,Dakar,normal
dccec5fcc5c24c96a53333b390e21e49,FTESXZDWZYDN,reception,2026-09-04 14:43:34.457235,14.705265,-17.445748,Grossiste Dakar,grossisteRepartiteur,Dakar,normal
f43fcab6d49c4b3eb729c6c746bce536,X9K3HMVE9AM7,reception,2026-09-04 14:43:42.882513,14.70479,-17.445593,Grossiste Dakar,grossisteRepartiteur,Dakar,normal
7e39c6901eef4fbd9c86a93d9793eb61,MNYJTVDGVKMF,reception,2026-09-04 14:43:54.407061,14.703452,-17.445955,Grossiste Dakar,grossisteRepartiteur,Dakar,normal
fce93ea3edd24775a37b9ec1bcab4cfa,RUGYEN26PTHK,reception,2026-09-04 14:44:03.685587,14.703778,-17.44497,Grossiste Dakar,grossisteRepartiteur,Dakar,normal
4ece3b4a14d249d681d6fe932e3fdf74,VN6KTD5AUDYG,reception,2026-09-04 14:44:14.541886,14.705203,-17.446602,Grossiste Dakar,grossisteRepartiteur,Dakar,normal
5d80f9fc9df64c8fbd5be04e9af70b73,MPRCTK3REBXV,reception,2026-09-04 14:44:29.511109,14.70347,-17.445954,Grossiste Dakar,grossisteRepartiteur,Dakar,normal
d3710e1908314ad19a08cefe4159741a,JUBDMB6BH5SU,reception,2026-09-04 14:44:39.723525,14.703098,-17.446068,Grossiste Dakar,grossisteRepartiteur,Dakar,normal
5dee7066e41c4d10818fc64fea251a61,X4GQRCB2VM8A,reception,2026-09-04 14:46:20.643230,14.698494,-17.465211,Officine off.dakar3,officine,Dakar,normal
ddffc3194f364ece9fa7860ea79c57f3,VNVZA8DRXS3U,reception,2026-09-04 14:46:27.447510,14.697784,-17.466288,Officine off.dakar3,officine,Dakar,normal
fa22cd8df7034a5dab83d48c9df23c52,6ZUTXM39H8HQ,reception,2026-09-04 14:46:38.080688,14.698841,-17.464495,Officine off.dakar3,officine,Dakar,normal
fccc6cdbf16b491eb4304d22c5abd47d,N38CU2V7UQCD,reception,2026-09-04 14:46:48.490032,14.698875,-17.46616,Officine off.dakar3,officine,Dakar,normal
e7b7148de7bf452eb8ec19fa0f967688,NCDJSPUS6ZAV,dispensation,2026-09-04 15:04:58.397174,14.700956,-17.439528,Officine off.dakar1,officine,Dakar,normal
ca1f320cf6464e5a8386eb460e7393f9,BE4DVAFNJ82K,expedition,2026-09-04 16:37:26.687766,16.013947,-16.514156,SR Saint-Louis,SR,Saint-Louis,normal
3814c2bf5cc544c58c3b192bd1326a29,PSF4R6NRWDHB,expedition,2026-09-04 16:37:39.221375,16.013753,-16.513619,SR Saint-Louis,SR,Saint-Louis,normal
f1575ffa8ebb43b7b234e47d73a2b6fb,XT2VN469BBDK,expedition,2026-09-04 16:37:49.149388,16.012719,-16.512165,SR Saint-Louis,SR,Saint-Louis,normal
a7a7e3c5fe0e4f8b89c724d261c92e9d,XPZHEH3GWFYU,expedition,2026-09-04 16:37:57.872885,16.011945,-16.514061,SR Saint-Louis,SR,Saint-Louis,normal
9543537bef11478f89d8d077f6509d26,MJ9BQ2CC7JMY,expedition,2026-09-04 16:38:10.025214,16.012321,-16.514237,SR Saint-Louis,SR,Saint-Louis,normal
1d9c74efc5304ebeb1726ac03cb83c77,JFMVGM879WWF,expedition,2026-09-04 16:38:18.891466,16.013615,-16.513816,SR Saint-Louis,SR,Saint-Louis,normal
147e423c5241499b9d5491044375a455,MTWJUZNN8CNP,reception,2026-09-04 16:58:35.885569,14.702561,-17.415014,Officine off.dakar2,officine,Dakar,normal
a182e2e9640a43c3ae351c779c0d0209,G9DQTZAYYZJJ,dispensation,2026-09-05 08:10:00,15.610428,-16.252967,Officine off.louga1,officine,Louga,normal
d82d80223e9747dd9b1f9fb673cc5a97,KKXR72TGQBPK,dispensation,2026-09-05 08:14:00,15.608941,-16.251873,Officine off.louga1,officine,Louga,normal
dd925f28941b4325a6810f9d5d996e93,A9SBXERD8ZRG,expedition,2026-09-05 08:32:00,15.627882,-16.242325,SR Louga,SR,Louga,normal
c281e2d26920409b8827f35620da6c42,KRMUP47FHWHY,expedition,2026-09-05 08:32:12.052903,15.625817,-16.241163,SR Louga,SR,Louga,normal
7fec0d027e1e4831a3e47bee96623530,3K3Q4QK8UJBW,expedition,2026-09-05 08:32:22.373436,15.626888,-16.241568,SR Louga,SR,Louga,normal
725b39f758de45639efd48287fe25a0d,82XGFQD23N5Z,expedition,2026-09-05 08:32:33.856216,15.626581,-16.242781,SR Louga,SR,Louga,normal
1784d5c934804c5981182a4fba342552,PT7NJCC24KKW,expedition,2026-09-05 08:32:41.247481,15.627387,-16.241434,SR Louga,SR,Louga,normal
60b6437391a44b7ea79f1ddcbac9d297,G6WKPNVTA9CM,expedition,2026-09-05 08:32:49.458164,15.626097,-16.24253,SR Louga,SR,Louga,normal
fb3e2f1833af4e5b824bbb57fe424727,E7RQ6G5MG6ZX,expedition,2026-09-05 08:32:55.709286,15.627054,-16.241436,SR Louga,SR,Louga,normal
756de8d12f8a43a6b2324bcd72a0206f,EJ95NEJZCC7K,expedition,2026-09-05 08:33:07.536867,15.628072,-16.242425,SR Louga,SR,Louga,normal
f848199b0e9549e9a367119f8f3dbb17,CMYBQZY5STUM,expedition,2026-09-05 08:33:16.115481,15.625224,-16.242324,SR Louga,SR,Louga,normal
2b44666d7f374512a34540b2db196f60,HXTTSVQ7APYX,expedition,2026-09-05 08:33:31.091898,15.625563,-16.24189,SR Louga,SR,Louga,normal
15470d0c7338488abae62457a0f6f78a,Q54JT5XSX2A5,expedition,2026-09-05 08:33:41.566266,15.625798,-16.241996,SR Louga,SR,Louga,normal
57243b8bb5964444ac79b8cc5b7acba3,4DEBER35SF4D,expedition,2026-09-05 08:33:51.243662,15.626713,-16.241019,SR Louga,SR,Louga,normal
735088c7d22148e28543031c72c559cd,CCK2TYRZN8NN,expedition,2026-09-05 08:38:00,14.702806,-17.444638,Grossiste Dakar,grossisteRepartiteur,Dakar,normal
821a3505b3624427ac0a8b9d45e6a809,AURQSXT33MZC,expedition,2026-09-05 08:38:09.571842,14.70282,-17.444317,Grossiste Dakar,grossisteRepartiteur,Dakar,normal
10d23cfebca84adb8b3509a8705d23b5,QSJX9MJSTHJP,expedition,2026-09-05 08:38:17.097593,14.704909,-17.446462,Grossiste Dakar,grossisteRepartiteur,Dakar,normal
79498333f31145ff9ecf155a21a9fc7d,UQBMMXHDBW55,expedition,2026-09-05 08:38:30.907590,14.705,-17.444641,Grossiste Dakar,grossisteRepartiteur,Dakar,normal
f3718a5233bc41cfbc394eb5deb69644,VN6KTD5AUDYG,expedition,2026-09-05 08:38:41.135324,14.702886,-17.446738,Grossiste Dakar,grossisteRepartiteur,Dakar,normal
98f15197c50345108e55b21da335b071,YYAJUN9MJCSH,expedition,2026-09-05 08:38:49.698657,14.704302,-17.44459,Grossiste Dakar,grossisteRepartiteur,Dakar,normal
262cbf80a51c40cdaf1a428a9a799e0f,QU2P4BJAXZGY,expedition,2026-09-05 08:39:01.928036,14.705492,-17.44464,Grossiste Dakar,grossisteRepartiteur,Dakar,normal
107daad528b749d3a8824cde00baaad6,ARVAUTGXB8CU,expedition,2026-09-05 08:39:09.455565,14.70377,-17.446356,Grossiste Dakar,grossisteRepartiteur,Dakar,normal
868e6b14a5844bc7b1dd2534799392c3,5EKC4YQGWSSJ,dispensation,2026-09-05 08:40:32.699201,13.753506,-13.673966,Officine off.tamba1,officine,Tambacounda,normal
fa09d1bda4434b7e87535d9c0b5a6ad1,RNRWWADWYQCE,dispensation,2026-09-05 08:44:00,16.006156,-16.515793,Officine off.saintlouis1,officine,Saint-Louis,normal
b6d7bfccedfc44df872b232fc3f9657a,G2VXEEB7AQPJ,reception,2026-09-05 08:48:00,12.588435,-16.26476,Officine off.ziguinchor1,officine,Ziguinchor,reutilisationIdentifiant
fff0e78851374fb1839b9575dcd5e074,AG69SDRNF95V,dispensation,2026-09-05 08:49:00,14.162381,-16.060943,Officine off.kaolack2,officine,Kaolack,normal
bda00347f2ef48ac853ead5ef45c4bd8,YPUVP7BGHMR9,expedition,2026-09-05 08:54:00,14.705113,-17.445354,Grossiste Dakar,grossisteRepartiteur,Dakar,normal
0cf1fee4b6ef4b8d9158fad198f2da9c,P4BXH3MDXN9M,expedition,2026-09-05 08:54:14.472321,14.704821,-17.445505,Grossiste Dakar,grossisteRepartiteur,Dakar,normal
53f79fca51414667853153e8ed651293,ZW9QG4H3XDJZ,expedition,2026-09-05 08:54:27.406725,14.704919,-17.446277,Grossiste Dakar,grossisteRepartiteur,Dakar,normal
5c0a6bc5438143f0b582a66fbc5ac3e6,7BN24NYMXKZ8,expedition,2026-09-05 08:54:41.223801,14.704938,-17.445177,Grossiste Dakar,grossisteRepartiteur,Dakar,normal
61da2971b00b4702a78b32d27cd9f74b,3MCG8V5EPFK9,reception,2026-09-05 08:54:45.867841,14.80282,-16.924671,Officine off.thies1,officine,Thies,reutilisationIdentifiant
5b8527b9be784ae78c957955ec7fcc2b,SAPZ6GRKE69F,expedition,2026-09-05 08:54:52.201834,14.703785,-17.445577,Grossiste Dakar,grossisteRepartiteur,Dakar,normal
bdc9595fa5c4423f9c9d28c94a51cd44,JUBDMB6BH5SU,expedition,2026-09-05 08:55:01.553508,14.705498,-17.444916,Grossiste Dakar,grossisteRepartiteur,Dakar,normal
2b653bfb234f4af7a14e07a2b1020862,CN8K38SAT3ZA,dispensation,2026-09-05 09:05:00,14.702908,-17.412977,Officine off.dakar2,officine,Dakar,normal
841e05723b7f493ebfcc69a00d4c4803,BEF9DA6EFQTE,reception,2026-09-05 09:12:00,14.763145,-16.915561,SR Thies,SR,Thies,normal
8e3c6b0310e14edeb712d634dbf5bbf8,8DNZEEMSKR5T,reception,2026-09-05 09:12:07.762969,14.760966,-16.916244,SR Thies,SR,Thies,normal
5f0a68a8164f46478f5bc92edfdb74b8,M9CZCM8T4EE4,expedition,2026-09-05 09:17:00,14.151822,-16.044824,SR Kaolack,SR,Kaolack,normal
b4eb7b6a94ea4be7be2a9ce94bbb8cc5,PTF5GYHWVR8R,expedition,2026-09-05 09:17:07.289595,14.152087,-16.044026,SR Kaolack,SR,Kaolack,normal
e839d29a2326418ca75669f68b71dbae,F5F522U7MWRQ,expedition,2026-09-05 09:17:14.815027,14.152753,-16.044489,SR Kaolack,SR,Kaolack,normal
f6632bdf6aa44783a1b623815f0ea20e,63BHZ49V2G2A,expedition,2026-09-05 09:17:27.901244,14.152525,-16.043873,SR Kaolack,SR,Kaolack,normal
49c310d3b8a04f08b067432f73417c60,T3M5ZT25MHT9,expedition,2026-09-05 09:17:40.127570,14.151318,-16.045058,SR Kaolack,SR,Kaolack,normal
f4cc1adb31e44b8cb07986574c4ea597,AF2U5WGZFW9Y,expedition,2026-09-05 09:20:00,14.152883,-16.044861,SR Kaolack,SR,Kaolack,normal
9175610df69c403998d3135a4aa83415,9PBJE2CV8SAN,expedition,2026-09-05 09:20:09.115606,14.152583,-16.04269,SR Kaolack,SR,Kaolack,normal
b0fb414d5aa544018b17b68606489e78,7JKUHS2TZ57Z,expedition,2026-09-05 09:20:17.962535,14.153795,-16.042073,SR Kaolack,SR,Kaolack,normal
aaf46270c29a4b4bbe252b7efcf58045,3VKTZFRNT7A6,expedition,2026-09-05 09:20:30.890983,14.153591,-16.044135,SR Kaolack,SR,Kaolack,normal
3bbff582ceef4c0984e65be0edef02f3,HZEJ9UYFCSAY,dispensation,2026-09-05 09:21:00,12.58882,-16.264727,Officine off.ziguinchor1,officine,Ziguinchor,normal
7a16ba8372a04c51bd7215d08c0a58a0,Z4K5GFES57VN,expedition,2026-09-05 09:54:58.948942,14.704309,-17.444532,Grossiste Dakar,grossisteRepartiteur,Dakar,normal
85da98aec46f454e933b486a50dbd723,QPXTD7HC9XFY,expedition,2026-09-05 09:55:07.698156,14.70334,-17.444571,Grossiste Dakar,grossisteRepartiteur,Dakar,normal
3a345255a0fa4879991ad387c05213f9,HFUF7W2Y74R5,expedition,2026-09-05 09:55:20.218726,14.705352,-17.445455,Grossiste Dakar,grossisteRepartiteur,Dakar,normal
a21b562ee109435c9d5f21f9bf6e2470,6V7T8B8P284S,expedition,2026-09-05 09:55:33.290100,14.704891,-17.447079,Grossiste Dakar,grossisteRepartiteur,Dakar,normal
d6d156369993453bb0ccd14e936e9e39,VMXRHDBDN6RX,expedition,2026-09-05 09:55:43.866673,14.702839,-17.445747,Grossiste Dakar,grossisteRepartiteur,Dakar,normal
861f178012fb4c7390b8a3225af5c6f7,BG24PXFCUD84,expedition,2026-09-05 09:55:50.504701,14.704753,-17.446036,Grossiste Dakar,grossisteRepartiteur,Dakar,normal
eb1cf6f77b644c149151cd1c39f78b0f,X99Q39HR5CSN,dispensation,2026-09-05 10:46:59.820916,12.588592,-16.266777,Officine off.ziguinchor1,officine,Ziguinchor,normal
ce54c5030b3f4fed97862410f2cc936d,E9X2QCJVYS6U,expedition,2026-09-05 11:00:25.678863,14.705405,-17.446911,Grossiste Dakar,grossisteRepartiteur,Dakar,normal
3795bb0c59e548008b1167e0f6d6a1f5,FRBS8V896DJP,expedition,2026-09-05 11:00:33.388919,14.703739,-17.44663,Grossiste Dakar,grossisteRepartiteur,Dakar,normal
6989e464e49c431f8da0b5c2a9d18846,56SRQCYRZYQF,expedition,2026-09-05 11:00:39.814716,14.70526,-17.446996,Grossiste Dakar,grossisteRepartiteur,Dakar,normal
c95a1f83cf2048cc94d5327abcd4da23,7U5Q8MBHG2AM,expedition,2026-09-05 11:00:46.669479,14.70485,-17.44529,Grossiste Dakar,grossisteRepartiteur,Dakar,normal
7d44b4120c374c12b96983f951febd25,D6PNBMY9VVQU,dispensation,2026-09-05 11:56:33.662293,16.008294,-16.51837,Officine off.saintlouis1,officine,Saint-Louis,normal
1c5ba82ac0c249aab966b5c7f28a41a4,YRR75A77J243,dispensation,2026-09-05 13:00:09.751359,14.803817,-16.925515,Officine off.thies1,officine,Thies,normal
cd41f88a32e645d7a154309edc27ba42,7DUA6KNRC3DB,expedition,2026-09-05 13:24:01.919767,14.703241,-17.444771,Grossiste Dakar,grossisteRepartiteur,Dakar,normal
b74d475eac834c7caff5af3e1347283f,R5VZQKQ9N3C6,expedition,2026-09-05 13:24:13.641564,14.703152,-17.444663,Grossiste Dakar,grossisteRepartiteur,Dakar,normal
f6164ab8304845e48ffaa926c4be5e8e,QBWFPC6ZWB9Q,expedition,2026-09-05 13:24:26.449491,14.704994,-17.444252,Grossiste Dakar,grossisteRepartiteur,Dakar,normal
1d3698e75ed340c8bfbdca7c982862e4,6XKK2UP75URQ,expedition,2026-09-05 13:24:37.240500,14.704286,-17.444278,Grossiste Dakar,grossisteRepartiteur,Dakar,normal
13d24805786945c59c2bf0004300d6f3,RUGYEN26PTHK,expedition,2026-09-05 13:24:46.498944,14.705225,-17.445877,Grossiste Dakar,grossisteRepartiteur,Dakar,normal
311d9a45559b4b22955c226f13c29787,BE4DVAFNJ82K,reception,2026-09-05 14:25:11.923798,16.008065,-16.51827,Officine off.saintlouis1,officine,Saint-Louis,normal
69f3a440937948df95fb329a9458abe8,PSF4R6NRWDHB,reception,2026-09-05 14:25:19.606440,16.006823,-16.516296,Officine off.saintlouis1,officine,Saint-Louis,normal
8305c9124d6d4b3f8eb080f7c7d967d5,XT2VN469BBDK,reception,2026-09-05 14:25:29.079364,16.008156,-16.518641,Officine off.saintlouis1,officine,Saint-Louis,normal
97241335ea4c4205a14207f9699b7f6b,XPZHEH3GWFYU,reception,2026-09-05 14:25:37.345223,16.008044,-16.515821,Officine off.saintlouis1,officine,Saint-Louis,normal
7aa7b6f9dda84947b3270e9806b0338d,MJ9BQ2CC7JMY,reception,2026-09-05 14:25:48.588380,16.008263,-16.518491,Officine off.saintlouis1,officine,Saint-Louis,normal
a0b845bd8b5644f49b4bcba67aac7605,JFMVGM879WWF,reception,2026-09-05 14:25:58.459141,16.008724,-16.517679,Officine off.saintlouis1,officine,Saint-Louis,normal
256a3b8fc662406bb5480069f78cfb79,KPSGUETH2MTS,reception,2026-09-05 14:32:38.449862,14.683241,-16.256468,Officine off.diourbel1,officine,Diourbel,normal
2877278a0bfc416f95f51c241fc5d56a,YK8Y6C8F37PK,reception,2026-09-05 14:32:53.277650,14.681117,-16.255668,Officine off.diourbel1,officine,Diourbel,normal
f722a67445314745b9f6f90e8d8af8f7,4RXGECUVCTA8,reception,2026-09-05 14:33:07.861566,14.682695,-16.257817,Officine off.diourbel1,officine,Diourbel,normal
26254749f11b412b8d9b09b6190e5b82,9E8ATHU7RAPM,dispensation,2026-09-05 14:48:50.407103,14.683489,-16.256774,Officine off.diourbel1,officine,Diourbel,normal
61d23e2895aa43a099c9459aafaf2a2e,4FUCDMYQWTV4,dispensation,2026-09-05 15:35:00.327172,14.162069,-16.063806,Officine off.kaolack2,officine,Kaolack,normal
a15f46a9174f430e95cb61cdba4c96fe,5DMJKP6KS9UR,expedition,2026-09-05 17:09:37.298259,13.75668,-13.67983,SR Tambacounda,SR,Tambacounda,normal
40beab5a39ba44ae8522e8c7e97d1365,MZ54J5X7XZCW,expedition,2026-09-05 17:09:48.714106,13.756678,-13.679142,SR Tambacounda,SR,Tambacounda,normal
50a1aba022854efcb2e039b37fb4a982,CNAWEWKJS7V3,expedition,2026-09-05 17:10:01.027870,13.756903,-13.6794,SR Tambacounda,SR,Tambacounda,normal
1fe753c9629f423d9d7bc9b8e62dfd15,NDC9ND66SBMD,expedition,2026-09-05 17:10:12.420290,13.758164,-13.678684,SR Tambacounda,SR,Tambacounda,normal
33a3729f3e864e3fb4c430303d1721e7,CSG3DCMKFWRH,dispensation,2026-09-06 08:33:00,14.812473,-16.925954,Officine off.thies2,officine,Thies,normal
c34238114d674ff2836b7c2ef1390893,QZPFQT5QDYFT,dispensation,2026-09-06 08:38:00,14.683541,-16.256658,Officine off.diourbel1,officine,Diourbel,normal
6e0ccf8b8cc9433193d41bd04420c919,MWX3EE3H9UXW,expedition,2026-09-06 08:39:00,14.70381,-17.445729,Grossiste Dakar,grossisteRepartiteur,Dakar,normal
ff862a18f0de405cb488063dc4979f89,5GHH9EMGCGY6,expedition,2026-09-06 08:39:14.170025,14.70468,-17.444265,Grossiste Dakar,grossisteRepartiteur,Dakar,normal
957bc7330f824910b0bc69174909b5fa,BS2J743GDKXX,expedition,2026-09-06 08:39:27.874828,14.704956,-17.446023,Grossiste Dakar,grossisteRepartiteur,Dakar,normal
36ce0093d798489aa559ae295c8f7ab3,D3B4JRUKR9V5,expedition,2026-09-06 08:39:38.094130,14.704649,-17.44561,Grossiste Dakar,grossisteRepartiteur,Dakar,normal
71db01d8977f43bc992b0814cd1e408d,7URWYMC8DKHG,expedition,2026-09-06 08:39:48.909853,14.703676,-17.446315,Grossiste Dakar,grossisteRepartiteur,Dakar,normal
2d608938350b4fa1b4e0338fa9244b5a,BUKR4X4W2NYD,expedition,2026-09-06 08:39:55.239915,14.703992,-17.446631,Grossiste Dakar,grossisteRepartiteur,Dakar,normal
60f1119c90704dc892dcef58f2ae5e82,FTESXZDWZYDN,expedition,2026-09-06 08:40:04.789733,14.702857,-17.446066,Grossiste Dakar,grossisteRepartiteur,Dakar,normal
e8d62fd5e3e745f4a032ff28facdae71,MNYJTVDGVKMF,expedition,2026-09-06 08:40:17.350310,14.704014,-17.445979,Grossiste Dakar,grossisteRepartiteur,Dakar,normal
252bd025d279478c803a0dee4cb8291e,P9A6TCYYXBZ6,dispensation,2026-09-06 08:41:00,15.608602,-16.25244,Officine off.louga1,officine,Louga,normal
3be34d40e45e461bbeb06155058e09e6,6WXG9Y8E7N52,expedition,2026-09-06 08:43:00,14.703247,-17.445792,Grossiste Dakar,grossisteRepartiteur,Dakar,normal
4ca04c35c04945608fd18c8c6c8d78ce,VUDRP3AWAGKV,expedition,2026-09-06 08:43:11.987419,14.704015,-17.444845,Grossiste Dakar,grossisteRepartiteur,Dakar,normal
f96f69e9ccef448299442b7835302e5c,EQUJJPTW47G7,expedition,2026-09-06 08:43:25.466892,14.705056,-17.444276,Grossiste Dakar,grossisteRepartiteur,Dakar,normal
12544870a1b64e88a037c948664200bb,SRQERHQ25RWA,expedition,2026-09-06 08:43:32.374001,14.705146,-17.446426,Grossiste Dakar,grossisteRepartiteur,Dakar,normal
cccdd9b9028a4e8985f194bed6ec3ed7,MPHA53ZZYVCD,dispensation,2026-09-06 08:48:00,14.681546,-16.255564,Officine off.diourbel1,officine,Diourbel,normal
2bfacd7df2c04c45a28c13ed0b66fb64,PQZKZCBTFQF3,expedition,2026-09-06 08:48:00,14.704326,-17.446,Grossiste Dakar,grossisteRepartiteur,Dakar,normal
370fda0362fb49529af5f6bc64d95df0,SDHF5ZV8U6XK,expedition,2026-09-06 08:48:14.281206,14.705021,-17.445275,Grossiste Dakar,grossisteRepartiteur,Dakar,normal
750ad5ab7cfd41b187e2472998ed4326,J9UND3PSAN25,expedition,2026-09-06 08:48:21.186492,14.704415,-17.445286,Grossiste Dakar,grossisteRepartiteur,Dakar,normal
861e2818ea2643d69df8e22c58002f58,QSMZ9C4NU5Z7,expedition,2026-09-06 08:48:31.174045,14.704327,-17.44697,Grossiste Dakar,grossisteRepartiteur,Dakar,normal
4fbb1cb666644adfbd968409db5ec4f0,ABKPG2TYVKNE,expedition,2026-09-06 08:48:42.014401,14.704683,-17.44637,Grossiste Dakar,grossisteRepartiteur,Dakar,normal
6da76c13b4b0489396c7f5414d279580,X9K3HMVE9AM7,expedition,2026-09-06 08:48:48.221486,14.704961,-17.447229,Grossiste Dakar,grossisteRepartiteur,Dakar,normal
5500bd7c41fe495d8dddc37bfbe3d1bb,8EJYPZVZUM4F,expedition,2026-09-06 08:48:57.144649,14.705537,-17.444534,Grossiste Dakar,grossisteRepartiteur,Dakar,normal
bab65ab45df74d69b0a6443a982671f9,6D62EYCJVQT5,expedition,2026-09-06 08:49:07.298435,14.704138,-17.444347,Grossiste Dakar,grossisteRepartiteur,Dakar,normal
25fdf42a2d2b4f14a3d15d8af253c838,MPRCTK3REBXV,expedition,2026-09-06 08:49:15.225111,14.704232,-17.446127,Grossiste Dakar,grossisteRepartiteur,Dakar,normal
80a78777de7d46caaee35b367482f5de,4RW97FMKCSGD,dispensation,2026-09-06 08:54:00,14.812113,-16.926511,Officine off.thies2,officine,Thies,normal
8c840b5dac2846c18768292792dabe1e,8DNZEEMSKR5T,expedition,2026-09-06 08:54:00,14.760965,-16.915524,SR Thies,SR,Thies,normal
6ee35aba87ba42c3964b062f89cc4cda,YPUVP7BGHMR9,reception,2026-09-06 08:55:00,16.014621,-16.512051,SR Saint-Louis,SR,Saint-Louis,normal
b2c546e365ec4212acd5acaa32ce4744,P4BXH3MDXN9M,reception,2026-09-06 08:55:08.624943,16.012152,-16.514239,SR Saint-Louis,SR,Saint-Louis,normal
99eebb558426493891843939e53fda3e,ZW9QG4H3XDJZ,reception,2026-09-06 08:55:15.995834,16.012169,-16.514629,SR Saint-Louis,SR,Saint-Louis,normal
5341e0d88e1e40e09403a288afc29eb0,7BN24NYMXKZ8,reception,2026-09-06 08:55:25.789231,16.01324,-16.514201,SR Saint-Louis,SR,Saint-Louis,normal
38f11c84d3404919bc9075f549818540,SAPZ6GRKE69F,reception,2026-09-06 08:55:38.157345,16.012853,-16.5138,SR Saint-Louis,SR,Saint-Louis,normal
6da4b3aa873c4dbdab0b6fc846cc0dd1,JUBDMB6BH5SU,reception,2026-09-06 08:55:46.700868,16.01362,-16.513375,SR Saint-Louis,SR,Saint-Louis,normal
0517212884034d83aac7b046c634e2ca,5DMJKP6KS9UR,reception,2026-09-06 09:03:00,13.75602,-13.674983,Officine off.tamba1,officine,Tambacounda,normal
c611933265204c26807ec53bf70c5120,MZ54J5X7XZCW,reception,2026-09-06 09:03:10.090866,13.755582,-13.67457,Officine off.tamba1,officine,Tambacounda,normal
b39b1888d6cc4923920f2886455e8e11,CNAWEWKJS7V3,reception,2026-09-06 09:03:18.953627,13.753438,-13.674067,Officine off.tamba1,officine,Tambacounda,normal
b3eabbe13ed6468aac535a9e3c8fe16e,NDC9ND66SBMD,reception,2026-09-06 09:03:29.589547,13.755518,-13.672383,Officine off.tamba1,officine,Tambacounda,normal
384f67a6c79141f9b8a60f7c1cc14dbe,92C5B72MSP8Y,expedition,2026-09-06 09:12:00,12.608153,-16.27234,SR Ziguinchor,SR,Ziguinchor,normal
bec5eb0f2b484cf59d6248ac2a86614f,78CH5GHDD4DG,expedition,2026-09-06 09:12:09.743005,12.606741,-16.271436,SR Ziguinchor,SR,Ziguinchor,normal
d59af1ac038a4b9c834605dd92149179,9VU9Y2D2VTPS,expedition,2026-09-06 09:12:20.312590,12.608181,-16.27207,SR Ziguinchor,SR,Ziguinchor,normal
dcfecde18e944ee0b188af6b56c83425,CFTK8JAT2GD3,expedition,2026-09-06 09:12:31.711357,12.607635,-16.271516,SR Ziguinchor,SR,Ziguinchor,normal
a1e9ffe61fc74e72acf4278873c17b4b,3332PXN649FF,expedition,2026-09-06 09:12:39.084206,12.606576,-16.271047,SR Ziguinchor,SR,Ziguinchor,normal
3408e36eeb684e57bc44a6e693558b02,Z62ECD8WC92U,expedition,2026-09-06 09:12:46.375571,12.607444,-16.271691,SR Ziguinchor,SR,Ziguinchor,normal
89e6a4dba856405aa44d273d936007f3,4HZ32F39Z5KX,expedition,2026-09-06 09:12:53.169413,12.605957,-16.271618,SR Ziguinchor,SR,Ziguinchor,normal
71a63913a73d44d386ef35af518ce79f,SXZ6VNJ2HGTZ,dispensation,2026-09-06 09:13:00,12.590318,-16.265919,Officine off.ziguinchor1,officine,Ziguinchor,normal
770e350dc6dc496e91c2da264f7f82fe,UN4EJSRS7S79,expedition,2026-09-06 09:13:01.554583,12.605877,-16.27185,SR Ziguinchor,SR,Ziguinchor,normal
a83a7729fc4c4752bd5c16e78aba0804,DS9VPAUGXPJB,expedition,2026-09-06 09:13:07.691936,12.608503,-16.270114,SR Ziguinchor,SR,Ziguinchor,normal
a1bb132c5cd449c9963902fd5016868a,BEF9DA6EFQTE,expedition,2026-09-06 09:14:00,14.763151,-16.914607,SR Thies,SR,Thies,normal
757b86f6a2d74c52a9f0288b966ef540,E9X2QCJVYS6U,reception,2026-09-06 09:23:00,15.626838,-16.241521,SR Louga,SR,Louga,normal
25a1933780c34fcfac43309f9a224087,FRBS8V896DJP,reception,2026-09-06 09:23:13.454901,15.62636,-16.242549,SR Louga,SR,Louga,normal
6a68a2f094a64f2db5aa4fc674342166,56SRQCYRZYQF,reception,2026-09-06 09:23:21.866197,15.627257,-16.242903,SR Louga,SR,Louga,normal
67c46c9205a6481b90b1e2dfbd3c7ee4,7U5Q8MBHG2AM,reception,2026-09-06 09:23:35.360315,15.626892,-16.240707,SR Louga,SR,Louga,normal
ea8fcff8b0554739baea81912dafe5cf,KH3Z8JMT44Q4,dispensation,2026-09-06 09:27:00,16.008785,-16.516774,Officine off.saintlouis1,officine,Saint-Louis,normal
0051ee3ea3874394bc434166a2e5e998,RUM9FTCQ579T,dispensation,2026-09-06 09:28:00,14.703051,-17.415053,Officine off.dakar2,officine,Dakar,normal
c027a88ac6fb4d5390de87ed2b97bd91,CCK2TYRZN8NN,reception,2026-09-06 09:29:00,14.666597,-17.463567,SR Dakar,SR,Dakar,normal
a0e964d18fe74cf4ae2d4ec880cd5170,AURQSXT33MZC,reception,2026-09-06 09:29:06.203406,14.665886,-17.462606,SR Dakar,SR,Dakar,normal
11b0a90b70d34f67bbb5448387991695,QSJX9MJSTHJP,reception,2026-09-06 09:29:16.744598,14.667376,-17.464075,SR Dakar,SR,Dakar,normal
333e3abe8eae4281aae981962059cc07,UQBMMXHDBW55,reception,2026-09-06 09:29:30.758277,14.666737,-17.462252,SR Dakar,SR,Dakar,normal
817d38f1fafd438aa356b677ebb6b8b4,VN6KTD5AUDYG,reception,2026-09-06 09:29:39.252063,14.667301,-17.462471,SR Dakar,SR,Dakar,normal
1be366977c2c4d128e58439b4b36c6b2,YYAJUN9MJCSH,reception,2026-09-06 09:29:48.403971,14.666725,-17.46334,SR Dakar,SR,Dakar,normal
14907539e5964ce3b2374d58143fca71,QU2P4BJAXZGY,reception,2026-09-06 09:29:56.819686,14.665335,-17.463847,SR Dakar,SR,Dakar,normal
1f3d6297ba914ea387c4fda6fab764b7,ARVAUTGXB8CU,reception,2026-09-06 09:30:05.592041,14.665589,-17.46439,SR Dakar,SR,Dakar,normal
76cc78594a7d45a299b618e5f98db421,G4S3GDXVYH6W,dispensation,2026-09-06 10:21:26.467881,15.609337,-16.251338,Officine off.louga1,officine,Louga,normal
f85a834f315d45dbb418a353dc51e2a1,Z4K5GFES57VN,reception,2026-09-06 10:28:20.665445,14.761102,-16.914293,SR Thies,SR,Thies,normal
e523c1ac0c7745f99c80ff74bd4cdc6d,QPXTD7HC9XFY,reception,2026-09-06 10:28:32.527931,14.763074,-16.916514,SR Thies,SR,Thies,normal
ca8d9d26390049529d9a57ef5a63cd7d,HFUF7W2Y74R5,reception,2026-09-06 10:28:40.176151,14.763006,-16.915468,SR Thies,SR,Thies,normal
3815bf23ea174e45945acb2efa0c77b6,6V7T8B8P284S,reception,2026-09-06 10:28:50.352482,14.762606,-16.915827,SR Thies,SR,Thies,normal
421e7c33f9634e548cb511872165f463,VMXRHDBDN6RX,reception,2026-09-06 10:29:03.291760,14.760698,-16.916022,SR Thies,SR,Thies,normal
b22eba493d20461795c31f4090f4630e,BG24PXFCUD84,reception,2026-09-06 10:29:13.316827,14.761759,-16.915318,SR Thies,SR,Thies,normal
3f99e0f03e0243be85e8cfe4d42b2502,6C4AD8X4FC95,dispensation,2026-09-06 11:38:33.769582,14.68097,-16.255558,Officine off.diourbel1,officine,Diourbel,normal
dac36c4a5de24415be4016dac29e6923,M9CZCM8T4EE4,reception,2026-09-06 11:53:11.426009,14.142515,-16.063947,Officine off.kaolack1,officine,Kaolack,normal
018fd3375be248c29cf4dbef4a4a69c9,PTF5GYHWVR8R,reception,2026-09-06 11:53:24.170851,14.142748,-16.065233,Officine off.kaolack1,officine,Kaolack,normal
ad8435bfe5e341c6b79714809b6b2d52,F5F522U7MWRQ,reception,2026-09-06 11:53:38.564748,14.144129,-16.065435,Officine off.kaolack1,officine,Kaolack,normal
78b044a0d832476f82579fd334c4d210,63BHZ49V2G2A,reception,2026-09-06 11:53:52.981070,14.145098,-16.065128,Officine off.kaolack1,officine,Kaolack,normal
54a076e49cc346bcbe0dbe363db4cc8c,T3M5ZT25MHT9,reception,2026-09-06 11:54:07.214576,14.142616,-16.06427,Officine off.kaolack1,officine,Kaolack,normal
6f8fbc3b3b3543aca4836f07eb1239d8,QU2P4BJAXZGY,expedition,2026-09-06 12:30:46.611599,14.665295,-17.46408,SR Dakar,SR,Dakar,normal
0b60ede14b994557af2aad4fe7303a5e,ARVAUTGXB8CU,expedition,2026-09-06 12:30:53.838104,14.666657,-17.463648,SR Dakar,SR,Dakar,normal
057b51aba5d64f0db9d1acfe34daf874,AF2U5WGZFW9Y,reception,2026-09-06 12:51:52.111526,14.160539,-16.061721,Officine off.kaolack2,officine,Kaolack,normal
14a3697791134a83970f9bfc64235bc5,9PBJE2CV8SAN,reception,2026-09-06 12:52:00.371676,14.16161,-16.062856,Officine off.kaolack2,officine,Kaolack,normal
01da24c371d84e00a002fd93401cfda1,7JKUHS2TZ57Z,reception,2026-09-06 12:52:10.745076,14.160226,-16.062273,Officine off.kaolack2,officine,Kaolack,normal
ba2822908dca4e04b3cc59fdcc49ce12,3VKTZFRNT7A6,reception,2026-09-06 12:52:23.344849,14.159705,-16.063381,Officine off.kaolack2,officine,Kaolack,normal
59c0c21e44e342859808c0fd414166e2,A9SBXERD8ZRG,reception,2026-09-06 13:11:51.364506,15.60997,-16.253036,Officine off.louga1,officine,Louga,normal
cee67878a12f4a419b685704a9cc7e26,KRMUP47FHWHY,reception,2026-09-06 13:12:03.239382,15.608381,-16.251848,Officine off.louga1,officine,Louga,normal
c6692bed9a4543268efe769580386cc9,3K3Q4QK8UJBW,reception,2026-09-06 13:12:09.941795,15.610204,-16.250878,Officine off.louga1,officine,Louga,normal
06305df4a64d45c98511f132842af21b,82XGFQD23N5Z,reception,2026-09-06 13:12:17.720013,15.60879,-16.253398,Officine off.louga1,officine,Louga,normal
25731ed97af5452b9d3c07a38c913c11,PT7NJCC24KKW,reception,2026-09-06 13:12:30.053805,15.61095,-16.252725,Officine off.louga1,officine,Louga,normal
80574c9e622f4bff9b802c41921fbbd3,G6WKPNVTA9CM,reception,2026-09-06 13:12:42.237951,15.608244,-16.25085,Officine off.louga1,officine,Louga,normal
aae21f2401cc41669ad75e79f4f614a1,E7RQ6G5MG6ZX,reception,2026-09-06 13:12:55.088670,15.609428,-16.252759,Officine off.louga1,officine,Louga,normal
b8366be7e5e548639e8befd81a85841a,EJ95NEJZCC7K,reception,2026-09-06 13:13:05.022658,15.608628,-16.252503,Officine off.louga1,officine,Louga,normal
dadc0766c85c4fdfbbd9c9d4c3d1bdb4,CMYBQZY5STUM,reception,2026-09-06 13:13:15.137653,15.610718,-16.25137,Officine off.louga1,officine,Louga,normal
91ae312b90af4870a83613ae535b56f3,HXTTSVQ7APYX,reception,2026-09-06 13:13:28.589645,15.609331,-16.253201,Officine off.louga1,officine,Louga,normal
bb1964fe2bb04e9cbf5907e3daa44c85,Q54JT5XSX2A5,reception,2026-09-06 13:13:39.840503,15.608898,-16.251316,Officine off.louga1,officine,Louga,normal
6aa95148012f4e9e9343665b5e78e6a4,4DEBER35SF4D,reception,2026-09-06 13:13:51.317817,15.60927,-16.251946,Officine off.louga1,officine,Louga,normal
c4e028170387491db31c9e57506a3d41,A75HH38RXSBB,dispensation,2026-09-06 14:28:48.157878,14.6974,-17.466315,Officine off.dakar3,officine,Dakar,normal
49edd409db80496cb1b4428f9ad72997,9XVPR59NEE2Q,dispensation,2026-09-06 15:39:15.497775,15.610647,-16.251563,Officine off.louga1,officine,Louga,normal
47f37286d30148b4879902f347d599b8,7DUA6KNRC3DB,reception,2026-09-06 16:24:38.560709,12.606487,-16.270147,SR Ziguinchor,SR,Ziguinchor,normal
3a3a685e8d74470b8de9c96a81478d83,R5VZQKQ9N3C6,reception,2026-09-06 16:24:47.995583,12.607324,-16.27121,SR Ziguinchor,SR,Ziguinchor,normal
25cbe03e20db4e74bfc4a5beeb448423,QBWFPC6ZWB9Q,reception,2026-09-06 16:25:02.196919,12.607937,-16.270645,SR Ziguinchor,SR,Ziguinchor,normal
c14b416c300c4c2cb98e91bd8acae121,6XKK2UP75URQ,reception,2026-09-06 16:25:09.258042,12.606416,-16.270101,SR Ziguinchor,SR,Ziguinchor,normal
237881eb9c8949938dd8c2b8fc0dd029,RUGYEN26PTHK,reception,2026-09-06 16:25:21.193584,12.607154,-16.270395,SR Ziguinchor,SR,Ziguinchor,normal
73e199fa457c4bea94a7720f1de87606,PQZKZCBTFQF3,reception,2026-09-06 16:49:59.228246,14.153071,-16.043679,SR Kaolack,SR,Kaolack,normal
ab31fe31d9614d7b8adeeccd9aef83a3,SDHF5ZV8U6XK,reception,2026-09-06 16:50:09.961574,14.152495,-16.043396,SR Kaolack,SR,Kaolack,normal
f9dc3f5047ce45de80474707d1aa66b3,J9UND3PSAN25,reception,2026-09-06 16:50:22.562866,14.151159,-16.043525,SR Kaolack,SR,Kaolack,normal
9d9d125a87234ca9bc0968ad64c98fc4,QSMZ9C4NU5Z7,reception,2026-09-06 16:50:31.387114,14.15319,-16.042998,SR Kaolack,SR,Kaolack,normal
6530ceed484847fe95d224d6094fff4a,ABKPG2TYVKNE,reception,2026-09-06 16:50:39.315064,14.153141,-16.04307,SR Kaolack,SR,Kaolack,normal
8e81c3e7006a45dea39d433beab779c6,X9K3HMVE9AM7,reception,2026-09-06 16:50:53.055197,14.152013,-16.043607,SR Kaolack,SR,Kaolack,normal
068dea4aff8c477bbb566289b9a3bdf3,8EJYPZVZUM4F,reception,2026-09-06 16:51:04.974557,14.152232,-16.042094,SR Kaolack,SR,Kaolack,normal
9afdc40c11c043a99b2f40f094e58526,6D62EYCJVQT5,reception,2026-09-06 16:51:17.445028,14.151422,-16.043194,SR Kaolack,SR,Kaolack,normal
36aeb12c20ab4b11862d1dd9a0b84a6f,MPRCTK3REBXV,reception,2026-09-06 16:51:28.098316,14.151158,-16.04384,SR Kaolack,SR,Kaolack,normal
c5d8a441f9644a3e96ddd90c0e5b2c02,F7W824S3NZNW,dispensation,2026-09-06 17:00:29.670859,14.697178,-17.466262,Officine off.dakar3,officine,Dakar,normal
f1486f3ddb3d4d229c93624a3c8dad5c,XEETM8TVSYA9,dispensation,2026-09-07 08:24:00,14.801895,-16.925297,Officine off.thies1,officine,Thies,normal
0cdd01d8da734782a0b7e49dc78a00ec,E9X2QCJVYS6U,expedition,2026-09-07 08:30:00,15.627449,-16.240768,SR Louga,SR,Louga,normal
e1d48c295ed442498a08c71e71dfb2af,FRBS8V896DJP,expedition,2026-09-07 08:30:11.714093,15.627651,-16.240529,SR Louga,SR,Louga,normal
da2d012bc00f482c857c661b6f5df1cd,56SRQCYRZYQF,expedition,2026-09-07 08:30:18.375590,15.627254,-16.241661,SR Louga,SR,Louga,normal
0d410d592a774830a4d60e18145882d9,7U5Q8MBHG2AM,expedition,2026-09-07 08:30:26.847467,15.625538,-16.241781,SR Louga,SR,Louga,normal
d769330e3a4d454684aa10ce91606e77,6V4547V3MKR7,dispensation,2026-09-07 08:31:00,14.683174,-16.255165,Officine off.diourbel1,officine,Diourbel,normal
bc2cb489fd264347b3c5e573afbf5162,92C5B72MSP8Y,reception,2026-09-07 08:32:00,12.589883,-16.266156,Officine off.ziguinchor1,officine,Ziguinchor,normal
fe1b5519bc6e45aab0d71fc97684796a,78CH5GHDD4DG,reception,2026-09-07 08:32:08.547096,12.59024,-16.265329,Officine off.ziguinchor1,officine,Ziguinchor,normal
3bab83971e4e43f4a4146b218cefe507,9VU9Y2D2VTPS,reception,2026-09-07 08:32:18.151371,12.589094,-16.266156,Officine off.ziguinchor1,officine,Ziguinchor,normal
b02b2308818c455bbda66de978831e9a,CFTK8JAT2GD3,reception,2026-09-07 08:32:29.453764,12.589659,-16.26542,Officine off.ziguinchor1,officine,Ziguinchor,normal
a55df23e9a984dde8f41a4e1389dac8a,3332PXN649FF,reception,2026-09-07 08:32:42.312862,12.589674,-16.265551,Officine off.ziguinchor1,officine,Ziguinchor,normal
e138086407974619ba5a60734217a066,Z62ECD8WC92U,reception,2026-09-07 08:32:52.086177,12.589727,-16.266267,Officine off.ziguinchor1,officine,Ziguinchor,normal
971e7a1f1f08423d86a7deb72cf61337,4HZ32F39Z5KX,reception,2026-09-07 08:33:05.335161,12.589566,-16.26587,Officine off.ziguinchor1,officine,Ziguinchor,normal
264a4487563248cb8eff86a9a332751d,UN4EJSRS7S79,reception,2026-09-07 08:33:15.783661,12.588319,-16.265656,Officine off.ziguinchor1,officine,Ziguinchor,normal
e8c23bb1cbda4716a3aa859a4bff3563,DS9VPAUGXPJB,reception,2026-09-07 08:33:29.057556,12.590072,-16.266497,Officine off.ziguinchor1,officine,Ziguinchor,normal
1628896b9bb34d778c06f14cd0f48af4,FK6PYUJK9JRV,dispensation,2026-09-07 08:41:00,14.802687,-16.92458,Officine off.thies1,officine,Thies,normal
a53ebab84cca442d9d4ea1b7dcbc3a31,8DNZEEMSKR5T,reception,2026-09-07 08:45:00,14.813461,-16.925524,Officine off.thies2,officine,Thies,normal
be02bc48a9fb45acb8306ad6b2e64631,VMXRHDBDN6RX,expedition,2026-09-07 08:46:00,14.761976,-16.916424,SR Thies,SR,Thies,normal
284ac358dfea4353afaad0c08ae18a57,BG24PXFCUD84,expedition,2026-09-07 08:46:09.977131,14.763487,-16.914916,SR Thies,SR,Thies,normal
ea983d1ac4dc4cbbb98d0c766968480f,CCK2TYRZN8NN,expedition,2026-09-07 08:51:00,14.665571,-17.463279,SR Dakar,SR,Dakar,normal
7144c1fa2c2e4904b353c98d85fcea23,AURQSXT33MZC,expedition,2026-09-07 08:51:14.957140,14.668029,-17.463902,SR Dakar,SR,Dakar,normal
e1a74c74158e4d8183841ca6a71a731e,QSJX9MJSTHJP,expedition,2026-09-07 08:51:25.633698,14.666706,-17.464813,SR Dakar,SR,Dakar,normal
aae038c6b824472a9f3fe0c8f515a79b,UQBMMXHDBW55,expedition,2026-09-07 08:51:37.675778,14.665846,-17.464003,SR Dakar,SR,Dakar,normal
8be4c84361674f5c971ac5273f2b6ac1,VN6KTD5AUDYG,expedition,2026-09-07 08:51:44.667342,14.66542,-17.463953,SR Dakar,SR,Dakar,normal
97c34553284241dca978331bc0a1b472,QU2P4BJAXZGY,reception,2026-09-07 09:06:00,14.702818,-17.415298,Officine off.dakar2,officine,Dakar,normal
c9e05358081744469c99085c4de3d2a4,ARVAUTGXB8CU,reception,2026-09-07 09:06:13.890033,14.704224,-17.415658,Officine off.dakar2,officine,Dakar,normal
7cbc125a717b44bc85bdbf78b865af07,257MQ37SEVY5,dispensation,2026-09-07 09:08:00,15.609282,-16.25283,Officine off.louga1,officine,Louga,normal
fea270fc4eaa44adaecacf56e970c7ab,AXSECBVGV8ST,dispensation,2026-09-07 09:11:00,15.609356,-16.251473,Officine off.louga1,officine,Louga,normal
0508b316f1b844be9f133a3e482e6b33,P5PNDB9YSGJV,dispensation,2026-09-07 09:24:00,12.590026,-16.26463,Officine off.ziguinchor1,officine,Ziguinchor,normal
8edd3daeaf2b4986b083f59add5bcdce,BEF9DA6EFQTE,reception,2026-09-07 09:43:07.919517,14.80288,-16.92375,Officine off.thies1,officine,Thies,normal
f4b334bdfa4e4a41bc420ecfe7d33ae7,UCP5ZJRDBK7F,dispensation,2026-09-07 10:38:59.311713,15.609406,-16.25204,Officine off.louga1,officine,Louga,normal
6eca844759564b3f8ceb2a4ea84fa1fc,2CY4X64RY78V,dispensation,2026-09-07 11:53:41.617122,14.813102,-16.926288,Officine off.thies2,officine,Thies,normal
9240da1f0b52476aa425953393b629cd,G9DQTZAYYZJJ,reception,2026-09-07 12:04:40.351888,12.589136,-16.265424,Officine off.ziguinchor1,officine,Ziguinchor,reutilisationIdentifiant
23f56a2039ff43adae14b58118ae6fe1,VRBSGF22N6UJ,dispensation,2026-09-07 14:14:47.225907,14.810924,-16.9247,Officine off.thies2,officine,Thies,normal
0fc71862ce584870b56fdc9836944d62,VMXRHDBDN6RX,reception,2026-09-07 15:20:57.580836,14.812642,-16.925781,Officine off.thies2,officine,Thies,normal
8cbcb6f1e73542dca975d0db970008e9,BG24PXFCUD84,reception,2026-09-07 15:21:06.080335,14.813729,-16.925943,Officine off.thies2,officine,Thies,normal
ff63907a7012465d84868e45763ca8bc,N4XNK6KXCKVS,dispensation,2026-09-07 17:03:02.274882,14.80169,-16.925942,Officine off.thies1,officine,Thies,normal
349f1c5d2847487f8f99a415f63977a3,6WXG9Y8E7N52,reception,2026-09-08 08:02:00,13.758429,-13.678024,SR Tambacounda,SR,Tambacounda,normal
9bd7a6ea3ffa44beb90532a739132925,VUDRP3AWAGKV,reception,2026-09-08 08:02:12.614620,13.756653,-13.680262,SR Tambacounda,SR,Tambacounda,normal
e7070e49f7db42bf94af194b0a907d40,EQUJJPTW47G7,reception,2026-09-08 08:02:25.578343,13.757699,-13.679891,SR Tambacounda,SR,Tambacounda,normal
e5e3c0fefb464891abbba8fbccbb4fed,SRQERHQ25RWA,reception,2026-09-08 08:02:37.104170,13.757947,-13.679131,SR Tambacounda,SR,Tambacounda,normal
b56b92c9090e4a8a87580a85b7a0dc44,NPWXE6KXDY89,expedition,2026-09-08 08:12:00,14.717344,-17.470924,Laboratoire Historique,fabricant,Dakar,normal
8b6d56addb0546be958c0898e9e2302f,2T74J44TEKH6,expedition,2026-09-08 08:12:10.849077,14.717224,-17.47132,Laboratoire Historique,fabricant,Dakar,normal
93867a0c094d464ca8abb50b2fa5fa0a,9FUS662SMS8H,expedition,2026-09-08 08:12:21.785270,14.716528,-17.469825,Laboratoire Historique,fabricant,Dakar,normal
4b9f2247c76c4fea8844b49bd688271a,EFBNJRJT46AG,expedition,2026-09-08 08:12:32.074036,14.719206,-17.468881,Laboratoire Historique,fabricant,Dakar,normal
4137ce85c6a14fc6a695c410c5a09f73,VVTPVN8RNYNU,expedition,2026-09-08 08:12:42.827253,14.71849,-17.470333,Laboratoire Historique,fabricant,Dakar,normal
fca06d9cd3b14bba9855563001547fb8,AJYWT3H58VPM,expedition,2026-09-08 08:12:52.248648,14.717396,-17.470176,Laboratoire Historique,fabricant,Dakar,normal
3839e96d57134835b6574eb3e05e8a74,BJ5NAMDSQBGB,dispensation,2026-09-08 08:13:00,16.008035,-16.516863,Officine off.saintlouis1,officine,Saint-Louis,normal
c64c9c220ecb4f2d8e3fc98d70310b7d,DWBPAQ3V3VPP,expedition,2026-09-08 08:13:05.796412,14.719249,-17.46954,Laboratoire Historique,fabricant,Dakar,normal
049cc0e3fd1743a9ab8d4b51299aa74f,GY2EN4C5KHMQ,expedition,2026-09-08 08:13:18.087299,14.719111,-17.469621,Laboratoire Historique,fabricant,Dakar,normal
b0ad8c2a1f0f4e1e81db6a6e8761c917,Q6KEB77F376G,expedition,2026-09-08 08:13:25.044146,14.716808,-17.471155,Laboratoire Historique,fabricant,Dakar,normal
efe25c7fc92047689c727e42d6e92075,6BD86B6443PC,expedition,2026-09-08 08:13:36.338799,14.71661,-17.470897,Laboratoire Historique,fabricant,Dakar,normal
3ddbff166f854899ac60ae4c8cceb5f3,8TTMGQ3R9KY8,expedition,2026-09-08 08:13:42.449760,14.717437,-17.470556,Laboratoire Historique,fabricant,Dakar,normal
3ad73998d9a5446baa6923931c75098d,FAC6JXSA82UB,expedition,2026-09-08 08:13:54.905008,14.718353,-17.471095,Laboratoire Historique,fabricant,Dakar,normal
2d6ed71c0e7e4d18966936c625175d62,VVAXDJ4VCCJU,expedition,2026-09-08 08:14:01.485817,14.717951,-17.471303,Laboratoire Historique,fabricant,Dakar,normal
13f7f543cd7a45e1ae058fb51802ba8f,848NGZKC8WQR,expedition,2026-09-08 08:14:13.847074,14.719268,-17.470507,Laboratoire Historique,fabricant,Dakar,normal
971ef8be55b6431eac1e629522a5a494,M4DVN7XAS66D,expedition,2026-09-08 08:14:21.705863,14.71816,-17.471006,Laboratoire Historique,fabricant,Dakar,normal
26c87c8e7697469baeb726ff785faa0e,7NNN8PMH3E9P,expedition,2026-09-08 08:14:31.708529,14.71698,-17.469409,Laboratoire Historique,fabricant,Dakar,normal
b7ed50baba2544d5a6d7aae2a5baaf0f,X6ZHHPED424K,expedition,2026-09-08 08:14:40.557163,14.716829,-17.469266,Laboratoire Historique,fabricant,Dakar,normal
1ec02e7cd1cb43d98a036062510d7147,EASVD7VEE529,expedition,2026-09-08 08:14:50.640916,14.716407,-17.470397,Laboratoire Historique,fabricant,Dakar,normal
3e01e2f2e2be4796b99cdf1b5a95f606,SNXABEAWWB9N,expedition,2026-09-08 08:15:04.089617,14.717803,-17.468681,Laboratoire Historique,fabricant,Dakar,normal
b819e6f9339d4700b5925b2e8660cd2c,UY7XKWU9R3ZV,expedition,2026-09-08 08:15:14.303663,14.719353,-17.470368,Laboratoire Historique,fabricant,Dakar,normal
61d48276b555404dbd38df73f637dc47,AAS8Q9WE7CWU,expedition,2026-09-08 08:15:28.882629,14.718952,-17.469278,Laboratoire Historique,fabricant,Dakar,normal
7fac7fc8ea7f4c148da1731b41c029c5,BE98M3JU9PJ6,expedition,2026-09-08 08:15:39.234971,14.718295,-17.469353,Laboratoire Historique,fabricant,Dakar,normal
d6b668e6695749b890169d8688262a1c,CWY2SJZZ98BP,expedition,2026-09-08 08:15:52.217423,14.718514,-17.470825,Laboratoire Historique,fabricant,Dakar,normal
e97e176ad4ae464c91232eb04e632742,74RVV7KWB7YX,dispensation,2026-09-08 08:16:00,12.587797,-16.264763,Officine off.ziguinchor1,officine,Ziguinchor,normal
f24deb2311d2498a965502a118684546,JPWVUH5ZF562,expedition,2026-09-08 08:16:02.887110,14.718727,-17.469659,Laboratoire Historique,fabricant,Dakar,normal
428b85893b3840ac8f9d0b2606a42d00,YE6HADB3UGFN,expedition,2026-09-08 08:16:09.744777,14.71845,-17.471285,Laboratoire Historique,fabricant,Dakar,normal
18477284a46f4ab9b3cb736ca7fa380b,Z8BCVWDF3HJB,expedition,2026-09-08 08:16:19.077752,14.716706,-17.469553,Laboratoire Historique,fabricant,Dakar,normal
6e62a842c885448aa42b5c5a5b0301b4,JA2V5SMGX284,expedition,2026-09-08 08:16:28.314590,14.71683,-17.470809,Laboratoire Historique,fabricant,Dakar,normal
b64aed21468e467d8b9bcf0eee9e232b,CP7MDBUBBP4R,expedition,2026-09-08 08:16:40.867209,14.718559,-17.469583,Laboratoire Historique,fabricant,Dakar,normal
99e4aa87f1fd4299bd3c8226306d8af6,YKT25KGXTR9D,expedition,2026-09-08 08:16:50.775270,14.718934,-17.468756,Laboratoire Historique,fabricant,Dakar,normal
73f8c8bd8a8344aa8d72bd0df59057fa,AYYRYZ7M67TC,expedition,2026-09-08 08:17:00.719599,14.718749,-17.468601,Laboratoire Historique,fabricant,Dakar,normal
66fd2375483648be9bc57d73ee583318,TUSFHUKV4WR5,expedition,2026-09-08 08:17:09.030183,14.719037,-17.469988,Laboratoire Historique,fabricant,Dakar,normal
1fff214c964c4283b45e2869df98b69c,8S9M3Q4MSDW8,expedition,2026-09-08 08:17:19.998496,14.718749,-17.470574,Laboratoire Historique,fabricant,Dakar,normal
f47bf73a4d6844a5ae6b0639fa2e0acd,Y7X3NRB8852X,expedition,2026-09-08 08:17:34.354955,14.717934,-17.469915,Laboratoire Historique,fabricant,Dakar,normal
418be50174744417b2b5c2a42b3ba0cf,6CUR8FFFPA73,expedition,2026-09-08 08:17:42.333212,14.716905,-17.470243,Laboratoire Historique,fabricant,Dakar,normal
413f910bda43482fb08cbd00e387a949,UCEDUT79S22J,expedition,2026-09-08 08:17:49.824603,14.717526,-17.470579,Laboratoire Historique,fabricant,Dakar,normal
06e083a177654751be9eaafabb75513a,YCQYD58WKJ42,expedition,2026-09-08 08:18:04.331556,14.718609,-17.468848,Laboratoire Historique,fabricant,Dakar,normal
63c80e71720a4eeeb99530fa1ad055f6,WJMG37VFHE9U,expedition,2026-09-08 08:18:11.407550,14.717831,-17.469973,Laboratoire Historique,fabricant,Dakar,normal
a75171376b8d49e49e966bef5b865a14,PXZ3Y7VGYFA7,expedition,2026-09-08 08:18:21.012370,14.717347,-17.468951,Laboratoire Historique,fabricant,Dakar,normal
29dce8feb3df4d8caef457bd1cdbf299,FUHKNA3T5BBN,expedition,2026-09-08 08:18:29.752679,14.718283,-17.470948,Laboratoire Historique,fabricant,Dakar,normal
bddfe7bec69a4e389a7428d1b6491368,YQ562UUNB4MG,expedition,2026-09-08 08:18:38.766844,14.718074,-17.468679,Laboratoire Historique,fabricant,Dakar,normal
34046561170c434089b2c15f273e8f9c,7M9V7RT4P47R,expedition,2026-09-08 08:18:49.165622,14.717263,-17.470738,Laboratoire Historique,fabricant,Dakar,normal
00ef0c51b5c440628197288240ebf16b,QBJ6FMNBE4DH,expedition,2026-09-08 08:19:00.272444,14.718857,-17.46967,Laboratoire Historique,fabricant,Dakar,normal
999daa25a62a490aa4d1c628ac36a65b,ZYEMZCNT8K4Z,expedition,2026-09-08 08:19:14.441693,14.718952,-17.470366,Laboratoire Historique,fabricant,Dakar,normal
33fc0519bd80494caead1cd72ece312f,VWRWFH47Q83X,expedition,2026-09-08 08:19:21.958972,14.718106,-17.471046,Laboratoire Historique,fabricant,Dakar,normal
28ce55b376d547bf894f164a88866ae4,H3XX5R7NSZTG,expedition,2026-09-08 08:19:36.044867,14.717857,-17.46976,Laboratoire Historique,fabricant,Dakar,normal
93089e91d2984e5ab4a41008294ab955,9RCY96ECSR5D,expedition,2026-09-08 08:19:49.201899,14.7193,-17.470805,Laboratoire Historique,fabricant,Dakar,normal
7f6fef0cca744f8bad3c79f3618bb106,R62RD4G7CBTJ,expedition,2026-09-08 08:19:55.389463,14.716774,-17.469474,Laboratoire Historique,fabricant,Dakar,normal
1ee5b04773954ac4a6ac9579826e3d19,CCK2TYRZN8NN,reception,2026-09-08 08:20:00,14.703245,-17.437066,Officine off.dakar1,officine,Dakar,normal
319eec6bf8394de19d56b9aa7fb40ec7,GYUGJ9VGJKGT,expedition,2026-09-08 08:20:09.749754,14.718614,-17.471286,Laboratoire Historique,fabricant,Dakar,normal
1979a42a2cce40a8b734ad02829a0c0e,AURQSXT33MZC,reception,2026-09-08 08:20:10.542560,14.702707,-17.436893,Officine off.dakar1,officine,Dakar,normal
49ee3480d23a410bb5231d9cc8299e30,45XKREDHY3XH,expedition,2026-09-08 08:20:21.960310,14.717755,-17.469927,Laboratoire Historique,fabricant,Dakar,normal
1af9081b7964491f9f616dc33896e6d9,QSJX9MJSTHJP,reception,2026-09-08 08:20:25.385879,14.70117,-17.437615,Officine off.dakar1,officine,Dakar,normal
8b1a28bd291d4575986efc33a6e2c465,UQBMMXHDBW55,reception,2026-09-08 08:20:32.042083,14.701368,-17.437079,Officine off.dakar1,officine,Dakar,normal
1c6b691880ab4f2aadb98d13bd209a84,7Z7U6VMJTBRX,expedition,2026-09-08 08:20:32.576684,14.718127,-17.470788,Laboratoire Historique,fabricant,Dakar,normal
ea9fba23c1394f1b9d3c5ccfdddda8e9,VN6KTD5AUDYG,reception,2026-09-08 08:20:45.406561,14.700475,-17.437569,Officine off.dakar1,officine,Dakar,normal
3397687c47314c82b7971eddff5e166d,DGXMWFTSAMST,dispensation,2026-09-08 08:30:00,12.588736,-16.266933,Officine off.ziguinchor1,officine,Ziguinchor,normal
8b5a3ebf15b04718b9d4003606948d0a,QP3623U3JHYF,dispensation,2026-09-08 08:33:00,13.755696,-13.674211,Officine off.tamba1,officine,Tambacounda,normal
faf760d4506a483e9c8aa976ee3d0bf6,U9RFM8FUNXB8,dispensation,2026-09-08 08:33:00,14.680981,-16.255071,Officine off.diourbel1,officine,Diourbel,normal
f76c2fc9e2804ae7af645527504ad7eb,YYAJUN9MJCSH,expedition,2026-09-08 08:38:01.077986,14.667751,-17.464125,SR Dakar,SR,Dakar,normal
06af241a3ba945c3925cfb7aa83a4fc1,Z4K5GFES57VN,expedition,2026-09-08 08:39:54.435882,14.760754,-16.916213,SR Thies,SR,Thies,normal
8ae1794e344a4b54bf74d28c3c22781e,BCX8MKG7MFEU,dispensation,2026-09-08 08:40:00,14.803815,-16.923186,Officine off.thies1,officine,Thies,normal
3032b41e9ffa470e92e812d31c048193,QPXTD7HC9XFY,expedition,2026-09-08 08:40:02.268422,14.762611,-16.916535,SR Thies,SR,Thies,normal
5acb1b9f07044d168b3dd627c3a2ecc2,HFUF7W2Y74R5,expedition,2026-09-08 08:40:08.797892,14.763475,-16.913937,SR Thies,SR,Thies,normal
f0b57fbe0abd4e09861eb8b39fe165a1,6V7T8B8P284S,expedition,2026-09-08 08:40:18.775779,14.76326,-16.914859,SR Thies,SR,Thies,normal
02232b0075f9456f8b4b818819d70803,DGENCGRP4GHW,dispensation,2026-09-08 08:42:00,14.145122,-16.063546,Officine off.kaolack1,officine,Kaolack,normal
970ac53c1adf4962b97675ba4ceb4fe4,UQGWMZSFZVPA,dispensation,2026-09-08 08:49:00,12.588563,-16.265164,Officine off.ziguinchor1,officine,Ziguinchor,normal
2cffdbdfa86a48a6ab30852d6a7dd37b,FQ2ZN558YJYH,dispensation,2026-09-08 08:50:00,13.755788,-13.673041,Officine off.tamba1,officine,Tambacounda,normal
ed7a65b74b3247829591be3d1ea14338,PQZKZCBTFQF3,expedition,2026-09-08 08:51:00,14.152993,-16.042436,SR Kaolack,SR,Kaolack,normal
a1e14fea2e6445c4ad888c79886d3f2d,SDHF5ZV8U6XK,expedition,2026-09-08 08:51:09.050953,14.152436,-16.044859,SR Kaolack,SR,Kaolack,normal
6fc46263eae64049826ca2400d522a59,J9UND3PSAN25,expedition,2026-09-08 08:51:15.941195,14.152421,-16.0443,SR Kaolack,SR,Kaolack,normal
3bfd30302a2548a4939f2cae406c2a34,QSMZ9C4NU5Z7,expedition,2026-09-08 08:51:29.495990,14.153257,-16.04317,SR Kaolack,SR,Kaolack,normal
195bd2d77b7f460d86365aac30b512f9,ABKPG2TYVKNE,expedition,2026-09-08 08:51:41.042857,14.151149,-16.044115,SR Kaolack,SR,Kaolack,normal
fbb0c72cc00a4a18853dc1a034779d39,X9K3HMVE9AM7,expedition,2026-09-08 08:51:50.292468,14.153757,-16.044009,SR Kaolack,SR,Kaolack,normal
ed2d4ff467d4456c993001b663657215,YPUVP7BGHMR9,expedition,2026-09-08 09:01:00,16.012151,-16.513286,SR Saint-Louis,SR,Saint-Louis,normal
ad4002c873404b9ba7168b04c3b2150a,P4BXH3MDXN9M,expedition,2026-09-08 09:01:11.101821,16.013466,-16.513923,SR Saint-Louis,SR,Saint-Louis,normal
d69ddc8d87064c84a01639f64acbc85c,ZW9QG4H3XDJZ,expedition,2026-09-08 09:01:23.328288,16.013556,-16.514808,SR Saint-Louis,SR,Saint-Louis,normal
0e43ae8874714a6da70f400b7bd3c6bc,7BN24NYMXKZ8,expedition,2026-09-08 09:01:34.989005,16.014121,-16.512432,SR Saint-Louis,SR,Saint-Louis,normal
e8588f7d912d4e9fa52be1cfa3317f03,SAPZ6GRKE69F,expedition,2026-09-08 09:01:42.079851,16.012402,-16.512242,SR Saint-Louis,SR,Saint-Louis,normal
7cab1ae9b9ad4f7581e66932eb798f73,JUBDMB6BH5SU,expedition,2026-09-08 09:01:56.932426,16.012072,-16.512477,SR Saint-Louis,SR,Saint-Louis,normal
7d87accb67514f5388d9359e84c696ec,J8E7YQBYRAQH,dispensation,2026-09-08 09:09:00,14.700417,-17.437901,Officine off.dakar1,officine,Dakar,normal
f5a70911cf94491c870b0eb965f37b11,E9X2QCJVYS6U,reception,2026-09-08 09:14:00,15.610852,-16.250769,Officine off.louga1,officine,Louga,normal
21a856cb93fa4ff2a809b6b06d72c4aa,MWX3EE3H9UXW,reception,2026-09-08 09:14:00,14.68328,-16.242234,SR Diourbel,SR,Diourbel,normal
1f03af1109e44882bf33ee86ebf40c5f,FRBS8V896DJP,reception,2026-09-08 09:14:06.116717,15.610597,-16.252459,Officine off.louga1,officine,Louga,normal
b7e66817a3b54c8abe977dfa595d9c72,5GHH9EMGCGY6,reception,2026-09-08 09:14:07.131033,14.685025,-16.241844,SR Diourbel,SR,Diourbel,normal
5afb80124c59490a82e42dad4c5efb74,BS2J743GDKXX,reception,2026-09-08 09:14:14.513404,14.684591,-16.243077,SR Diourbel,SR,Diourbel,normal
4893ab3e10d24befbce6d7f7c1d94b8e,56SRQCYRZYQF,reception,2026-09-08 09:14:15.183853,15.608439,-16.252988,Officine off.louga1,officine,Louga,normal
2bf470d6cd61488e96968f20ebe4c47b,D3B4JRUKR9V5,reception,2026-09-08 09:14:20.861118,14.685164,-16.244584,SR Diourbel,SR,Diourbel,normal
bdca136a2e504c718e20b2acad33d4ea,7U5Q8MBHG2AM,reception,2026-09-08 09:14:28.288509,15.610548,-16.251516,Officine off.louga1,officine,Louga,normal
805880e09dda4b9d8842afc83c4f2385,7URWYMC8DKHG,reception,2026-09-08 09:14:28.899071,14.682792,-16.244562,SR Diourbel,SR,Diourbel,normal
f4ca112db49b47c183d32b069bd7b678,BUKR4X4W2NYD,reception,2026-09-08 09:14:38.900577,14.684081,-16.243551,SR Diourbel,SR,Diourbel,normal
399a68a360294c3c9abc6db1f0cfed39,FTESXZDWZYDN,reception,2026-09-08 09:14:47.313192,14.683912,-16.242307,SR Diourbel,SR,Diourbel,normal
1b8d2149e08c4e6d985dbc3ff689ca88,MNYJTVDGVKMF,reception,2026-09-08 09:14:59.438212,14.68318,-16.241845,SR Diourbel,SR,Diourbel,normal
c2fd49d8bb774ec390b489cfeab166ad,UVXTZXBZ6TJQ,dispensation,2026-09-08 09:18:29.255221,14.811926,-16.924789,Officine off.thies2,officine,Thies,normal
24e11b51cbfd428288dc497323c81105,J7D23T3K65VZ,dispensation,2026-09-08 09:22:00,14.681689,-16.257708,Officine off.diourbel1,officine,Diourbel,normal
bbd98a7b45974943a3d5d5c9b64cb277,X4E9TX327WR8,dispensation,2026-09-08 09:24:00,14.144086,-16.065677,Officine off.kaolack1,officine,Kaolack,normal
06d85b4b8aa740b6a3f3e83ff7c4df80,BE4DVAFNJ82K,dispensation,2026-09-08 10:10:48.391651,16.00662,-16.516228,Officine off.saintlouis1,officine,Saint-Louis,normal
e5271e5c12294b90911e86ccd6d7753b,TMQK928FJF3Q,dispensation,2026-09-08 12:00:56.773275,15.610251,-16.252743,Officine off.louga1,officine,Louga,normal
575b420c81d245f0a7e4bf056d0103da,8EJYPZVZUM4F,expedition,2026-09-08 13:17:57.714764,14.151304,-16.044104,SR Kaolack,SR,Kaolack,normal
c868e87f5f004b12b066724876f9e708,6D62EYCJVQT5,expedition,2026-09-08 13:18:10.006004,14.152383,-16.043971,SR Kaolack,SR,Kaolack,normal
c44aa7fd385148d7a961deccd05a2c59,MPRCTK3REBXV,expedition,2026-09-08 13:18:16.709799,14.15326,-16.042352,SR Kaolack,SR,Kaolack,normal
4796e02b75e342f8a7a6dcc16666361b,7DUA6KNRC3DB,expedition,2026-09-08 13:26:26.705264,12.606554,-16.2697,SR Ziguinchor,SR,Ziguinchor,normal
e2680f5aad1c4209b718585dbed4ff83,R5VZQKQ9N3C6,expedition,2026-09-08 13:26:36.517560,12.606925,-16.269926,SR Ziguinchor,SR,Ziguinchor,normal
c72a5fb911064942863f72eaa90dd331,QBWFPC6ZWB9Q,expedition,2026-09-08 13:26:45.929386,12.606936,-16.269398,SR Ziguinchor,SR,Ziguinchor,normal
f8c60a5e8e57490b8ce647bbc6d6c328,6XKK2UP75URQ,expedition,2026-09-08 13:26:53.024930,12.607899,-16.269465,SR Ziguinchor,SR,Ziguinchor,normal
edb92fd80e8d496d89a0eb582ede8c50,RUGYEN26PTHK,expedition,2026-09-08 13:27:02.857205,12.607829,-16.270371,SR Ziguinchor,SR,Ziguinchor,normal
280a6db44f34488bb1db245f23a9ca77,PQZKZCBTFQF3,reception,2026-09-08 15:25:02.750741,14.160354,-16.063534,Officine off.kaolack2,officine,Kaolack,normal
eac1ca189ea747f58191f501a7773fbf,SDHF5ZV8U6XK,reception,2026-09-08 15:25:11.109738,14.161044,-16.061875,Officine off.kaolack2,officine,Kaolack,normal
9092466275584618b9732e7ae7304572,J9UND3PSAN25,reception,2026-09-08 15:25:26.084805,14.160101,-16.061559,Officine off.kaolack2,officine,Kaolack,normal
b13bc15a451845fe82b0c50189b525fc,QSMZ9C4NU5Z7,reception,2026-09-08 15:25:34.385365,14.162288,-16.062996,Officine off.kaolack2,officine,Kaolack,normal
5d472915e77f4e1287a9460e64d7082e,ABKPG2TYVKNE,reception,2026-09-08 15:25:47.323432,14.160671,-16.06206,Officine off.kaolack2,officine,Kaolack,normal
43a301d5a57949d4931306bbc868546c,X9K3HMVE9AM7,reception,2026-09-08 15:25:57.801666,14.162456,-16.063356,Officine off.kaolack2,officine,Kaolack,normal
b486473df83444ba9f01e8f7fb65c7eb,SDHF5ZV8U6XK,reception,2026-09-08 15:44:59.542620,16.008749,-16.517482,Officine off.saintlouis1,officine,Saint-Louis,trajetInhabituel
60de84650b9045c38f13c7ed72628dfa,JFMVGM879WWF,dispensation,2026-09-09 08:00:00,16.008039,-16.518157,Officine off.saintlouis1,officine,Saint-Louis,normal
6e2123dd0dbe4daabb4b242b56a018c1,MWX3EE3H9UXW,expedition,2026-09-09 08:01:00,14.683759,-16.243431,SR Diourbel,SR,Diourbel,normal
9b0de2ae833b4f448844b825661ed77f,5GHH9EMGCGY6,expedition,2026-09-09 08:01:09.049927,14.685093,-16.24262,SR Diourbel,SR,Diourbel,normal
0def99a3d0654bb6832b989cef233369,BS2J743GDKXX,expedition,2026-09-09 08:01:19.890927,14.683378,-16.242313,SR Diourbel,SR,Diourbel,normal
86e7aa85d9ca4197be30f7425387bfa0,D3B4JRUKR9V5,expedition,2026-09-09 08:01:33.191247,14.684206,-16.242067,SR Diourbel,SR,Diourbel,normal
120a3af00f0444318d02fe53192de9ac,7URWYMC8DKHG,expedition,2026-09-09 08:01:46.923444,14.682909,-16.242363,SR Diourbel,SR,Diourbel,normal
b012f69fd7ea433b806e127bd4453bc7,BUKR4X4W2NYD,expedition,2026-09-09 08:01:55.054629,14.684646,-16.244342,SR Diourbel,SR,Diourbel,normal
6261aa49eeb4495284db76851d4a78ec,FTESXZDWZYDN,expedition,2026-09-09 08:02:08.793289,14.682598,-16.24343,SR Diourbel,SR,Diourbel,normal
f677088cfb514a69af947559853db4b0,MNYJTVDGVKMF,expedition,2026-09-09 08:02:22.439035,14.68397,-16.242635,SR Diourbel,SR,Diourbel,normal
318caf1b39c84eb58ea29510479d037f,NDC9ND66SBMD,dispensation,2026-09-09 08:21:00,13.756001,-13.672317,Officine off.tamba1,officine,Tambacounda,normal
8eef5f3a995e4f9ba56611e226133af6,UN4EJSRS7S79,dispensation,2026-09-09 08:29:00,12.589642,-16.265207,Officine off.ziguinchor1,officine,Ziguinchor,normal
e0fbe210cc7f4c4d94101d2c1e496afa,6MXYGUMDBDU8,dispensation,2026-09-09 08:44:00,14.801288,-16.924504,Officine off.thies1,officine,Thies,normal
05e4b833dd9c4f2583ad70e3782a49e1,F45JHKJ63RT4,dispensation,2026-09-09 08:46:00,14.811745,-16.924553,Officine off.thies2,officine,Thies,normal
9eac24f6cced438388716acd5153449a,YPUVP7BGHMR9,reception,2026-09-09 08:48:00,16.007962,-16.515844,Officine off.saintlouis1,officine,Saint-Louis,normal
c8b031731d02455592d2bc3e064d38b0,P4BXH3MDXN9M,reception,2026-09-09 08:48:10.329691,16.007453,-16.516757,Officine off.saintlouis1,officine,Saint-Louis,normal
c1b9d8fbcfc84c48b264ad175c627436,ZW9QG4H3XDJZ,reception,2026-09-09 08:48:20.486477,16.007923,-16.515949,Officine off.saintlouis1,officine,Saint-Louis,normal
ddf89ca829b041d995c4dff7f978c851,7BN24NYMXKZ8,reception,2026-09-09 08:48:29.147921,16.007138,-16.515764,Officine off.saintlouis1,officine,Saint-Louis,normal
193ccaa64a764bf994100735930d4620,SAPZ6GRKE69F,reception,2026-09-09 08:48:41.704811,16.008715,-16.518567,Officine off.saintlouis1,officine,Saint-Louis,normal
a5dfd4fe43614ba1928e600b401ec42a,JUBDMB6BH5SU,reception,2026-09-09 08:48:47.769758,16.008707,-16.516821,Officine off.saintlouis1,officine,Saint-Louis,normal
27715bc78f614aefa030e66ac8669fc2,VGUJWJM6THKC,dispensation,2026-09-09 08:49:00,14.701664,-17.438266,Officine off.dakar1,officine,Dakar,normal
76878efa62e44d86888dde30019d2585,8EJYPZVZUM4F,reception,2026-09-09 08:54:00,14.142694,-16.065257,Officine off.kaolack1,officine,Kaolack,normal
5a386cc13bfc49fbb059918e02a06b50,6D62EYCJVQT5,reception,2026-09-09 08:54:13.796107,14.143731,-16.064712,Officine off.kaolack1,officine,Kaolack,normal
5828dabb5ca14b499e8e16366663c688,MPRCTK3REBXV,reception,2026-09-09 08:54:21.017658,14.142414,-16.063938,Officine off.kaolack1,officine,Kaolack,normal
c57b4600aaa84ff48219327b4720afab,SAPZ6GRKE69F,reception,2026-09-09 08:59:05.132962,13.755135,-13.672917,Officine off.tamba1,officine,Tambacounda,trajetInhabituel
76fa0c92debf46a6b87bad15a72d0676,7DUA6KNRC3DB,reception,2026-09-09 09:08:00,12.588964,-16.26635,Officine off.ziguinchor1,officine,Ziguinchor,normal
75c8ac120d3d467ea1e3270000634303,R5VZQKQ9N3C6,reception,2026-09-09 09:08:14.963972,12.590568,-16.267071,Officine off.ziguinchor1,officine,Ziguinchor,normal
b6aa02f686d7419db2bccb75ae4b1c3d,QBWFPC6ZWB9Q,reception,2026-09-09 09:08:21.298719,12.588807,-16.264636,Officine off.ziguinchor1,officine,Ziguinchor,normal
9efa08a2621e4d35b7257f3a8f77e31b,6XKK2UP75URQ,reception,2026-09-09 09:08:30.617175,12.588205,-16.266838,Officine off.ziguinchor1,officine,Ziguinchor,normal
fa72a08c5b414ed08828e591bc26c3b1,RUGYEN26PTHK,reception,2026-09-09 09:08:41.660147,12.589216,-16.266856,Officine off.ziguinchor1,officine,Ziguinchor,normal
6853883453c14895bf47f4fa53fd123d,7JKUHS2TZ57Z,dispensation,2026-09-09 09:15:00,14.162289,-16.062538,Officine off.kaolack2,officine,Kaolack,normal
92236ec537844f67ae2fabe3981be0b5,NPWXE6KXDY89,reception,2026-09-09 10:45:57.772394,14.703658,-17.444958,Grossiste Dakar,grossisteRepartiteur,Dakar,normal
39d13bf349024b37ad60a279f63244cf,2T74J44TEKH6,reception,2026-09-09 10:46:05.793767,14.704774,-17.447173,Grossiste Dakar,grossisteRepartiteur,Dakar,normal
3bbb5c1cb0c74f5dbd788b0bf9a18005,9FUS662SMS8H,reception,2026-09-09 10:46:12.571664,14.705374,-17.446014,Grossiste Dakar,grossisteRepartiteur,Dakar,normal
a92f7745163346719311be7a62d7f9dd,EFBNJRJT46AG,reception,2026-09-09 10:46:25.052149,14.704273,-17.44586,Grossiste Dakar,grossisteRepartiteur,Dakar,normal
887267d5fe2f42458daa0d6c8c69b4ae,VVTPVN8RNYNU,reception,2026-09-09 10:46:33.191973,14.704818,-17.446463,Grossiste Dakar,grossisteRepartiteur,Dakar,normal
086a41cc3cee4940be83d6251628436e,AJYWT3H58VPM,reception,2026-09-09 10:46:47.952611,14.704543,-17.445727,Grossiste Dakar,grossisteRepartiteur,Dakar,normal
ec4c408c02e84871b5eaa708608842d2,DWBPAQ3V3VPP,reception,2026-09-09 10:46:59.540013,14.704669,-17.445479,Grossiste Dakar,grossisteRepartiteur,Dakar,normal
c1d2b710ca164409988883fc0957618e,GY2EN4C5KHMQ,reception,2026-09-09 10:47:06.461712,14.703503,-17.445504,Grossiste Dakar,grossisteRepartiteur,Dakar,normal
d67db510f17440e29a34d46b8874b2fe,Q6KEB77F376G,reception,2026-09-09 10:47:16.853965,14.703593,-17.446517,Grossiste Dakar,grossisteRepartiteur,Dakar,normal
410b88b5c8584206ba6a70c3318c7b75,6BD86B6443PC,reception,2026-09-09 10:47:27.791672,14.704757,-17.4447,Grossiste Dakar,grossisteRepartiteur,Dakar,normal
1d523e68bdcd4dcaa9b0b53697b4972f,8TTMGQ3R9KY8,reception,2026-09-09 10:47:39.540353,14.703084,-17.444963,Grossiste Dakar,grossisteRepartiteur,Dakar,normal
5fd84a1d1bc042d38d804ca30f0e8b83,FAC6JXSA82UB,reception,2026-09-09 10:47:50.312390,14.704359,-17.446061,Grossiste Dakar,grossisteRepartiteur,Dakar,normal
0bbce07326be422ebd2ebd92bc74602b,VVAXDJ4VCCJU,reception,2026-09-09 10:48:00.448433,14.704153,-17.445101,Grossiste Dakar,grossisteRepartiteur,Dakar,normal
9f98955bf26c401d86a49795e71183d2,848NGZKC8WQR,reception,2026-09-09 10:48:11.084178,14.703728,-17.44457,Grossiste Dakar,grossisteRepartiteur,Dakar,normal
01bdb3f5be924b9a8853158e206751a5,M4DVN7XAS66D,reception,2026-09-09 10:48:24.135230,14.705402,-17.446295,Grossiste Dakar,grossisteRepartiteur,Dakar,normal
9fbc25c516024ae2b2cd69217d048764,7NNN8PMH3E9P,reception,2026-09-09 10:48:34.539175,14.70451,-17.446086,Grossiste Dakar,grossisteRepartiteur,Dakar,normal
191dd0889d9f4fa783f5ec66580a1b95,X6ZHHPED424K,reception,2026-09-09 10:48:43.427278,14.703449,-17.444297,Grossiste Dakar,grossisteRepartiteur,Dakar,normal
d34f2771f8ec47b39a7707953b52688d,EASVD7VEE529,reception,2026-09-09 10:48:52.430799,14.705015,-17.444774,Grossiste Dakar,grossisteRepartiteur,Dakar,normal
1bc5029197e249acac5eaa308c67bff4,SNXABEAWWB9N,reception,2026-09-09 10:49:07.176866,14.703954,-17.446787,Grossiste Dakar,grossisteRepartiteur,Dakar,normal
3cae0a6bd6b74c8787d4cb4a881c1859,UY7XKWU9R3ZV,reception,2026-09-09 10:49:14.612146,14.705519,-17.445148,Grossiste Dakar,grossisteRepartiteur,Dakar,normal
6dcb4b76edbc480dbf0dcd787db44d2f,AAS8Q9WE7CWU,reception,2026-09-09 10:49:23.015897,14.704894,-17.444467,Grossiste Dakar,grossisteRepartiteur,Dakar,normal
178cad346af54e5ea24b376bbbef7d87,BE98M3JU9PJ6,reception,2026-09-09 10:49:37.863996,14.703759,-17.446679,Grossiste Dakar,grossisteRepartiteur,Dakar,normal
abbd10d71a33498f9885bf80973919e1,CWY2SJZZ98BP,reception,2026-09-09 10:49:45.431566,14.703618,-17.44495,Grossiste Dakar,grossisteRepartiteur,Dakar,normal
aaadc4e22e0f4c87964b4330c77781b3,JPWVUH5ZF562,reception,2026-09-09 10:49:55.612771,14.705212,-17.445506,Grossiste Dakar,grossisteRepartiteur,Dakar,normal
8fda4e7a62544b9ba07e9b7490812803,YE6HADB3UGFN,reception,2026-09-09 10:50:02.842300,14.704834,-17.445295,Grossiste Dakar,grossisteRepartiteur,Dakar,normal
3fc286aa1f6a4fab86970077fbda7bbb,Z8BCVWDF3HJB,reception,2026-09-09 10:50:09.381922,14.703994,-17.445271,Grossiste Dakar,grossisteRepartiteur,Dakar,normal
244c55eab4dd4340aba66c74865c433d,JA2V5SMGX284,reception,2026-09-09 10:50:16.374968,14.703412,-17.445276,Grossiste Dakar,grossisteRepartiteur,Dakar,normal
e4bee699d57a47ae8304709b36f5cb14,CP7MDBUBBP4R,reception,2026-09-09 10:50:24.132115,14.704209,-17.445219,Grossiste Dakar,grossisteRepartiteur,Dakar,normal
92ed118be3df4ede90bfad66d855b9a7,YKT25KGXTR9D,reception,2026-09-09 10:50:31.179952,14.703848,-17.446219,Grossiste Dakar,grossisteRepartiteur,Dakar,normal
2fbfcbbf94a14378a7b10732bb799bda,AYYRYZ7M67TC,reception,2026-09-09 10:50:39.961876,14.704738,-17.446614,Grossiste Dakar,grossisteRepartiteur,Dakar,normal
314726e00ecf4bd9acda6ac36ead7fa9,TUSFHUKV4WR5,reception,2026-09-09 10:50:50.129489,14.705473,-17.445606,Grossiste Dakar,grossisteRepartiteur,Dakar,normal
89bb319f16f247d7b8ebca126272b730,8S9M3Q4MSDW8,reception,2026-09-09 10:50:59.419798,14.703363,-17.444276,Grossiste Dakar,grossisteRepartiteur,Dakar,normal
d86ddcb0c6e7420393fcf351a6d1b9a8,Y7X3NRB8852X,reception,2026-09-09 10:51:07.680875,14.703219,-17.447027,Grossiste Dakar,grossisteRepartiteur,Dakar,normal
8e7b54a99e25440287b93036f5e595b6,6CUR8FFFPA73,reception,2026-09-09 10:51:22.515579,14.704164,-17.446303,Grossiste Dakar,grossisteRepartiteur,Dakar,normal
ce7e0db025fc41e88b57fc83a3ecb13e,UCEDUT79S22J,reception,2026-09-09 10:51:32.739214,14.703775,-17.446437,Grossiste Dakar,grossisteRepartiteur,Dakar,normal
62fe2a25f918490ebfcb0af60212e255,YCQYD58WKJ42,reception,2026-09-09 10:51:41.601697,14.702714,-17.445637,Grossiste Dakar,grossisteRepartiteur,Dakar,normal
0481182f8f96413f93cbc8af260671d3,WJMG37VFHE9U,reception,2026-09-09 10:51:54.392681,14.703013,-17.446939,Grossiste Dakar,grossisteRepartiteur,Dakar,normal
e7042db6cb994f60bcad663498463282,PXZ3Y7VGYFA7,reception,2026-09-09 10:52:08.667649,14.704898,-17.445721,Grossiste Dakar,grossisteRepartiteur,Dakar,normal
e5da93884f2843359b36e6eaa425022e,FUHKNA3T5BBN,reception,2026-09-09 10:52:17.256768,14.704735,-17.447059,Grossiste Dakar,grossisteRepartiteur,Dakar,normal
639120538d8043b7a5ebc6df0d670b9f,YQ562UUNB4MG,reception,2026-09-09 10:52:23.469428,14.704991,-17.444918,Grossiste Dakar,grossisteRepartiteur,Dakar,normal
95aa4bfd854b4c55bbadb0b7a0fb3167,7M9V7RT4P47R,reception,2026-09-09 10:52:30.836889,14.705478,-17.446308,Grossiste Dakar,grossisteRepartiteur,Dakar,normal
b25be5fd18344e0687816d85d43c9c93,QBJ6FMNBE4DH,reception,2026-09-09 10:52:44.607522,14.705345,-17.445333,Grossiste Dakar,grossisteRepartiteur,Dakar,normal
d54351c070bc4ab582b47856fba8bdd0,ZYEMZCNT8K4Z,reception,2026-09-09 10:52:55.785583,14.705149,-17.445205,Grossiste Dakar,grossisteRepartiteur,Dakar,normal
59532742ce154970b2bed729656517f8,VWRWFH47Q83X,reception,2026-09-09 10:53:05.864183,14.704555,-17.446385,Grossiste Dakar,grossisteRepartiteur,Dakar,normal
6754205d684a4ad5956cebd716da5d8f,H3XX5R7NSZTG,reception,2026-09-09 10:53:15.509189,14.702943,-17.446058,Grossiste Dakar,grossisteRepartiteur,Dakar,normal
a64946c5b103457e9682b562b9dbfa6a,9RCY96ECSR5D,reception,2026-09-09 10:53:29.318347,14.704146,-17.446257,Grossiste Dakar,grossisteRepartiteur,Dakar,normal
82803c3fee1f4993926e67b0e2c14166,R62RD4G7CBTJ,reception,2026-09-09 10:53:36.625380,14.704589,-17.445319,Grossiste Dakar,grossisteRepartiteur,Dakar,normal
ed48db8742fe49de9bcc3c860a5b3fb1,GYUGJ9VGJKGT,reception,2026-09-09 10:53:51.390407,14.704036,-17.444722,Grossiste Dakar,grossisteRepartiteur,Dakar,normal
153b7d1470974b7da2936931a90be95e,45XKREDHY3XH,reception,2026-09-09 10:54:02.829577,14.704229,-17.445971,Grossiste Dakar,grossisteRepartiteur,Dakar,normal
649e3d79745e4a709b33fada8b71288e,7Z7U6VMJTBRX,reception,2026-09-09 10:54:17.720896,14.703475,-17.444671,Grossiste Dakar,grossisteRepartiteur,Dakar,normal
b31748ab7ab24d98b9585107509f99d9,7R844FGC5AJR,dispensation,2026-09-09 11:11:10.398330,14.698829,-17.464507,Officine off.dakar3,officine,Dakar,normal
405be3c40d2b41ae832e083144adbdec,YYAJUN9MJCSH,reception,2026-09-09 11:18:52.162186,14.699195,-17.464178,Officine off.dakar3,officine,Dakar,normal
c82b21869f07461d87739b86b7b6a0f5,Z4K5GFES57VN,reception,2026-09-09 11:49:14.788469,14.802223,-16.923169,Officine off.thies1,officine,Thies,normal
36064e35fc684e82ba56c067c9a27774,QPXTD7HC9XFY,reception,2026-09-09 11:49:22.049193,14.804031,-16.92298,Officine off.thies1,officine,Thies,normal
e7d12798ef21465bbdedc21917dbe765,HFUF7W2Y74R5,reception,2026-09-09 11:49:28.143022,14.803695,-16.924984,Officine off.thies1,officine,Thies,normal
3b91b61b6b404d4bb3a67293ad8b808a,6V7T8B8P284S,reception,2026-09-09 11:49:37.619993,14.801702,-16.923016,Officine off.thies1,officine,Thies,normal
31a807f57a524f2188905611bf095370,4H3DDFGZA967,dispensation,2026-09-09 11:53:54.636590,12.587903,-16.266656,Officine off.ziguinchor1,officine,Ziguinchor,normal
87747da73dfa44289ef22d15d0757fe5,WHHYVS6YR4XC,dispensation,2026-09-09 15:12:06.736806,15.610819,-16.252909,Officine off.louga1,officine,Louga,normal
1287c4abdb8e401fa199d3a5822804c6,6WXG9Y8E7N52,expedition,2026-09-09 15:31:18.967090,13.75784,-13.677692,SR Tambacounda,SR,Tambacounda,normal
8c9432a8f4d1464bbddf812941b94186,VUDRP3AWAGKV,expedition,2026-09-09 15:31:31.021459,13.75696,-13.678695,SR Tambacounda,SR,Tambacounda,normal
f3f064c4b66d487f8d8e82a2ad4f214e,EQUJJPTW47G7,expedition,2026-09-09 15:31:45.244397,13.758259,-13.678557,SR Tambacounda,SR,Tambacounda,normal
6d117c707cd141e6a0b104806a9806fb,SRQERHQ25RWA,expedition,2026-09-09 15:31:52.807170,13.75631,-13.680047,SR Tambacounda,SR,Tambacounda,normal
7c6873c36abe45a18b3d34833dd50567,FBP6MQ3WKFRK,dispensation,2026-09-09 16:47:57.757669,14.683672,-16.256034,Officine off.diourbel1,officine,Diourbel,normal
3ba5f6e73af64ae9aaeb86fa0559ce4d,4ECCWSRYNWSK,dispensation,2026-09-10 08:13:00,14.682211,-16.255387,Officine off.diourbel1,officine,Diourbel,normal
ac84293e1f104080a80819c179a2e90f,AAHU46NYG6AN,dispensation,2026-09-10 08:13:00,12.590648,-16.26416,Officine off.ziguinchor1,officine,Ziguinchor,normal
7d7431ae473f4ae782c646864e774666,HD5UU278YJU7,dispensation,2026-09-10 08:33:00,14.803585,-16.925608,Officine off.thies1,officine,Thies,normal
dfe4e3a57d3644e2b6935b5ffa4bdd76,5QWRX9BE7TZ2,dispensation,2026-09-10 08:37:00,12.589761,-16.266375,Officine off.ziguinchor1,officine,Ziguinchor,normal
829a9a4242da4f799aff5af3802722fd,ANGTSA7B4YGF,dispensation,2026-09-10 08:46:00,15.608671,-16.253572,Officine off.louga1,officine,Louga,normal
55b4da6a9af342df855500337b133284,GY2EN4C5KHMQ,expedition,2026-09-10 08:51:00,14.7043,-17.446962,Grossiste Dakar,grossisteRepartiteur,Dakar,normal
2b53a540c75747428f14e92bb8e6038a,TUSFHUKV4WR5,expedition,2026-09-10 08:51:11.084783,14.703961,-17.444823,Grossiste Dakar,grossisteRepartiteur,Dakar,normal
5b7627db96804a86bdbaa12a3e01a276,8S9M3Q4MSDW8,expedition,2026-09-10 08:51:18.902739,14.70506,-17.447239,Grossiste Dakar,grossisteRepartiteur,Dakar,normal
a66dea1e0c814372aa77f1cfbd142ff7,UCEDUT79S22J,expedition,2026-09-10 08:51:29.756072,14.704018,-17.444437,Grossiste Dakar,grossisteRepartiteur,Dakar,normal
953e02b9da62400ca6fa5611db59e640,9RCY96ECSR5D,expedition,2026-09-10 08:51:40.191108,14.70516,-17.446037,Grossiste Dakar,grossisteRepartiteur,Dakar,normal
b01b340f387945bf8fbaac57acc7135e,45XKREDHY3XH,expedition,2026-09-10 08:51:46.391375,14.703195,-17.446898,Grossiste Dakar,grossisteRepartiteur,Dakar,normal
b8f43e5b6d3540a6b88326864286de41,6WXG9Y8E7N52,reception,2026-09-10 09:01:00,13.754057,-13.673798,Officine off.tamba1,officine,Tambacounda,normal
2a133383643d4454b3be3eeda405426f,VUDRP3AWAGKV,reception,2026-09-10 09:01:11.225486,13.753943,-13.674345,Officine off.tamba1,officine,Tambacounda,normal
f7f7d236c1e8462f8b4280bef767cac5,EQUJJPTW47G7,reception,2026-09-10 09:01:24.969432,13.755108,-13.672888,Officine off.tamba1,officine,Tambacounda,normal
790e47ad90b7446589492efb65afb696,SRQERHQ25RWA,reception,2026-09-10 09:01:35.575417,13.756105,-13.67414,Officine off.tamba1,officine,Tambacounda,normal
046cd4f8fed9451a82d813b482e8459f,DT8CZCNKC64G,dispensation,2026-09-10 09:04:00,14.801393,-16.92343,Officine off.thies1,officine,Thies,normal
81fd2b9efd014a94830f2cb8de3d7967,2T74J44TEKH6,expedition,2026-09-10 09:05:00,14.702787,-17.445795,Grossiste Dakar,grossisteRepartiteur,Dakar,normal
0781dcfa467f43e784a3b9a2dbfa761a,Q6KEB77F376G,expedition,2026-09-10 09:05:12.788932,14.702873,-17.444893,Grossiste Dakar,grossisteRepartiteur,Dakar,normal
c40afa7b0e07453a9576fed1417b5712,8TTMGQ3R9KY8,expedition,2026-09-10 09:05:25.893835,14.70442,-17.446194,Grossiste Dakar,grossisteRepartiteur,Dakar,normal
b379ed2cddc24ad295d77b15b97ea9b4,M4DVN7XAS66D,expedition,2026-09-10 09:05:40.812830,14.704822,-17.446091,Grossiste Dakar,grossisteRepartiteur,Dakar,normal
e92726738c424754a581b1d49823cd77,UY7XKWU9R3ZV,expedition,2026-09-10 09:05:52.399107,14.704396,-17.446909,Grossiste Dakar,grossisteRepartiteur,Dakar,normal
39373bd0f5624d4fa4f407ee7f7cbcf5,JA2V5SMGX284,expedition,2026-09-10 09:05:59.424999,14.703071,-17.446918,Grossiste Dakar,grossisteRepartiteur,Dakar,normal
0e691fe24a894ecd9890066fbcfa3a78,VVTPVN8RNYNU,expedition,2026-09-10 09:28:00,14.705503,-17.444356,Grossiste Dakar,grossisteRepartiteur,Dakar,normal
cd4025c8ca3e4514b3f1937b3d1495f3,6BD86B6443PC,expedition,2026-09-10 09:28:12.092219,14.703493,-17.447018,Grossiste Dakar,grossisteRepartiteur,Dakar,normal
2bec516257bf4b7b8723479be5bdcc13,WJMG37VFHE9U,expedition,2026-09-10 09:28:22.686935,14.703475,-17.446962,Grossiste Dakar,grossisteRepartiteur,Dakar,normal
c53fdf28e8c84415a7305ff9eba691a7,NPWXE6KXDY89,expedition,2026-09-10 10:45:58.168609,14.70368,-17.444288,Grossiste Dakar,grossisteRepartiteur,Dakar,normal
9e0541eb4ecc4fe48f7ed106acf767a9,AJYWT3H58VPM,expedition,2026-09-10 10:46:04.464569,14.70431,-17.445687,Grossiste Dakar,grossisteRepartiteur,Dakar,normal
5bc0dcd0d8b84666a1e9f0106fd44996,AYYRYZ7M67TC,expedition,2026-09-10 10:46:11.514879,14.70498,-17.44639,Grossiste Dakar,grossisteRepartiteur,Dakar,normal
3294e0916c7b4ccf9434f56f10dfc2da,Y7X3NRB8852X,expedition,2026-09-10 10:46:18.909744,14.702613,-17.445437,Grossiste Dakar,grossisteRepartiteur,Dakar,normal
9d4ac07c30d84d698fa2dccade330191,YQ562UUNB4MG,expedition,2026-09-10 10:46:32.522962,14.703783,-17.444921,Grossiste Dakar,grossisteRepartiteur,Dakar,normal
be2252de4cd74adeb536aadbe0730e1f,ZYEMZCNT8K4Z,expedition,2026-09-10 10:46:43.989344,14.703327,-17.446696,Grossiste Dakar,grossisteRepartiteur,Dakar,normal
ee7cf00c73e54004b2d077c65c4aacd0,MWX3EE3H9UXW,reception,2026-09-10 11:24:40.878484,14.683457,-16.255382,Officine off.diourbel1,officine,Diourbel,normal
ac433f369d5a4dee8f68da3046c3adc4,5GHH9EMGCGY6,reception,2026-09-10 11:24:53.743322,14.682513,-16.255,Officine off.diourbel1,officine,Diourbel,normal
57997bf1cd31413e880cb87c1a3516d4,BS2J743GDKXX,reception,2026-09-10 11:25:07.125830,14.681156,-16.255491,Officine off.diourbel1,officine,Diourbel,normal
e1ccfc397e684702b30db51beafb9170,D3B4JRUKR9V5,reception,2026-09-10 11:25:18.276471,14.683154,-16.256178,Officine off.diourbel1,officine,Diourbel,normal
c3bcde96ac864dacae36020f7d80f81f,7URWYMC8DKHG,reception,2026-09-10 11:25:25.337101,14.683447,-16.255284,Officine off.diourbel1,officine,Diourbel,normal
a6b32b21bb494525a446d745e7c65d6c,BUKR4X4W2NYD,reception,2026-09-10 11:25:32.424767,14.682705,-16.256331,Officine off.diourbel1,officine,Diourbel,normal
4e8dfd00a132423fba415a3d23edc11c,FTESXZDWZYDN,reception,2026-09-10 11:25:44.073583,14.683848,-16.256839,Officine off.diourbel1,officine,Diourbel,normal
b0127298a43d4d018d8215747fccbab4,MNYJTVDGVKMF,reception,2026-09-10 11:25:58.974117,14.681061,-16.256613,Officine off.diourbel1,officine,Diourbel,normal
597e8bcc1d6147b6a658c32a8a53da44,TY7NPAGKY2RY,dispensation,2026-09-10 11:38:44.181842,15.610326,-16.252699,Officine off.louga1,officine,Louga,normal
5706145bca17493da58b76863883caf1,MZU547A2P5PT,dispensation,2026-09-10 13:31:40.768406,16.008527,-16.51838,Officine off.saintlouis1,officine,Saint-Louis,normal
039d21e007074c62aa887209e4e8bd7e,JF7FQE4DTS7Y,dispensation,2026-09-10 13:42:41.150126,14.700808,-17.438608,Officine off.dakar1,officine,Dakar,normal
937604669bdb40b6a3fd9bd1d6e7c1c7,QQAT85HJNE5C,dispensation,2026-09-10 15:24:06.864197,14.812616,-16.925132,Officine off.thies2,officine,Thies,normal
968a6d88d3614929a02a1e134fd721c1,KDUP9R9JG2QX,dispensation,2026-09-10 16:11:08.172541,14.682774,-16.256702,Officine off.diourbel1,officine,Diourbel,normal
76e7b84366f1460c884786b095c47b67,N38CU2V7UQCD,dispensation,2026-09-11 08:01:00,14.698986,-17.464246,Officine off.dakar3,officine,Dakar,normal
23fe79b4354d4f838fdb3b78d1f27d09,MWZAPA4A3VB3,dispensation,2026-09-11 08:05:00,14.143973,-16.063836,Officine off.kaolack1,officine,Kaolack,normal
974ae311b34248419b66ffc1f7ac2b71,9FUS662SMS8H,expedition,2026-09-11 08:22:00,14.703126,-17.445001,Grossiste Dakar,grossisteRepartiteur,Dakar,normal
dd55760eb7e4429f9b18129e8d608b80,VVTPVN8RNYNU,reception,2026-09-11 08:22:00,14.762307,-16.915674,SR Thies,SR,Thies,normal
7f47eda68f7c44cf989d2b2516519042,EFBNJRJT46AG,expedition,2026-09-11 08:22:10.467708,14.704671,-17.447051,Grossiste Dakar,grossisteRepartiteur,Dakar,normal
c4cbec96425a4a638dfa8d79f1b5643a,6BD86B6443PC,reception,2026-09-11 08:22:14.299370,14.762274,-16.916726,SR Thies,SR,Thies,normal
1cdd160f86db4ed58afbdef4bea9bba3,848NGZKC8WQR,expedition,2026-09-11 08:22:23.736821,14.705522,-17.446129,Grossiste Dakar,grossisteRepartiteur,Dakar,normal
0535a5f690f5434ea692c78ef376691b,WJMG37VFHE9U,reception,2026-09-11 08:22:25.242878,14.7636,-16.916129,SR Thies,SR,Thies,normal
21f351dc16d340bd902345a4c34a0a0e,X6ZHHPED424K,expedition,2026-09-11 08:22:33.116594,14.704467,-17.446398,Grossiste Dakar,grossisteRepartiteur,Dakar,normal
7bb9a2989fa840a983f8af2c4f8770b9,AAS8Q9WE7CWU,expedition,2026-09-11 08:22:42.206467,14.704574,-17.444489,Grossiste Dakar,grossisteRepartiteur,Dakar,normal
fcb657ed5a0042dfa0df3d85b538aa03,YE6HADB3UGFN,expedition,2026-09-11 08:22:52.998210,14.703712,-17.444759,Grossiste Dakar,grossisteRepartiteur,Dakar,normal
8719b2fcfc334cafa23ea16373528528,YCQYD58WKJ42,expedition,2026-09-11 08:23:02.147953,14.703412,-17.446639,Grossiste Dakar,grossisteRepartiteur,Dakar,normal
9542d044129e4a4f949c69bdcad6c896,R62RD4G7CBTJ,expedition,2026-09-11 08:23:16.157869,14.703081,-17.446267,Grossiste Dakar,grossisteRepartiteur,Dakar,normal
9b2fa66634f34b49be268f972401e8d6,ZDVD6XXWNU8H,dispensation,2026-09-11 08:24:00,14.682477,-16.256084,Officine off.diourbel1,officine,Diourbel,normal
348898ff5d7c4a32a5e076ade1a2144b,7NNN8PMH3E9P,expedition,2026-09-11 08:53:00,14.705478,-17.446711,Grossiste Dakar,grossisteRepartiteur,Dakar,normal
2c6d5280c2aa4d0584b2affdaf80f5af,EASVD7VEE529,expedition,2026-09-11 08:53:13.229130,14.704937,-17.446226,Grossiste Dakar,grossisteRepartiteur,Dakar,normal
ff42d04c9e744529af6fe074e668cca5,JPWVUH5ZF562,expedition,2026-09-11 08:53:27.761026,14.704872,-17.44454,Grossiste Dakar,grossisteRepartiteur,Dakar,normal
3aa2984682414729a4c32d2ddc50fc42,Z8BCVWDF3HJB,expedition,2026-09-11 08:53:37.339490,14.702836,-17.446071,Grossiste Dakar,grossisteRepartiteur,Dakar,normal
6326cace4af94b2cbe595b307f3a8c5c,CP7MDBUBBP4R,expedition,2026-09-11 08:53:49.358059,14.704116,-17.444675,Grossiste Dakar,grossisteRepartiteur,Dakar,normal
a3754b39bb5240b68a3483f89da7dd70,FUHKNA3T5BBN,expedition,2026-09-11 08:53:59.627252,14.705114,-17.446285,Grossiste Dakar,grossisteRepartiteur,Dakar,normal
3c83dc4e01ec425ba6b8481532ccceb3,7M9V7RT4P47R,expedition,2026-09-11 08:54:07.165116,14.705128,-17.445723,Grossiste Dakar,grossisteRepartiteur,Dakar,normal
5c6d32fcdd8245bba88cf3958cf4c2a2,QBJ6FMNBE4DH,expedition,2026-09-11 08:54:13.948730,14.703767,-17.444516,Grossiste Dakar,grossisteRepartiteur,Dakar,normal
da8ddd589f574541a5c5feb42581ce1d,VWRWFH47Q83X,expedition,2026-09-11 08:54:21.622712,14.704833,-17.445266,Grossiste Dakar,grossisteRepartiteur,Dakar,normal
e1e8c91eb0484293b81ef28ef11dcc98,GYUGJ9VGJKGT,expedition,2026-09-11 08:54:31.344140,14.705031,-17.445431,Grossiste Dakar,grossisteRepartiteur,Dakar,normal
8366297939974114a334be93a14d3400,7Z7U6VMJTBRX,expedition,2026-09-11 08:54:37.491617,14.702925,-17.445289,Grossiste Dakar,grossisteRepartiteur,Dakar,normal
456e3027f5ca4a188e91fc800082997d,FAC6JXSA82UB,expedition,2026-09-11 08:58:00,14.705036,-17.44697,Grossiste Dakar,grossisteRepartiteur,Dakar,normal
a0c3f91c096345408ae6b877906413ac,SNXABEAWWB9N,expedition,2026-09-11 08:58:06.542211,14.705143,-17.446449,Grossiste Dakar,grossisteRepartiteur,Dakar,normal
3961cc770bf24799af1cff98375d97e1,BE98M3JU9PJ6,expedition,2026-09-11 08:58:16.502797,14.70347,-17.446229,Grossiste Dakar,grossisteRepartiteur,Dakar,normal
7ad64dbb998f4eb6830b50f49559e32b,CWY2SJZZ98BP,expedition,2026-09-11 08:58:23.743776,14.70307,-17.444456,Grossiste Dakar,grossisteRepartiteur,Dakar,normal
e9687a15e67046beadc32b4636acd775,EJ95NEJZCC7K,dispensation,2026-09-11 09:02:00,15.610386,-16.252126,Officine off.louga1,officine,Louga,normal
c693649c2c7d48b4845177389649e911,2T74J44TEKH6,reception,2026-09-11 09:04:40.424915,14.684033,-16.243782,SR Diourbel,SR,Diourbel,normal
797d0a4b903948abbd0891d6d0004bc9,Q6KEB77F376G,reception,2026-09-11 09:04:46.790177,14.685153,-16.244375,SR Diourbel,SR,Diourbel,normal
5b80ddb6530748b3909b123184b07348,8TTMGQ3R9KY8,reception,2026-09-11 09:05:01.530129,14.682697,-16.24239,SR Diourbel,SR,Diourbel,normal
f73eac451c2c42d9bc68aaee7809d2be,M4DVN7XAS66D,reception,2026-09-11 09:05:12.067217,14.685332,-16.244597,SR Diourbel,SR,Diourbel,normal
2501ccf939c341c4b9d786441831cc03,UY7XKWU9R3ZV,reception,2026-09-11 09:05:26.020446,14.68254,-16.241827,SR Diourbel,SR,Diourbel,normal
acf3ff1cebf24e03855f0f504c4b073f,JA2V5SMGX284,reception,2026-09-11 09:05:39.144166,14.685084,-16.243901,SR Diourbel,SR,Diourbel,normal
07e8574577f24ff6813d89ab59512930,VMXRHDBDN6RX,dispensation,2026-09-11 09:06:00,14.812667,-16.923638,Officine off.thies2,officine,Thies,normal
e9e769046abe4e78b281f90430548bd7,DWBPAQ3V3VPP,expedition,2026-09-11 09:21:00,14.704841,-17.444261,Grossiste Dakar,grossisteRepartiteur,Dakar,normal
199bf6bbc5ed4417a2e2ff6915a1df49,6CUR8FFFPA73,expedition,2026-09-11 09:21:06.630192,14.703227,-17.446389,Grossiste Dakar,grossisteRepartiteur,Dakar,normal
7501b61e951940a5852077ad5c8c794a,H3XX5R7NSZTG,expedition,2026-09-11 09:21:17.644419,14.705536,-17.445719,Grossiste Dakar,grossisteRepartiteur,Dakar,normal
d09a2f00ab634c668042a3f8a8f0b44b,VVAXDJ4VCCJU,expedition,2026-09-11 09:21:29.513880,14.704497,-17.446194,Grossiste Dakar,grossisteRepartiteur,Dakar,normal
31f71e9acf8b4da29453c64a04681ce9,YKT25KGXTR9D,expedition,2026-09-11 09:21:40.277342,14.703433,-17.445413,Grossiste Dakar,grossisteRepartiteur,Dakar,normal
614cc1cbfa8f41d1877c3e1b5a4f454e,PXZ3Y7VGYFA7,expedition,2026-09-11 09:21:49.057262,14.703649,-17.446723,Grossiste Dakar,grossisteRepartiteur,Dakar,normal
a7d2fcbf491e450295b782b4f3316370,NPWXE6KXDY89,reception,2026-09-11 10:04:13.483738,14.665735,-17.462918,SR Dakar,SR,Dakar,normal
ff4ebc17ee5f4f9a97ad7ce7f7c9cc53,AJYWT3H58VPM,reception,2026-09-11 10:04:24.201028,14.667607,-17.464473,SR Dakar,SR,Dakar,normal
9e12241d4db94dc9961f419c6100c8ea,AYYRYZ7M67TC,reception,2026-09-11 10:04:38.378774,14.667672,-17.46499,SR Dakar,SR,Dakar,normal
b77fe3221ae348e49c74fb44d5c210da,Y7X3NRB8852X,reception,2026-09-11 10:04:48.470103,14.666512,-17.46301,SR Dakar,SR,Dakar,normal
20933007feb849cd84c4555fc3c06314,YQ562UUNB4MG,reception,2026-09-11 10:04:55.210208,14.667779,-17.464634,SR Dakar,SR,Dakar,normal
64fa39e7cc324023b83c4413a12b97ef,ZYEMZCNT8K4Z,reception,2026-09-11 10:05:06.550585,14.668272,-17.463897,SR Dakar,SR,Dakar,normal
ee7d709c654d4fa292832201a50b78f2,MZ54J5X7XZCW,dispensation,2026-09-11 10:09:48.403727,13.754957,-13.674416,Officine off.tamba1,officine,Tambacounda,normal
f9c35435555d4ac588cffb163c609df8,QWZ94REGNFTQ,dispensation,2026-09-11 12:05:06.449393,12.588724,-16.266857,Officine off.ziguinchor1,officine,Ziguinchor,normal
0430bc979b7a40da9ba1ee65b776513f,K6B2QAA6WFP7,dispensation,2026-09-11 12:44:35.797203,14.813145,-16.92391,Officine off.thies2,officine,Thies,normal
02b521cb53034d0b8936d07bec4b1e80,A9MXWUZX9J9F,dispensation,2026-09-11 15:02:18.564764,14.700745,-17.439165,Officine off.dakar1,officine,Dakar,normal
3a91b63905a84f818690dd5c33676319,E9X2QCJVYS6U,dispensation,2026-09-11 17:09:39.280446,15.608808,-16.250606,Officine off.louga1,officine,Louga,normal
961e584976c64fcba51936c42569ae9c,DWBPAQ3V3VPP,reception,2026-09-11 17:29:04.616495,14.15287,-16.044806,SR Kaolack,SR,Kaolack,normal
f6de0ab14d634adb819e3e7648f74328,6CUR8FFFPA73,reception,2026-09-11 17:29:12.983223,14.152419,-16.042788,SR Kaolack,SR,Kaolack,normal
fc9e1672f52d415487f5760fb2c3ec56,H3XX5R7NSZTG,reception,2026-09-11 17:29:26.846118,14.15158,-16.044295,SR Kaolack,SR,Kaolack,normal
bd1e129ef1a6441094da43f227c3e800,VVAXDJ4VCCJU,reception,2026-09-11 17:29:40.867021,14.153024,-16.042182,SR Kaolack,SR,Kaolack,normal
f30c09dc488e410a9fce24f1149f70f9,YKT25KGXTR9D,reception,2026-09-11 17:29:50.570830,14.153396,-16.044499,SR Kaolack,SR,Kaolack,normal
4a955b642754413c93f33de59ffb6211,PXZ3Y7VGYFA7,reception,2026-09-11 17:29:56.623239,14.153682,-16.043421,SR Kaolack,SR,Kaolack,normal
890cbff320724c68825adbd585028ea1,7NNN8PMH3E9P,reception,2026-09-12 08:01:00,15.625966,-16.241128,SR Louga,SR,Louga,normal
60ebf997d0754a418bc47d42d8912c01,EASVD7VEE529,reception,2026-09-12 08:01:12.356201,15.628082,-16.24223,SR Louga,SR,Louga,normal
34099f5a6e1c4ae8b392dc0d1c80727a,JPWVUH5ZF562,reception,2026-09-12 08:01:23.323912,15.626415,-16.242924,SR Louga,SR,Louga,normal
43949f2bc37c4d7ea98d45dee7b4b609,Z8BCVWDF3HJB,reception,2026-09-12 08:01:37.013856,15.627041,-16.241597,SR Louga,SR,Louga,normal
19b56216fd82434984e1651bf6354d0c,CP7MDBUBBP4R,reception,2026-09-12 08:01:43.486998,15.626753,-16.240847,SR Louga,SR,Louga,normal
909a2d6c24d64cff95dd388325bc41dc,FUHKNA3T5BBN,reception,2026-09-12 08:01:53.425079,15.625541,-16.242402,SR Louga,SR,Louga,normal
1ea2c162f42c41338e59b98493566202,7M9V7RT4P47R,reception,2026-09-12 08:02:02.351863,15.627907,-16.243249,SR Louga,SR,Louga,normal
9f6162f801c146dc926bf11363bb5865,QBJ6FMNBE4DH,reception,2026-09-12 08:02:08.710624,15.626224,-16.242801,SR Louga,SR,Louga,normal
e7ff148920d94097bcda3ad68e0010db,VWRWFH47Q83X,reception,2026-09-12 08:02:15.841512,15.62562,-16.241262,SR Louga,SR,Louga,normal
64f05c117bda4a66834d078ea6248e5f,GYUGJ9VGJKGT,reception,2026-09-12 08:02:26.707506,15.625491,-16.240812,SR Louga,SR,Louga,normal
b397427488ae455e981b9ff06bef3923,7Z7U6VMJTBRX,reception,2026-09-12 08:02:38.097836,15.628138,-16.243087,SR Louga,SR,Louga,normal
030d6b25f240463ab834ded6c6471b1a,AURQSXT33MZC,dispensation,2026-09-12 08:08:00,14.160313,-16.062131,Officine off.kaolack2,officine,Kaolack,ruptureSequence
593af7baa0e146e1b9a3e0a316b18ed3,DKGZU5XFS4WT,dispensation,2026-09-12 08:10:00,14.681271,-16.255468,Officine off.diourbel1,officine,Diourbel,normal
a70fd037646142d7b20260652f7c1ab1,2T74J44TEKH6,expedition,2026-09-12 08:11:00,14.68536,-16.241991,SR Diourbel,SR,Diourbel,normal
8001d7a28056403fa49aa906b476f5c3,Q6KEB77F376G,expedition,2026-09-12 08:11:14.832071,14.68437,-16.24454,SR Diourbel,SR,Diourbel,normal
c0b2244e2ed0433dbbfbf840fe3f7c93,8TTMGQ3R9KY8,expedition,2026-09-12 08:11:25.406372,14.684816,-16.24389,SR Diourbel,SR,Diourbel,normal
e046eaf1feba4868b19a32a476e449fe,M4DVN7XAS66D,expedition,2026-09-12 08:11:32.718115,14.684814,-16.243019,SR Diourbel,SR,Diourbel,normal
c962e8618f1b4314bf69f1d915aee65d,UY7XKWU9R3ZV,expedition,2026-09-12 08:11:46.867953,14.683218,-16.242047,SR Diourbel,SR,Diourbel,normal
8614bee6ea6440ce96ecc0e0a030b9bb,JA2V5SMGX284,expedition,2026-09-12 08:11:56.242136,14.682843,-16.242176,SR Diourbel,SR,Diourbel,normal
7f388f259af54b0085553fdcf15092e1,VVTPVN8RNYNU,expedition,2026-09-12 08:22:00,14.762381,-16.915718,SR Thies,SR,Thies,normal
389cd68165e444e1a6fcfb18668cbd30,6BD86B6443PC,expedition,2026-09-12 08:22:13.184661,14.763648,-16.915027,SR Thies,SR,Thies,normal
4240ea128d11426fb71db16df4b93f36,WJMG37VFHE9U,expedition,2026-09-12 08:22:22.403285,14.761657,-16.914165,SR Thies,SR,Thies,normal
7bf311ce8ef940199b9c970f1c6a4398,GMYCV8SR728G,expedition,2026-09-12 08:27:00,14.719135,-17.468601,Laboratoire Historique,fabricant,Dakar,normal
786bdb4d8101433aa81a05e9f29ecccc,J639QGFH62A6,expedition,2026-09-12 08:27:14.163548,14.718028,-17.471347,Laboratoire Historique,fabricant,Dakar,normal
960e84c63319477e91cdd42af2ad2a68,EG5YH2RU4D24,expedition,2026-09-12 08:27:22.917201,14.717192,-17.471016,Laboratoire Historique,fabricant,Dakar,normal
ed5d6caf7a0640d795da1da2015b91c2,Q7MZ96BJTSMF,expedition,2026-09-12 08:27:29.767954,14.718587,-17.471353,Laboratoire Historique,fabricant,Dakar,normal
ecc1504355174b2783d9e88e921b1f8c,J48NTCVBXCRN,expedition,2026-09-12 08:27:43.568987,14.717858,-17.471482,Laboratoire Historique,fabricant,Dakar,normal
2c8f5ab33b764bbd845ea1d7d78427fe,TW63KSX7EHNS,expedition,2026-09-12 08:27:53.993517,14.717472,-17.468685,Laboratoire Historique,fabricant,Dakar,normal
0f2dae7ff8a245888f52d0d1e3af5543,UC7Y4EMVSU3T,expedition,2026-09-12 08:28:00.419225,14.718457,-17.46909,Laboratoire Historique,fabricant,Dakar,normal
484dc60fc2f94f8ab41804675540096d,C4MRH5857K2X,expedition,2026-09-12 08:28:11.526169,14.718385,-17.470909,Laboratoire Historique,fabricant,Dakar,normal
1fd6524a889e4070ab46e643ee8d2d37,PZK2CZUGYPRG,expedition,2026-09-12 08:28:25.557216,14.719182,-17.468923,Laboratoire Historique,fabricant,Dakar,normal
f2b7e1e484534cc49d97f09d43fa83b8,DHDVKAN4ZAK7,expedition,2026-09-12 08:28:36.070076,14.717894,-17.470229,Laboratoire Historique,fabricant,Dakar,normal
0b156c68be804cfc9531a620a2b4621b,HW6Z6Y6ZKWS5,expedition,2026-09-12 08:28:48.274505,14.719305,-17.471335,Laboratoire Historique,fabricant,Dakar,normal
b0b48abece8d4ae4af07637556ad94b2,T2STYP9M6Z7F,expedition,2026-09-12 08:28:55.225278,14.718787,-17.469168,Laboratoire Historique,fabricant,Dakar,normal
cf7ee3df56664e5dbebdbc96bd2bb533,F8TXHHK3VNQQ,expedition,2026-09-12 08:29:03.565425,14.716944,-17.471489,Laboratoire Historique,fabricant,Dakar,normal
56af0c7b27134b89a7a9cda6f4431f77,E9ZCYYEY6QS6,expedition,2026-09-12 08:29:14.793834,14.718911,-17.468762,Laboratoire Historique,fabricant,Dakar,normal
2b14b45431c746ecb4055c9108346be9,HPZY39Y73YN2,expedition,2026-09-12 08:29:27.439107,14.718176,-17.471087,Laboratoire Historique,fabricant,Dakar,normal
1be0109b728f48c2a5e33e29972c7143,XMKV72GN47UP,expedition,2026-09-12 08:29:35.335981,14.719069,-17.470014,Laboratoire Historique,fabricant,Dakar,normal
22c5f35d89fa46ff8bf86547b8e218c4,UA238KDW9Y9E,expedition,2026-09-12 08:29:47.209475,14.718155,-17.471281,Laboratoire Historique,fabricant,Dakar,normal
491ce9406cef43d78a2a98c604182677,KRF7Y2JE8PXZ,expedition,2026-09-12 08:29:54.548310,14.71683,-17.470055,Laboratoire Historique,fabricant,Dakar,normal
a41d5108fac449ef91605ab7f50dbd51,AYYRYZ7M67TC,expedition,2026-09-12 08:30:00,14.667474,-17.463737,SR Dakar,SR,Dakar,normal
d99f8a1c6b8a454a98c8c225b11479b9,QJ32P5GRDR6S,expedition,2026-09-12 08:30:00.898061,14.718123,-17.470146,Laboratoire Historique,fabricant,Dakar,normal
aa8b7d52b4e04136a80399c4e4657350,XFWZRAQT6Q8S,expedition,2026-09-12 08:30:06.988707,14.7164,-17.469567,Laboratoire Historique,fabricant,Dakar,normal
9ce7fe3251c44944b1b97afcfc551a6f,2579SPCSBE96,expedition,2026-09-12 08:30:17.852209,14.716628,-17.470045,Laboratoire Historique,fabricant,Dakar,normal
fa8b76d5fa2f4a36877c61490727f45f,7S3XWZ57F2KH,expedition,2026-09-12 08:30:27.028005,14.71693,-17.469777,Laboratoire Historique,fabricant,Dakar,normal
8c190ae66171427ba93a960f76420bf6,EYRNJ3RW47D3,expedition,2026-09-12 08:30:37.416220,14.717139,-17.469976,Laboratoire Historique,fabricant,Dakar,normal
d1199f140e2943929783b6c9281166f3,E2J2GRVWWXNJ,expedition,2026-09-12 08:30:49.431742,14.71732,-17.470201,Laboratoire Historique,fabricant,Dakar,normal
9f09d30ab37841468bb7d148b2709ca0,DDQJ6NR3VSEJ,expedition,2026-09-12 08:30:58.517016,14.717745,-17.470542,Laboratoire Historique,fabricant,Dakar,normal
aa12245b50204e3fb69e438eac16ba91,4VU7SBFCHTCD,expedition,2026-09-12 08:31:10.921995,14.717871,-17.469901,Laboratoire Historique,fabricant,Dakar,normal
a89b0df18b32442893d90a8745e1ade8,XF7K5MAXEZVB,expedition,2026-09-12 08:31:20.156838,14.719088,-17.469876,Laboratoire Historique,fabricant,Dakar,normal
16abd32e23ea4d35ad1aceb24120fbb8,K4FFER3HSDDY,expedition,2026-09-12 08:31:28.678711,14.716584,-17.468855,Laboratoire Historique,fabricant,Dakar,normal
72c934035bf24bb49ffeaff1cc3a25f6,WS7MECA7T63V,expedition,2026-09-12 08:31:40.390207,14.718452,-17.469724,Laboratoire Historique,fabricant,Dakar,normal
90b8d6f8f0234688a538634e7cc533e9,8PRSFGZRYE3V,expedition,2026-09-12 08:31:47.725856,14.718277,-17.469504,Laboratoire Historique,fabricant,Dakar,normal
1365927f94ca42b8a5269c78d44c6e52,AFERVM9FP2AR,expedition,2026-09-12 08:32:00.374512,14.717153,-17.470665,Laboratoire Historique,fabricant,Dakar,normal
209e6ed5ddcc44a691a61c977ae83766,WDYBBW7PY8MR,expedition,2026-09-12 08:32:06.419505,14.718269,-17.470821,Laboratoire Historique,fabricant,Dakar,normal
eb349b1f81af4ce689529b51330d4fee,KAK3C8SNEMFT,expedition,2026-09-12 08:32:12.988071,14.717498,-17.471101,Laboratoire Historique,fabricant,Dakar,normal
dd7266a2a9714186905f3bcf0aac4293,GM5HH72ESDEN,expedition,2026-09-12 08:32:24.418278,14.718931,-17.469372,Laboratoire Historique,fabricant,Dakar,normal
dcaba139370a4f56a2fdb4ce2dcf665f,SRYFP2AFFBEU,expedition,2026-09-12 08:32:39.013950,14.719238,-17.468959,Laboratoire Historique,fabricant,Dakar,normal
9a75f022317b429dae6d0bfbdc249cc6,J3MGY93G2VMX,expedition,2026-09-12 08:32:51.269683,14.717124,-17.470207,Laboratoire Historique,fabricant,Dakar,normal
b239239643c749c5b1113ed01db3557f,C5J424V9U3R4,expedition,2026-09-12 08:33:04.482428,14.717797,-17.470485,Laboratoire Historique,fabricant,Dakar,normal
3c1dc6af1480462a98cbea7871fa8df9,EMTPS93UFRV3,expedition,2026-09-12 08:33:16.992154,14.718858,-17.471324,Laboratoire Historique,fabricant,Dakar,normal
aa73d0f8e4a745b3a1bae1d729dbd441,U5CJ3H26Z2BH,expedition,2026-09-12 08:33:31.970530,14.717272,-17.47067,Laboratoire Historique,fabricant,Dakar,normal
22d67d33eeb2465b8172ae5aec6c4f25,6GYWAKRCUV3W,expedition,2026-09-12 08:33:46.028307,14.718141,-17.468656,Laboratoire Historique,fabricant,Dakar,normal
3d38fa26f3e04c5ab8f37c11e469d118,5G5RV6GP75V6,expedition,2026-09-12 08:33:54.594234,14.7168,-17.469968,Laboratoire Historique,fabricant,Dakar,normal
f2f500ea28124d88bf4cdcdcca93631c,K9A9WYPZ9MNC,expedition,2026-09-12 08:34:03.671887,14.71905,-17.469738,Laboratoire Historique,fabricant,Dakar,normal
2b2c67063cc544db8669dbe51008daac,ZH8N3FKKUTF5,expedition,2026-09-12 08:34:12.707397,14.718149,-17.470122,Laboratoire Historique,fabricant,Dakar,normal
54824d9089504f5f875071f7b2e22afc,HQTXW7MEK6XE,expedition,2026-09-12 08:34:23.568269,14.718817,-17.471184,Laboratoire Historique,fabricant,Dakar,normal
284ee32660e74ad4be6a362a422de0e1,C7Q93P9UZUBT,expedition,2026-09-12 08:34:32.802300,14.718184,-17.471421,Laboratoire Historique,fabricant,Dakar,normal
1851a47346c8435a938b60bb71e8d234,5HMW5H8KRJDE,expedition,2026-09-12 08:34:43.683150,14.71831,-17.470867,Laboratoire Historique,fabricant,Dakar,normal
86755b849595411a9b6adef3eac0b79d,VSE5M82VJ9VR,expedition,2026-09-12 08:34:51.689484,14.71676,-17.469712,Laboratoire Historique,fabricant,Dakar,normal
58f4c06c8d4e43a3a46b81d07a0bead1,AGWFFM9JG94D,expedition,2026-09-12 08:35:04.849533,14.718962,-17.470884,Laboratoire Historique,fabricant,Dakar,normal
2124c94aba8949c2837f2cfbd9d50461,3ZPEKMKKSZHR,expedition,2026-09-12 08:35:16.684196,14.718188,-17.470935,Laboratoire Historique,fabricant,Dakar,normal
ad94af77d7934d0b9106142b0a8e9aec,6YYEEARVH9YY,expedition,2026-09-12 08:35:27.968878,14.718129,-17.470095,Laboratoire Historique,fabricant,Dakar,normal
dac055c8141f499d95a502d3fa34ec41,GY2EN4C5KHMQ,reception,2026-09-12 08:56:00,12.606677,-16.269595,SR Ziguinchor,SR,Ziguinchor,normal
b204ce3fb832480c9ab9278496b19189,TUSFHUKV4WR5,reception,2026-09-12 08:56:11.756753,12.607774,-16.271666,SR Ziguinchor,SR,Ziguinchor,normal
331506b155c24ae7913e833cc21cd162,8S9M3Q4MSDW8,reception,2026-09-12 08:56:24.191835,12.607078,-16.271633,SR Ziguinchor,SR,Ziguinchor,normal
eb0ff1f7329743a1b498b4e0c0cba7af,UCEDUT79S22J,reception,2026-09-12 08:56:30.286577,12.606227,-16.269948,SR Ziguinchor,SR,Ziguinchor,normal
a070b0eec90d416e8fd40b8e797765fe,9RCY96ECSR5D,reception,2026-09-12 08:56:40.288374,12.608098,-16.271683,SR Ziguinchor,SR,Ziguinchor,normal
7e01dc4e91194aa7ac61b6d2bbfdeb1a,45XKREDHY3XH,reception,2026-09-12 08:56:47.895342,12.605677,-16.271108,SR Ziguinchor,SR,Ziguinchor,normal
0da89217e6e64b07a26016d71e02c1db,QU2P4BJAXZGY,dispensation,2026-09-12 09:02:00,14.704819,-17.415625,Officine off.dakar2,officine,Dakar,normal
5572107ccac54da5a385949bbfd312a5,RGMA2TP8BHFN,dispensation,2026-09-12 09:08:00,15.60857,-16.251231,Officine off.louga1,officine,Louga,normal
666feecae05745c0ba59849b8acc1b7c,D8Y88NGWRNFY,dispensation,2026-09-12 10:04:11.593796,14.701941,-17.439754,Officine off.dakar1,officine,Dakar,normal
6d0e87bf4c7c414f99f45333cee0b08b,NPWXE6KXDY89,expedition,2026-09-12 12:19:04.816358,14.668101,-17.463282,SR Dakar,SR,Dakar,normal
499455665e844b81be69954939732c30,AJYWT3H58VPM,expedition,2026-09-12 12:19:11.247986,14.668111,-17.463341,SR Dakar,SR,Dakar,normal
a93d9e880d7c4157a0e890b31e328e5c,FAC6JXSA82UB,reception,2026-09-12 12:37:50.594073,16.013621,-16.514751,SR Saint-Louis,SR,Saint-Louis,normal
d525b5292f764988ad98da3990c023f4,SNXABEAWWB9N,reception,2026-09-12 12:37:58.393862,16.013161,-16.512318,SR Saint-Louis,SR,Saint-Louis,normal
6aaafc8d8ff74e0390a89bf0869abbe4,BE98M3JU9PJ6,reception,2026-09-12 12:38:05.816219,16.014171,-16.513551,SR Saint-Louis,SR,Saint-Louis,normal
a628321c4df346ea81438c4deb335bed,CWY2SJZZ98BP,reception,2026-09-12 12:38:19.469531,16.011958,-16.512747,SR Saint-Louis,SR,Saint-Louis,normal
3861c41d7d384f0a911bf6842d3614d9,VGBRB4BVVT8Q,dispensation,2026-09-12 13:13:23.264563,14.703615,-17.414874,Officine off.dakar2,officine,Dakar,normal
d6e818a70cf3473bb4ffe1431bf59812,2T74J44TEKH6,reception,2026-09-12 13:37:23.986419,14.683337,-16.25682,Officine off.diourbel1,officine,Diourbel,normal
03e232f625274989b17756384cc10b17,Q6KEB77F376G,reception,2026-09-12 13:37:34.090247,14.683749,-16.256628,Officine off.diourbel1,officine,Diourbel,normal
32be0af01e924bcc8114e3a71787b63b,8TTMGQ3R9KY8,reception,2026-09-12 13:37:44.087716,14.681007,-16.256225,Officine off.diourbel1,officine,Diourbel,normal
bc08af50f1744611b05e1a77f06c2b53,M4DVN7XAS66D,reception,2026-09-12 13:37:55.026966,14.683615,-16.256244,Officine off.diourbel1,officine,Diourbel,normal
2dbe15cf04b845aeb050db5489351c2b,UY7XKWU9R3ZV,reception,2026-09-12 13:38:05.589267,14.682162,-16.255485,Officine off.diourbel1,officine,Diourbel,normal
8d1b8d17da384a75b6b1d5b474455b1b,JA2V5SMGX284,reception,2026-09-12 13:38:18.166004,14.68124,-16.255578,Officine off.diourbel1,officine,Diourbel,normal
8873e163ac594c6bb0deb8eac970700a,9FUS662SMS8H,reception,2026-09-12 14:31:31.830642,13.759205,-13.67982,SR Tambacounda,SR,Tambacounda,normal
4d1fbf32e3d84be083a710320edcc08e,EFBNJRJT46AG,reception,2026-09-12 14:31:43.140911,13.756723,-13.677867,SR Tambacounda,SR,Tambacounda,normal
f106b7ff7d694bb888715d4a92cd2e01,848NGZKC8WQR,reception,2026-09-12 14:31:54.726347,13.758458,-13.678632,SR Tambacounda,SR,Tambacounda,normal
c58dd3614f4748738008a6baff8fa0be,X6ZHHPED424K,reception,2026-09-12 14:32:06.648967,13.757929,-13.678779,SR Tambacounda,SR,Tambacounda,normal
8020e4e7dd74496583693e2bf6521332,AAS8Q9WE7CWU,reception,2026-09-12 14:32:14.634268,13.757037,-13.679865,SR Tambacounda,SR,Tambacounda,normal
bc169386527e4aa2b2f0f99fb0c8520d,YE6HADB3UGFN,reception,2026-09-12 14:32:29.531016,13.757525,-13.680099,SR Tambacounda,SR,Tambacounda,normal
db4ab4bf2da24435b43aff73fefb4435,YCQYD58WKJ42,reception,2026-09-12 14:32:38.405746,13.758139,-13.678698,SR Tambacounda,SR,Tambacounda,normal
33ecec2b26f7475f857175e5669d8121,R62RD4G7CBTJ,reception,2026-09-12 14:32:53.201045,13.758665,-13.677758,SR Tambacounda,SR,Tambacounda,normal
7352360a3643453eb7b4d00f05bdcb83,X4GQRCB2VM8A,dispensation,2026-09-12 14:58:26.114490,14.699529,-17.464552,Officine off.dakar3,officine,Dakar,normal
dc6b51cafee94ca6a81d43111afd2598,5D8ZFXDSJ6Z5,dispensation,2026-09-12 15:00:08.322557,12.589237,-16.264699,Officine off.ziguinchor1,officine,Ziguinchor,normal
0b230128cd6a4f5f93e4532a7a449844,YK8Y6C8F37PK,dispensation,2026-09-13 08:03:00,14.6829,-16.25707,Officine off.diourbel1,officine,Diourbel,normal
7ea364f4c25d4b3facc6dc4348cfc5f2,7JKUHS2TZ57Z,reception,2026-09-13 08:15:00,14.68215,-16.255734,Officine off.diourbel1,officine,Diourbel,reutilisationIdentifiant
79967517a2644da68efc9e4f358dfd9b,GY2EN4C5KHMQ,expedition,2026-09-13 08:22:00,12.608083,-16.272314,SR Ziguinchor,SR,Ziguinchor,normal
15b4bc1ee0574ae88c6749c21d71b3d2,TUSFHUKV4WR5,expedition,2026-09-13 08:22:12.933937,12.608254,-16.271657,SR Ziguinchor,SR,Ziguinchor,normal
927c5e60d32e4423af0763f30dfd8544,8S9M3Q4MSDW8,expedition,2026-09-13 08:22:24.103642,12.606886,-16.269825,SR Ziguinchor,SR,Ziguinchor,normal
61bff81e628142c88082ec373c4e6442,UCEDUT79S22J,expedition,2026-09-13 08:22:31.940934,12.607751,-16.270191,SR Ziguinchor,SR,Ziguinchor,normal
e31486b229964f5a817fef31d955e9cc,9RCY96ECSR5D,expedition,2026-09-13 08:22:44.223079,12.605987,-16.2695,SR Ziguinchor,SR,Ziguinchor,normal
10e58c793731432e85428d1134823584,45XKREDHY3XH,expedition,2026-09-13 08:22:52.081425,12.606002,-16.270305,SR Ziguinchor,SR,Ziguinchor,normal
9e744eba8a5d4a94940d7c6b659487bb,Y7X3NRB8852X,expedition,2026-09-13 08:30:00,14.667848,-17.464475,SR Dakar,SR,Dakar,normal
02a6133f4be74db8b0132d1d6f993098,YQ562UUNB4MG,expedition,2026-09-13 08:30:10.750409,14.665817,-17.464425,SR Dakar,SR,Dakar,normal
9319bb25afcd410ea6196b49896f4c37,ZYEMZCNT8K4Z,expedition,2026-09-13 08:30:17.366113,14.666664,-17.463513,SR Dakar,SR,Dakar,normal
f8911625ed9a4296b1b7b988be6bccfc,KPSGUETH2MTS,dispensation,2026-09-13 08:37:00,14.682473,-16.257777,Officine off.diourbel1,officine,Diourbel,normal
ef45dbce53a0488a93af577e2ff54a1e,K37EBCQMX2TR,dispensation,2026-09-13 08:51:00,16.007244,-16.518485,Officine off.saintlouis1,officine,Saint-Louis,normal
08dd6faa0025420a9fb94943ba2275f8,AYYRYZ7M67TC,reception,2026-09-13 08:54:00,14.697119,-17.464648,Officine off.dakar3,officine,Dakar,normal
05038e4e09884a44a8c4433fe870743d,CNAWEWKJS7V3,dispensation,2026-09-13 08:58:00,13.754536,-13.673085,Officine off.tamba1,officine,Tambacounda,normal
12e1f43f379d4a59a6d07b1e42d5f296,NPWXE6KXDY89,reception,2026-09-13 09:01:00,14.703326,-17.413136,Officine off.dakar2,officine,Dakar,normal
6125655c567b434db0e16b7f6ae906c8,AJYWT3H58VPM,reception,2026-09-13 09:01:06.301396,14.702687,-17.415396,Officine off.dakar2,officine,Dakar,normal
e74fa0308c0b497ca80f0399ba02d510,VVTPVN8RNYNU,reception,2026-09-13 09:04:00,14.801703,-16.925074,Officine off.thies1,officine,Thies,normal
c7235e80219242d1af90aa0a1d058f6b,GMYCV8SR728G,reception,2026-09-13 09:04:00,14.704374,-17.445903,Grossiste Dakar,grossisteRepartiteur,Dakar,normal
f282e12b97034d679ca8475eb4e1d813,6BD86B6443PC,reception,2026-09-13 09:04:09.895549,14.803737,-16.924255,Officine off.thies1,officine,Thies,normal
4f9f6b419f914a2f91095c12c7a9bd64,J639QGFH62A6,reception,2026-09-13 09:04:09.997135,14.70402,-17.444305,Grossiste Dakar,grossisteRepartiteur,Dakar,normal
cf2bad5c7b1e4cc297785b4225668e03,EG5YH2RU4D24,reception,2026-09-13 09:04:22.629686,14.704005,-17.445881,Grossiste Dakar,grossisteRepartiteur,Dakar,normal
13c1eb61b6974042bdc13e9001f77f47,WJMG37VFHE9U,reception,2026-09-13 09:04:23.288133,14.801647,-16.925232,Officine off.thies1,officine,Thies,normal
d5d1733e913043459aaa7153ac0680aa,Q7MZ96BJTSMF,reception,2026-09-13 09:04:35.798554,14.703857,-17.445346,Grossiste Dakar,grossisteRepartiteur,Dakar,normal
37ae6490622d4865ab1e2b6deb36ed0a,J48NTCVBXCRN,reception,2026-09-13 09:04:43.954877,14.704058,-17.445784,Grossiste Dakar,grossisteRepartiteur,Dakar,normal
866934e90a1e464f9fd2514b6d8250d4,TW63KSX7EHNS,reception,2026-09-13 09:04:58.200670,14.704763,-17.446873,Grossiste Dakar,grossisteRepartiteur,Dakar,normal
cb26e36d104c4e89baf101b42e663e13,QBWFPC6ZWB9Q,dispensation,2026-09-13 09:05:00,12.589264,-16.265814,Officine off.ziguinchor1,officine,Ziguinchor,normal
66c6011cc12445ce8cb6c48a69b31787,UC7Y4EMVSU3T,reception,2026-09-13 09:05:11.612460,14.703064,-17.444509,Grossiste Dakar,grossisteRepartiteur,Dakar,normal
a17d15e61d8b43bbadab30fe2f8d6f9d,C4MRH5857K2X,reception,2026-09-13 09:05:20.648747,14.703543,-17.444657,Grossiste Dakar,grossisteRepartiteur,Dakar,normal
9dc029b1b84a4b0bbbeeebcf0a027e29,PZK2CZUGYPRG,reception,2026-09-13 09:05:34.274112,14.704437,-17.445761,Grossiste Dakar,grossisteRepartiteur,Dakar,normal
9c8ac70389594774bfc5d5b6b57561fd,DHDVKAN4ZAK7,reception,2026-09-13 09:05:46.699802,14.704376,-17.444547,Grossiste Dakar,grossisteRepartiteur,Dakar,normal
a6b5de447a994fbe9eec95ddb62ff015,HW6Z6Y6ZKWS5,reception,2026-09-13 09:06:00.815148,14.702568,-17.446548,Grossiste Dakar,grossisteRepartiteur,Dakar,normal
419ba68bad034478bdad19bd1f3db4bb,T2STYP9M6Z7F,reception,2026-09-13 09:06:13.640071,14.703846,-17.446638,Grossiste Dakar,grossisteRepartiteur,Dakar,normal
4308cd4524a44a2d88b38f2d209c1afd,F8TXHHK3VNQQ,reception,2026-09-13 09:06:23.990419,14.704362,-17.445081,Grossiste Dakar,grossisteRepartiteur,Dakar,normal
b19f329008274196946b48df1004219b,E9ZCYYEY6QS6,reception,2026-09-13 09:06:34.833247,14.704111,-17.44701,Grossiste Dakar,grossisteRepartiteur,Dakar,normal
0d98f56c3d614aefbae059ea39ac8c58,HPZY39Y73YN2,reception,2026-09-13 09:06:46.386896,14.705177,-17.44526,Grossiste Dakar,grossisteRepartiteur,Dakar,normal
d1311feec4b642fe80ea45dc941586a5,XMKV72GN47UP,reception,2026-09-13 09:06:56.502499,14.703973,-17.444525,Grossiste Dakar,grossisteRepartiteur,Dakar,normal
d10b5374aad9476bb58cb68f71b86ca6,UA238KDW9Y9E,reception,2026-09-13 09:07:10.294729,14.704871,-17.44515,Grossiste Dakar,grossisteRepartiteur,Dakar,normal
27ac09bd7290471eac307ba2f7c2c163,KRF7Y2JE8PXZ,reception,2026-09-13 09:07:23.839707,14.703738,-17.445172,Grossiste Dakar,grossisteRepartiteur,Dakar,normal
020e2b39ac4c43de99b20d06f5ea1cd5,QJ32P5GRDR6S,reception,2026-09-13 09:07:34.520150,14.705276,-17.446008,Grossiste Dakar,grossisteRepartiteur,Dakar,normal
c47a6f85270a49cfa719da73ef24c610,XFWZRAQT6Q8S,reception,2026-09-13 09:07:48.049678,14.702607,-17.446776,Grossiste Dakar,grossisteRepartiteur,Dakar,normal
64795fe9a6174c01b76c18874437e818,2579SPCSBE96,reception,2026-09-13 09:07:57.587491,14.702949,-17.446294,Grossiste Dakar,grossisteRepartiteur,Dakar,normal
62b4f456caaf460cab96f2306c45697a,7S3XWZ57F2KH,reception,2026-09-13 09:08:05.604367,14.702735,-17.44557,Grossiste Dakar,grossisteRepartiteur,Dakar,normal
2d98a4f03aa54dbb84ae2dbe693db0be,EYRNJ3RW47D3,reception,2026-09-13 09:08:13.018735,14.703184,-17.444377,Grossiste Dakar,grossisteRepartiteur,Dakar,normal
984c14486e124eddafcbb74dc814fe4a,E2J2GRVWWXNJ,reception,2026-09-13 09:08:27.330651,14.704425,-17.444453,Grossiste Dakar,grossisteRepartiteur,Dakar,normal
761c0130da6f4a3fb8475075e867848e,DDQJ6NR3VSEJ,reception,2026-09-13 09:08:41.250495,14.703633,-17.445125,Grossiste Dakar,grossisteRepartiteur,Dakar,normal
07141c325a3c491596ef5eb2ff720bc9,4VU7SBFCHTCD,reception,2026-09-13 09:08:49.716018,14.702873,-17.444299,Grossiste Dakar,grossisteRepartiteur,Dakar,normal
a2b906a900c0439f9d37466ca279b0ad,XF7K5MAXEZVB,reception,2026-09-13 09:08:56.556031,14.70543,-17.447051,Grossiste Dakar,grossisteRepartiteur,Dakar,normal
d755d539b53f4e4288dcbb29f0fd3c07,K4FFER3HSDDY,reception,2026-09-13 09:09:03.299918,14.704567,-17.444505,Grossiste Dakar,grossisteRepartiteur,Dakar,normal
8a23867e02a74ee988d6adfca5bbe13c,WS7MECA7T63V,reception,2026-09-13 09:09:15.046772,14.705497,-17.446908,Grossiste Dakar,grossisteRepartiteur,Dakar,normal
5341056ab9eb4d288fa956f0ce254a04,8PRSFGZRYE3V,reception,2026-09-13 09:09:21.883812,14.70366,-17.445613,Grossiste Dakar,grossisteRepartiteur,Dakar,normal
d37d415fc97c44b3b6735edaeebb44b8,AFERVM9FP2AR,reception,2026-09-13 09:09:29.689495,14.704295,-17.444653,Grossiste Dakar,grossisteRepartiteur,Dakar,normal
ef529a60972d419da126e2ef16793c63,WDYBBW7PY8MR,reception,2026-09-13 09:09:36.261500,14.70428,-17.446805,Grossiste Dakar,grossisteRepartiteur,Dakar,normal
f9ceb97cebc447bc907db187ef4b8dd4,KAK3C8SNEMFT,reception,2026-09-13 09:09:45.839665,14.703413,-17.445083,Grossiste Dakar,grossisteRepartiteur,Dakar,normal
f930cc35df6647f28e0d39947d082b80,GM5HH72ESDEN,reception,2026-09-13 09:09:55.099319,14.704892,-17.446817,Grossiste Dakar,grossisteRepartiteur,Dakar,normal
a3b5cb032faa4a1593a4c6e4594dbb0a,SRYFP2AFFBEU,reception,2026-09-13 09:10:03.895328,14.705275,-17.445787,Grossiste Dakar,grossisteRepartiteur,Dakar,normal
ed644dc1be134383960df1b400f50fb6,J3MGY93G2VMX,reception,2026-09-13 09:10:17.209196,14.703244,-17.445017,Grossiste Dakar,grossisteRepartiteur,Dakar,normal
9c7cf6efc06449a385e28c0a02c342ce,C5J424V9U3R4,reception,2026-09-13 09:10:24.167275,14.704167,-17.445612,Grossiste Dakar,grossisteRepartiteur,Dakar,normal
ef9edf0b131746e8865a805c7baadcd3,EMTPS93UFRV3,reception,2026-09-13 09:10:35.835555,14.704538,-17.444495,Grossiste Dakar,grossisteRepartiteur,Dakar,normal
6880e8b017e74aa2a2cc10eba0876ec3,U5CJ3H26Z2BH,reception,2026-09-13 09:10:49.136334,14.702593,-17.444705,Grossiste Dakar,grossisteRepartiteur,Dakar,normal
32be9a3604964971bc012b8919dd146a,6GYWAKRCUV3W,reception,2026-09-13 09:11:01.940884,14.70332,-17.446449,Grossiste Dakar,grossisteRepartiteur,Dakar,normal
47bb46df9e1b4c0abc89b856e48b08e9,5G5RV6GP75V6,reception,2026-09-13 09:11:13.189577,14.705549,-17.445854,Grossiste Dakar,grossisteRepartiteur,Dakar,normal
0da2532d922e47988031e3f7f21553ae,K9A9WYPZ9MNC,reception,2026-09-13 09:11:22.170300,14.704666,-17.446028,Grossiste Dakar,grossisteRepartiteur,Dakar,normal
7387521c9a0145d49483562cd080f15c,ZH8N3FKKUTF5,reception,2026-09-13 09:11:31.764310,14.703145,-17.44634,Grossiste Dakar,grossisteRepartiteur,Dakar,normal
6a48fb73a4e44a4b84f6a2b94f0d012c,HQTXW7MEK6XE,reception,2026-09-13 09:11:40.620877,14.703583,-17.444399,Grossiste Dakar,grossisteRepartiteur,Dakar,normal
c1de0cbaf18443899bbbae693f6797d6,C7Q93P9UZUBT,reception,2026-09-13 09:11:48.446630,14.703867,-17.445169,Grossiste Dakar,grossisteRepartiteur,Dakar,normal
51e47967e1854f38a1e99847f7468268,5HMW5H8KRJDE,reception,2026-09-13 09:12:01.792513,14.703176,-17.446164,Grossiste Dakar,grossisteRepartiteur,Dakar,normal
ddce4ead07fc48d484ee6eeec73cb906,VSE5M82VJ9VR,reception,2026-09-13 09:12:08.065453,14.703242,-17.445026,Grossiste Dakar,grossisteRepartiteur,Dakar,normal
3eb81ed0e9284a07a92bfcd460c45a3f,AGWFFM9JG94D,reception,2026-09-13 09:12:20.213283,14.703569,-17.446567,Grossiste Dakar,grossisteRepartiteur,Dakar,normal
33790148d2be474a85d4777f49cabf58,3ZPEKMKKSZHR,reception,2026-09-13 09:12:28.643670,14.70308,-17.446181,Grossiste Dakar,grossisteRepartiteur,Dakar,normal
01352c54be994815bf57fb2fd32e0791,6YYEEARVH9YY,reception,2026-09-13 09:12:40.061262,14.703534,-17.446682,Grossiste Dakar,grossisteRepartiteur,Dakar,normal
6378b71b8bd349659b3bc166d7981e6b,QXE8EPH9QFHC,dispensation,2026-09-13 09:16:00,15.609403,-16.251099,Officine off.louga1,officine,Louga,normal
64f01527b258459e834c19deadca0ac1,VVAXDJ4VCCJU,expedition,2026-09-13 09:22:15.688016,14.152159,-16.044656,SR Kaolack,SR,Kaolack,normal
b910062eb02043afbfeedb806d1daff7,YKT25KGXTR9D,expedition,2026-09-13 09:22:22.016578,14.15294,-16.043277,SR Kaolack,SR,Kaolack,normal
e352878480bc493fbd98bac595b72641,PXZ3Y7VGYFA7,expedition,2026-09-13 09:22:33.791055,14.152888,-16.044968,SR Kaolack,SR,Kaolack,normal
29b2bdd4352a4e9282435b060fe15e88,TDBQG7ZHSGHZ,dispensation,2026-09-13 09:27:00,15.608269,-16.253288,Officine off.louga1,officine,Louga,normal
7ec1828a40944e5dabc31a56662a55bb,AYYRYZ7M67TC,reception,2026-09-13 09:41:16.962296,13.754129,-13.673058,Officine off.tamba1,officine,Tambacounda,trajetInhabituel
ab67fcea3f6f464d9aecbf92c2b9f58f,DWBPAQ3V3VPP,expedition,2026-09-13 10:15:09.751063,14.153192,-16.043777,SR Kaolack,SR,Kaolack,normal
de8da830d3294476a27051b997527a44,6CUR8FFFPA73,expedition,2026-09-13 10:15:18.815300,14.152255,-16.043232,SR Kaolack,SR,Kaolack,normal
da8bcb9b9895430cbef53ac92a4c29ea,H3XX5R7NSZTG,expedition,2026-09-13 10:15:31.695018,14.152263,-16.042529,SR Kaolack,SR,Kaolack,normal
12aa53ca35ce4be589068873825e994c,EZZB25UAPR4E,dispensation,2026-09-13 11:48:30.585672,13.75452,-13.674073,Officine off.tamba1,officine,Tambacounda,normal
3f67541511934da9b9385a52fd9231db,GY2EN4C5KHMQ,reception,2026-09-13 14:37:24.925079,12.588489,-16.264964,Officine off.ziguinchor1,officine,Ziguinchor,normal
3a55596c20ca42cdb7e725067c88abd0,TUSFHUKV4WR5,reception,2026-09-13 14:37:37.065981,12.590526,-16.266543,Officine off.ziguinchor1,officine,Ziguinchor,normal
544263fa54324410a071c86424c74ab0,8S9M3Q4MSDW8,reception,2026-09-13 14:37:48.659747,12.588439,-16.266141,Officine off.ziguinchor1,officine,Ziguinchor,normal
8ae4d74528104c37a054aae81c577d76,UCEDUT79S22J,reception,2026-09-13 14:37:58.190596,12.590363,-16.266961,Officine off.ziguinchor1,officine,Ziguinchor,normal
a5253a696be348a181ff5b86d7278d1b,9RCY96ECSR5D,reception,2026-09-13 14:38:08.884553,12.588924,-16.264368,Officine off.ziguinchor1,officine,Ziguinchor,normal
9d67c91b0ca84e4d843bda3201ccfaab,45XKREDHY3XH,reception,2026-09-13 14:38:16.310515,12.587678,-16.264975,Officine off.ziguinchor1,officine,Ziguinchor,normal
83c1f3bdfa24495ba3a6d51a70bcccbf,6XKK2UP75URQ,dispensation,2026-09-13 15:06:54.862550,12.590094,-16.266405,Officine off.ziguinchor1,officine,Ziguinchor,normal
dd2b123fad6b4387a784082abe54e361,7U5Q8MBHG2AM,dispensation,2026-09-13 15:48:11.462631,15.608358,-16.250634,Officine off.louga1,officine,Louga,normal
2d189cbd7a4f4c0abe2ccab762b04416,9VEE3RM7XJHW,dispensation,2026-09-13 15:58:57.227921,15.61069,-16.250702,Officine off.louga1,officine,Louga,normal
f18cca62a87a4c0c911571245b361656,A56ZGMEFFVJP,dispensation,2026-09-13 16:39:56.501407,13.755277,-13.674281,Officine off.tamba1,officine,Tambacounda,normal
59b8ca8b8a884314a099eefab1d0230d,C4MRH5857K2X,expedition,2026-09-14 08:09:00,14.70552,-17.446337,Grossiste Dakar,grossisteRepartiteur,Dakar,normal
fea0a94f192e48cb9e84b6bc23806ebb,XFWZRAQT6Q8S,expedition,2026-09-14 08:09:09.656008,14.70379,-17.445655,Grossiste Dakar,grossisteRepartiteur,Dakar,normal
8e17af6f816c4a72bdf32263836ca438,F8TXHHK3VNQQ,expedition,2026-09-14 08:09:18.659936,14.704861,-17.446316,Grossiste Dakar,grossisteRepartiteur,Dakar,normal
22b2e3e132a14bfbbbe436466ffd898d,KAK3C8SNEMFT,expedition,2026-09-14 08:09:30.398046,14.703444,-17.446054,Grossiste Dakar,grossisteRepartiteur,Dakar,normal
d03f4254fab24b56850806478718d7cf,EMTPS93UFRV3,expedition,2026-09-14 08:09:43.056893,14.704313,-17.447111,Grossiste Dakar,grossisteRepartiteur,Dakar,normal
4fe47d417d224c07965f496ffac54581,HQTXW7MEK6XE,expedition,2026-09-14 08:09:52.835363,14.703347,-17.444315,Grossiste Dakar,grossisteRepartiteur,Dakar,normal
b46ee2a6081642afafe5480e7c88cb9b,5HMW5H8KRJDE,expedition,2026-09-14 08:10:05.784394,14.70324,-17.446219,Grossiste Dakar,grossisteRepartiteur,Dakar,normal
5e5f3ea62d854294aad95e1658ae1df4,8PRSFGZRYE3V,expedition,2026-09-14 08:10:20.128163,14.704865,-17.44633,Grossiste Dakar,grossisteRepartiteur,Dakar,normal
5bcd3d11d38a448aa95de5762b627046,Q54JT5XSX2A5,dispensation,2026-09-14 08:14:00,15.609498,-16.251403,Officine off.louga1,officine,Louga,normal
416f1903f6ee461889868bfccd3ef999,UY7XKWU9R3ZV,dispensation,2026-09-14 08:19:00,14.683778,-16.256497,Officine off.diourbel1,officine,Diourbel,normal
20eb9327af1240dd8979103b80c3c615,9FUS662SMS8H,expedition,2026-09-14 08:20:00,13.757546,-13.678999,SR Tambacounda,SR,Tambacounda,normal
46940e94a98b41e8b5ef31aaceddf9a4,EFBNJRJT46AG,expedition,2026-09-14 08:20:10.401328,13.758137,-13.677764,SR Tambacounda,SR,Tambacounda,normal
592a20c02d0245369b61cab29baac5ad,848NGZKC8WQR,expedition,2026-09-14 08:20:20.790409,13.758313,-13.678583,SR Tambacounda,SR,Tambacounda,normal
a0fee74c061d4b8f9b5130dad65d6e5d,X6ZHHPED424K,expedition,2026-09-14 08:20:28.393024,13.757682,-13.679075,SR Tambacounda,SR,Tambacounda,normal
85d985c4d346465897d9714f404a1a65,AAS8Q9WE7CWU,expedition,2026-09-14 08:20:37.457871,13.756401,-13.678019,SR Tambacounda,SR,Tambacounda,normal
dc29eb15f8dd4bb58fe0c8123c19eb77,YE6HADB3UGFN,expedition,2026-09-14 08:20:44.935982,13.758069,-13.677894,SR Tambacounda,SR,Tambacounda,normal
22c14113811e4cbca1ebd93570da2dd8,YCQYD58WKJ42,expedition,2026-09-14 08:20:58.081145,13.756999,-13.678413,SR Tambacounda,SR,Tambacounda,normal
5f803c3102f6401ba79b575093259e16,R62RD4G7CBTJ,expedition,2026-09-14 08:21:10.445330,13.758347,-13.678366,SR Tambacounda,SR,Tambacounda,normal
6f8ef4c32bdf4771b45d34549e32ecf6,PT7NJCC24KKW,dispensation,2026-09-14 08:22:00,15.609129,-16.250689,Officine off.louga1,officine,Louga,normal
949d40861ca74208aab12daed25059ef,FAC6JXSA82UB,expedition,2026-09-14 08:24:00,16.014361,-16.512965,SR Saint-Louis,SR,Saint-Louis,normal
d6e719a4464e4a01ab05efefe550f25e,SNXABEAWWB9N,expedition,2026-09-14 08:24:13.939385,16.012585,-16.512547,SR Saint-Louis,SR,Saint-Louis,normal
3f39334b02ec4b75acb8f663bb2b45c8,BE98M3JU9PJ6,expedition,2026-09-14 08:24:20.573804,16.012735,-16.512612,SR Saint-Louis,SR,Saint-Louis,normal
c5508c6fe55f40ee97b686ef3ef40166,CWY2SJZZ98BP,expedition,2026-09-14 08:24:30.884616,16.014502,-16.513406,SR Saint-Louis,SR,Saint-Louis,normal
f59c8461b6c54098a273eee56f3a9599,7FC6J4APKZ2F,dispensation,2026-09-14 08:27:00,13.754313,-13.674339,Officine off.tamba1,officine,Tambacounda,normal
8738a7007e56449382a70c70683a4e4b,7NNN8PMH3E9P,expedition,2026-09-14 08:33:00,15.627593,-16.243217,SR Louga,SR,Louga,normal
f7d4ff5e66a241e6aae79b7b16e94a5b,EASVD7VEE529,expedition,2026-09-14 08:33:07.435350,15.625476,-16.242073,SR Louga,SR,Louga,normal
ab9c773efd8c4ceb94e5ff946efd6271,JPWVUH5ZF562,expedition,2026-09-14 08:33:18.119687,15.628203,-16.241239,SR Louga,SR,Louga,normal
7f854897aecd4f56a74747d33690b801,Z8BCVWDF3HJB,expedition,2026-09-14 08:33:24.329302,15.62602,-16.242299,SR Louga,SR,Louga,normal
3a556687fea648058f4fab26a09d4f08,CP7MDBUBBP4R,expedition,2026-09-14 08:33:33.402137,15.626896,-16.242142,SR Louga,SR,Louga,normal
b66ce8dbd59d47809f146971a35c480f,FUHKNA3T5BBN,expedition,2026-09-14 08:33:40.427502,15.62655,-16.242238,SR Louga,SR,Louga,normal
416eeb6081814d74af9c5fd2128bbc5a,7M9V7RT4P47R,expedition,2026-09-14 08:33:51.704802,15.625308,-16.241832,SR Louga,SR,Louga,normal
ceb41a4399bd4cf681ba8e1c448fbc9f,QBJ6FMNBE4DH,expedition,2026-09-14 08:34:00.327378,15.625371,-16.240763,SR Louga,SR,Louga,normal
b6bc3d19648a4abea48131c85ecbddfd,VWRWFH47Q83X,expedition,2026-09-14 08:34:08.361479,15.626522,-16.241125,SR Louga,SR,Louga,normal
074dea5a56dc43d4b8a94e1ffd9f5848,GYUGJ9VGJKGT,expedition,2026-09-14 08:34:17.716140,15.627486,-16.242697,SR Louga,SR,Louga,normal
ac64f674209947f789a895b3e53f030b,7Z7U6VMJTBRX,expedition,2026-09-14 08:34:27.372004,15.625874,-16.240871,SR Louga,SR,Louga,normal
c75396ec4f1e47a1b8f3d7e3fb524605,GMYCV8SR728G,expedition,2026-09-14 08:48:00,14.702573,-17.444255,Grossiste Dakar,grossisteRepartiteur,Dakar,normal
ccaf2678028b4f29b6cd5f1ff1659b23,TW63KSX7EHNS,expedition,2026-09-14 08:48:06.716860,14.703296,-17.44428,Grossiste Dakar,grossisteRepartiteur,Dakar,normal
e71f107337e9445e82753d5cb6a2bbc6,PZK2CZUGYPRG,expedition,2026-09-14 08:48:20.944432,14.703107,-17.446573,Grossiste Dakar,grossisteRepartiteur,Dakar,normal
2df147d20647467ba3904bd5898101f1,E9ZCYYEY6QS6,expedition,2026-09-14 08:48:33.959121,14.704408,-17.446415,Grossiste Dakar,grossisteRepartiteur,Dakar,normal
dd847753d8174d27b36637c6870c3ae2,EYRNJ3RW47D3,expedition,2026-09-14 08:48:45.522652,14.703557,-17.447163,Grossiste Dakar,grossisteRepartiteur,Dakar,normal
72bc0b0b07064b62be103a3944ec2dfe,GM5HH72ESDEN,expedition,2026-09-14 08:48:53.707101,14.704953,-17.44471,Grossiste Dakar,grossisteRepartiteur,Dakar,normal
2b6b313bc13f4435b4a2e1989346fc7c,SRYFP2AFFBEU,expedition,2026-09-14 08:49:07.571080,14.704626,-17.446108,Grossiste Dakar,grossisteRepartiteur,Dakar,normal
f945451892f9404d8133b732d0f62b07,QSJX9MJSTHJP,dispensation,2026-09-14 08:56:00,14.703187,-17.438853,Officine off.dakar1,officine,Dakar,normal
b7a8134bae164bb28a76f8ae271257ba,Q7MZ96BJTSMF,expedition,2026-09-14 09:03:00,14.705298,-17.446604,Grossiste Dakar,grossisteRepartiteur,Dakar,normal
fb4a491cf0234de0812a75ced944dcb3,WDYBBW7PY8MR,expedition,2026-09-14 09:03:06.872129,14.703226,-17.444793,Grossiste Dakar,grossisteRepartiteur,Dakar,normal
f10a31a29cda4c1595b029ab5691af65,HW6Z6Y6ZKWS5,expedition,2026-09-14 09:03:13.329934,14.703365,-17.445165,Grossiste Dakar,grossisteRepartiteur,Dakar,normal
12ef9945c5944c069cc55d9fe2e444b4,WS7MECA7T63V,expedition,2026-09-14 09:03:22.041820,14.702732,-17.447193,Grossiste Dakar,grossisteRepartiteur,Dakar,normal
e04cbf21d91546faaed7831a69b9ee7e,5G5RV6GP75V6,expedition,2026-09-14 09:03:35.641431,14.703171,-17.444837,Grossiste Dakar,grossisteRepartiteur,Dakar,normal
2f2875018ccd4583893c89391283341c,K9A9WYPZ9MNC,expedition,2026-09-14 09:03:43.561678,14.70381,-17.445772,Grossiste Dakar,grossisteRepartiteur,Dakar,normal
4a5c34f64bfe45d1be117893e73a0c34,72SU29HRMQCM,expedition,2026-09-14 09:06:00,14.717876,-17.470796,Laboratoire Historique,fabricant,Dakar,normal
013056a2fb60408e8724a653618e0119,R5RK5J8TGB7S,expedition,2026-09-14 09:06:09.757044,14.717648,-17.468742,Laboratoire Historique,fabricant,Dakar,normal
a38d0145668c4e8596222f1d99a31d02,YDX6CSRNE8VZ,expedition,2026-09-14 09:06:23.824447,14.717422,-17.470763,Laboratoire Historique,fabricant,Dakar,normal
acbe43c1d0ff42c997f82dfc796eb8c8,8BX6HKMHGCS3,expedition,2026-09-14 09:06:33.720477,14.717256,-17.471558,Laboratoire Historique,fabricant,Dakar,normal
9e45fb03756249b5ba0acb26350d23e4,Y9MYCHMSVW4G,expedition,2026-09-14 09:06:42.830597,14.717669,-17.469814,Laboratoire Historique,fabricant,Dakar,normal
602461ae144b436bab7ec41a9f83107f,QNUV7A9EX2NR,expedition,2026-09-14 09:06:48.888337,14.717046,-17.471448,Laboratoire Historique,fabricant,Dakar,normal
9e19581432d343a780ca3115e58402da,F83X36YG8E8R,expedition,2026-09-14 09:06:55.503363,14.717906,-17.470071,Laboratoire Historique,fabricant,Dakar,normal
ee27e9d72ed14e10b518b4f1a3ba6c79,JQMUBEZS5ZQZ,expedition,2026-09-14 09:07:01.859103,14.718561,-17.469769,Laboratoire Historique,fabricant,Dakar,normal
e1606e8607694602b099564fe8186197,2GJCYEAXTNWE,expedition,2026-09-14 09:07:08.060159,14.719017,-17.469967,Laboratoire Historique,fabricant,Dakar,normal
f954529a438c47a3834b87f9801c28e8,V8TWCPAAD5FH,expedition,2026-09-14 09:07:14.210115,14.719392,-17.470942,Laboratoire Historique,fabricant,Dakar,normal
b3b6b7aae587450ba5bfdee61672164b,MZG3NFB9DGPF,expedition,2026-09-14 09:07:27.065203,14.718535,-17.469751,Laboratoire Historique,fabricant,Dakar,normal
4c3f9d110acd454c8ac7eed59d1d855e,DBB24ETMEY4D,expedition,2026-09-14 09:07:38.422775,14.717986,-17.468902,Laboratoire Historique,fabricant,Dakar,normal
ce5f8c3c3eb04684aa67850097349ea9,AQBEMZXUB293,expedition,2026-09-14 09:07:47.313886,14.717542,-17.470504,Laboratoire Historique,fabricant,Dakar,normal
15221049c2f048d2a29839c9f32f8d24,55H7T2FM7PYN,expedition,2026-09-14 09:08:00.159637,14.718033,-17.470841,Laboratoire Historique,fabricant,Dakar,normal
2acd200c3ec443089be86107669c29eb,W4TADW4MSUCF,expedition,2026-09-14 09:08:13.304225,14.716985,-17.468934,Laboratoire Historique,fabricant,Dakar,normal
0a8dabbf28b54a2f933a9a2384fd43cd,UQN7B89AMFXJ,expedition,2026-09-14 09:08:23.083264,14.716617,-17.469456,Laboratoire Historique,fabricant,Dakar,normal
14ffb732ce364f2aa1cb3823bba97fbf,ZXEWJNC9SB6E,expedition,2026-09-14 09:08:36.905776,14.717366,-17.470703,Laboratoire Historique,fabricant,Dakar,normal
b26ebc4a0f7f4cac8a4a63d183670cc8,3WGAVV54YE4C,expedition,2026-09-14 09:08:46.979103,14.717031,-17.469587,Laboratoire Historique,fabricant,Dakar,normal
e9e58bb032a44bb498a30c8d5cea6139,TDM5B632ZMED,expedition,2026-09-14 09:08:58.765003,14.716581,-17.47124,Laboratoire Historique,fabricant,Dakar,normal
85de3f16e6054189a5a0321d6db9edc1,78JZQJZDVW4V,expedition,2026-09-14 09:09:10.053941,14.717238,-17.470934,Laboratoire Historique,fabricant,Dakar,normal
df5dc87c8d1748a1a7f050dda953cd13,UGX52KDF6RP4,expedition,2026-09-14 09:09:24.619992,14.717705,-17.470517,Laboratoire Historique,fabricant,Dakar,normal
e15fe94dfaa2418486d1ee86075a9370,2EK93FDHSVKU,expedition,2026-09-14 09:09:37.958063,14.719078,-17.468806,Laboratoire Historique,fabricant,Dakar,normal
695bd45700c845488b7384c8230b1d79,VZCQ2R7VFVUM,expedition,2026-09-14 09:09:49.146066,14.718305,-17.470512,Laboratoire Historique,fabricant,Dakar,normal
fcd3dbe68d0944a0819914eadb0753bc,MQTFPWT7WEC3,expedition,2026-09-14 09:10:00.836553,14.717267,-17.471506,Laboratoire Historique,fabricant,Dakar,normal
9af01037aa48494e9ee59a4f8dde5b0d,9ZB73K22USGN,expedition,2026-09-14 09:10:15.711211,14.718445,-17.4693,Laboratoire Historique,fabricant,Dakar,normal
3faf53252ff04a6cbdb44d2ac54ef881,2DXSQXN9CXFB,expedition,2026-09-14 09:10:28.972931,14.71695,-17.469816,Laboratoire Historique,fabricant,Dakar,normal
13eb509ada6c4755afdb0d22233ed7c8,5QMRE9YZUB7A,expedition,2026-09-14 09:10:43.662272,14.716507,-17.469031,Laboratoire Historique,fabricant,Dakar,normal
a99475e618274c6d852983887030e622,TFWFPEX7E4NQ,expedition,2026-09-14 09:10:51.012894,14.717499,-17.471435,Laboratoire Historique,fabricant,Dakar,normal
a38f4a45e6434383812a425f8597d0ca,76BD4HECHW5C,expedition,2026-09-14 09:11:03.935113,14.718673,-17.471184,Laboratoire Historique,fabricant,Dakar,normal
3ebe8074d0b341d4a9725396770cd48b,YG9PGV36Q9DN,expedition,2026-09-14 09:11:15.401468,14.718333,-17.470137,Laboratoire Historique,fabricant,Dakar,normal
3207b6404b2644e98eafb2cd1aae13ed,7HTZYP92H24M,expedition,2026-09-14 09:11:28.849270,14.719147,-17.469693,Laboratoire Historique,fabricant,Dakar,normal
23319a806b2b46ee85c9bd87df0cebe5,GY9ES923RQMA,expedition,2026-09-14 09:11:43.369045,14.718045,-17.471503,Laboratoire Historique,fabricant,Dakar,normal
0801fc35c3f2441da2f1cf63218b90e3,Y93AMPRXYRUZ,expedition,2026-09-14 09:11:54.314122,14.717291,-17.470024,Laboratoire Historique,fabricant,Dakar,normal
b1a8d49ccc10444db9b8a88903747dd7,6BE793F2BEB4,expedition,2026-09-14 09:12:05.489600,14.716627,-17.469199,Laboratoire Historique,fabricant,Dakar,normal
51198e6e87814530a0278a2038bda2d1,TTGG2ETKECNR,expedition,2026-09-14 09:12:19.975706,14.718401,-17.471332,Laboratoire Historique,fabricant,Dakar,normal
14959426c5f745f8af1aae92eef275be,EX9EWVF3FKY6,expedition,2026-09-14 09:12:34.755963,14.717059,-17.470607,Laboratoire Historique,fabricant,Dakar,normal
e743becbcf0a4fc190e1c991502c46c0,CEA8VJ3WSQ4Y,expedition,2026-09-14 09:12:43.373277,14.717939,-17.468852,Laboratoire Historique,fabricant,Dakar,normal
33e05b924ef0492bac06eb7829ffd25b,RNRZJ3CB6JTV,expedition,2026-09-14 09:12:55.237273,14.717752,-17.468619,Laboratoire Historique,fabricant,Dakar,normal
de0e01c141ec4749b9acd027fd1c4cfa,EH4FRVPNG6DF,expedition,2026-09-14 09:13:01.659426,14.718433,-17.469026,Laboratoire Historique,fabricant,Dakar,normal
393c73559b774ddcbffbd29769b94f5d,NBCAH6VGW9GQ,expedition,2026-09-14 09:13:11.948501,14.718823,-17.470846,Laboratoire Historique,fabricant,Dakar,normal
4b767eab73174fdfa1e983f0906df6c4,9UTNE7TA45J2,expedition,2026-09-14 09:13:21.340206,14.71647,-17.468713,Laboratoire Historique,fabricant,Dakar,normal
1ba34d4e09dd466ab4d7f601eee12482,HFQ5RBNPJTRX,expedition,2026-09-14 09:13:32.118373,14.719055,-17.470087,Laboratoire Historique,fabricant,Dakar,normal
3947bf584ac44193852c85d99c82cea3,ZFJJ5CZ8UAMU,expedition,2026-09-14 09:13:41.169910,14.717208,-17.468611,Laboratoire Historique,fabricant,Dakar,normal
a8791d01eccc42a0b1c0ff2d3ff3a717,6KREDGSMKFCX,expedition,2026-09-14 09:13:50.656451,14.716518,-17.468631,Laboratoire Historique,fabricant,Dakar,normal
159a7d1fc0694c3b8f8c6f9e4d4ac35d,2KCPK35KD39X,expedition,2026-09-14 09:14:01.774724,14.719004,-17.470177,Laboratoire Historique,fabricant,Dakar,normal
1476dd6a287f47b29fbf93b6e7c2c7d1,7AZED9KC2SHM,expedition,2026-09-14 09:14:10.645322,14.718023,-17.470464,Laboratoire Historique,fabricant,Dakar,normal
eb5aac7a9f7a4933bc0ef805a997a723,NWV8WSJ5A95U,expedition,2026-09-14 09:14:23.640799,14.716632,-17.469902,Laboratoire Historique,fabricant,Dakar,normal
ee8b526d53474c26a26b97830e4954db,SGHQHFGNF6MC,expedition,2026-09-14 09:14:34.782793,14.716996,-17.471206,Laboratoire Historique,fabricant,Dakar,normal
1cf2b3cf99c94ee9be377ed8771b3d11,DFHHE9PDGGAR,expedition,2026-09-14 09:14:42.914375,14.717417,-17.471263,Laboratoire Historique,fabricant,Dakar,normal
1c97641b339a42ac9e982a96d9852018,HCWD6ZNY9WHA,expedition,2026-09-14 09:14:57.061117,14.71909,-17.468947,Laboratoire Historique,fabricant,Dakar,normal
013a1da0a2e84039a7f2a716bcc465a4,2579SPCSBE96,expedition,2026-09-14 09:15:00,14.703075,-17.445475,Grossiste Dakar,grossisteRepartiteur,Dakar,normal
41356dc57a1945d084b58cbc85e30204,58MW5UZCVXTQ,expedition,2026-09-14 09:15:04.569159,14.718504,-17.471425,Laboratoire Historique,fabricant,Dakar,normal
6154b4f680a9406ba2e5edfefa55a20b,K4FFER3HSDDY,expedition,2026-09-14 09:15:13.579855,14.705436,-17.447047,Grossiste Dakar,grossisteRepartiteur,Dakar,normal
2061f4441e084b82ba24e8698277a909,BNVKRMVB6WRC,expedition,2026-09-14 09:15:17.196994,14.719301,-17.469954,Laboratoire Historique,fabricant,Dakar,normal
3d268940b6fd451aaf407f1507a82306,95GPT87QVVT6,expedition,2026-09-14 09:15:30.086936,14.718933,-17.46876,Laboratoire Historique,fabricant,Dakar,normal
6b9ff45c6d7949b7a419f55d8ac06b0d,8VNB5VTG6YDQ,expedition,2026-09-14 09:15:38.117178,14.717555,-17.470682,Laboratoire Historique,fabricant,Dakar,normal
5a68cbc0df154497b315f43be733ea09,XU7ASHG4YGV4,expedition,2026-09-14 09:15:51.115490,14.717843,-17.471105,Laboratoire Historique,fabricant,Dakar,normal
890a8534edf948d3b9a8494dbf369c1c,UC7Y4EMVSU3T,expedition,2026-09-14 09:16:00,14.70415,-17.445751,Grossiste Dakar,grossisteRepartiteur,Dakar,normal
d13f2d580290442884232da1193afd81,BYE8446ZMENS,expedition,2026-09-14 09:16:03.751139,14.719035,-17.469796,Laboratoire Historique,fabricant,Dakar,normal
0a7868056026401c9990077859f6455a,TM38KQKEUJTE,expedition,2026-09-14 09:16:12.384485,14.716728,-17.469984,Laboratoire Historique,fabricant,Dakar,normal
064816d8bd7c48fc98585c96b11cb84b,DHDVKAN4ZAK7,expedition,2026-09-14 09:16:14.557768,14.705108,-17.444618,Grossiste Dakar,grossisteRepartiteur,Dakar,normal
88de0da6540d4078a13a3cc19f847b0b,DDQJ6NR3VSEJ,expedition,2026-09-14 09:16:23.071456,14.704141,-17.444596,Grossiste Dakar,grossisteRepartiteur,Dakar,normal
80465ec4de4a431cbde402ccb185175a,XV5MY8RKNBNQ,expedition,2026-09-14 09:16:26.170372,14.719018,-17.468599,Laboratoire Historique,fabricant,Dakar,normal
d799b97c97154f6aa5dc8de0b9dcde12,4VU7SBFCHTCD,expedition,2026-09-14 09:16:34.291296,14.704948,-17.446808,Grossiste Dakar,grossisteRepartiteur,Dakar,normal
4fa63a931978452a9f20743acef08136,75W3EHUPS5BK,expedition,2026-09-14 09:16:38.893438,14.717718,-17.470694,Laboratoire Historique,fabricant,Dakar,normal
3f446e67096045d5adfd1c1bcf7fd181,AFERVM9FP2AR,expedition,2026-09-14 09:16:46.756532,14.70482,-17.445954,Grossiste Dakar,grossisteRepartiteur,Dakar,normal
2245b12e9eb24b59a34e79dc7a9dbd01,J2TZ2WPNCKYM,expedition,2026-09-14 09:16:53.336021,14.717286,-17.468822,Laboratoire Historique,fabricant,Dakar,normal
e4e55c556a804ddbac46b710c20fddb5,VSE5M82VJ9VR,expedition,2026-09-14 09:16:59.268841,14.703471,-17.446864,Grossiste Dakar,grossisteRepartiteur,Dakar,normal
83315d7e925f4a76a64d7fa451f8494c,Y5CBP4Z4GZ4P,expedition,2026-09-14 09:17:02.719368,14.719259,-17.470158,Laboratoire Historique,fabricant,Dakar,normal
8e43c50d771f4090bd48ca2d8720a996,3ZPEKMKKSZHR,expedition,2026-09-14 09:17:08.914014,14.705394,-17.445287,Grossiste Dakar,grossisteRepartiteur,Dakar,normal
d2248baced9349bfb9d3547297402387,QXZDHF9YTYG8,expedition,2026-09-14 09:17:12.964677,14.716731,-17.471471,Laboratoire Historique,fabricant,Dakar,normal
9c4e16d134aa44ef852763c8aa3f8a3d,6YYEEARVH9YY,expedition,2026-09-14 09:17:14.932027,14.703237,-17.444403,Grossiste Dakar,grossisteRepartiteur,Dakar,normal
262162b719494961ae79c70a0c6a7e76,SKUVZY8TEER9,expedition,2026-09-14 09:17:26.377419,14.718441,-17.471426,Laboratoire Historique,fabricant,Dakar,normal
c4e3ae73879f4c47aa27de769806ef33,4UPM3RP22ZUU,expedition,2026-09-14 09:17:38.847775,14.717162,-17.471208,Laboratoire Historique,fabricant,Dakar,normal
5740ea693cda43c6b000fd3d57a610bb,CD7AXSET5C3H,expedition,2026-09-14 09:17:51.372042,14.718106,-17.471535,Laboratoire Historique,fabricant,Dakar,normal
4364df46697441609f799ae6c8c3bfb3,9QGMZTYVKQ24,expedition,2026-09-14 09:18:00.826133,14.718528,-17.469974,Laboratoire Historique,fabricant,Dakar,normal
fdc28eeb4cb24d2e9f8cf8fc5c3273f7,HPTDJ8B6C2JZ,expedition,2026-09-14 09:18:09.886596,14.718963,-17.469884,Laboratoire Historique,fabricant,Dakar,normal
a9c5daf9bd7d4afea07a3972b8d3fe75,QEHP4JDD4EFN,expedition,2026-09-14 09:18:16.051821,14.717457,-17.468776,Laboratoire Historique,fabricant,Dakar,normal
105b67cd0f904b4b95e40684d58f23cd,V8WK5MAFTGMN,expedition,2026-09-14 09:18:28.555246,14.719054,-17.469242,Laboratoire Historique,fabricant,Dakar,normal
9a264910c4174d2cac246c5ddfeaa885,82CS3XQJZRHU,expedition,2026-09-14 09:18:37.183666,14.717175,-17.469834,Laboratoire Historique,fabricant,Dakar,normal
022f7fe6d94c49e88569315b71981339,ASGGE2U2J7MH,expedition,2026-09-14 09:18:46.823045,14.719328,-17.469499,Laboratoire Historique,fabricant,Dakar,normal
4057812459a04e41b6af18347cbfa96a,QWKXANH8UQXM,expedition,2026-09-14 09:18:55.094771,14.71819,-17.471471,Laboratoire Historique,fabricant,Dakar,normal
28fa36e462f343848ebfd9ec230a4be9,BKXNSBDNQK2Q,expedition,2026-09-14 09:19:09.806911,14.718692,-17.469479,Laboratoire Historique,fabricant,Dakar,normal
226426015d394e7cb69e39999f3aa22f,SQC76TMH2DAN,expedition,2026-09-14 09:19:21.441344,14.717876,-17.469032,Laboratoire Historique,fabricant,Dakar,normal
83926ebf665c4c399b14fbc61f375f57,T9FWZG2YV77S,expedition,2026-09-14 09:19:36.391036,14.718801,-17.470695,Laboratoire Historique,fabricant,Dakar,normal
f6ec1ab6db674fe1979ed045d12faf6f,4YHUBAEK7E8H,expedition,2026-09-14 09:19:51.371683,14.719058,-17.470376,Laboratoire Historique,fabricant,Dakar,normal
a5bc9c7b8ecd4c3fbe4384465b784635,WGB8XFWW2R7F,expedition,2026-09-14 09:20:02.449599,14.717659,-17.471285,Laboratoire Historique,fabricant,Dakar,normal
b5144d9841264ee59dcf24dd7669d3fa,EPBG62DZW3JG,expedition,2026-09-14 09:20:14.973451,14.717541,-17.468897,Laboratoire Historique,fabricant,Dakar,normal
7255651f233f411fac6d39dd0493d731,NTGTRYT3XQGP,expedition,2026-09-14 09:20:26.873213,14.718446,-17.471051,Laboratoire Historique,fabricant,Dakar,normal
b345e47ca6994380850fbfa92d400a27,GUHNB9PKHBFR,expedition,2026-09-14 09:20:37.769880,14.716751,-17.47071,Laboratoire Historique,fabricant,Dakar,normal
0022f641479948f3a81eadb4329c1ef7,TJSSB8ZZPNA8,expedition,2026-09-14 09:20:52.018797,14.719049,-17.469779,Laboratoire Historique,fabricant,Dakar,normal
dbebffea58844caa93c495cb71053131,27EX853V5TUT,expedition,2026-09-14 09:21:06.403160,14.717848,-17.469336,Laboratoire Historique,fabricant,Dakar,normal
bddcd8c9beb84ae8acbe1442ef5ea64d,5DWQ2YU4828D,expedition,2026-09-14 09:21:21.073836,14.719183,-17.469645,Laboratoire Historique,fabricant,Dakar,normal
b8f648eae335420097a45a34de7bdcc8,Q8CZ69BHW6D3,expedition,2026-09-14 09:21:33.713563,14.718118,-17.469812,Laboratoire Historique,fabricant,Dakar,normal
84b5d7e5cfba4e778345440306cbac4e,9KXVA8MXJ8M9,expedition,2026-09-14 09:21:44.784664,14.718828,-17.471086,Laboratoire Historique,fabricant,Dakar,normal
ed1bb8caab3a4afabe9c0e02d5bf2543,MK8S7AB5B82T,expedition,2026-09-14 09:21:57.291470,14.718541,-17.469204,Laboratoire Historique,fabricant,Dakar,normal
054e984b7aa04dc4b91622f8e3899224,7Z54H265CFHH,expedition,2026-09-14 09:22:09.510655,14.71806,-17.471457,Laboratoire Historique,fabricant,Dakar,normal
f1e41a12262847eca11f7f3406465ff2,UYQYW5ENSVCP,expedition,2026-09-14 09:22:18.655850,14.719159,-17.469001,Laboratoire Historique,fabricant,Dakar,normal
0f7190ee80d840808277300d83ecde54,CNPUJDP9UYXF,expedition,2026-09-14 09:22:26.257778,14.718423,-17.468896,Laboratoire Historique,fabricant,Dakar,normal
7405b8544e484ebe8b8a6877bb4ddb85,HD4XKJP55EWT,expedition,2026-09-14 09:22:33.257552,14.717527,-17.471248,Laboratoire Historique,fabricant,Dakar,normal
1858dde35b384f2baa48b9d0798764c1,NMVR2AKCJ3A8,expedition,2026-09-14 09:22:47.926631,14.716852,-17.471432,Laboratoire Historique,fabricant,Dakar,normal
430fb4e29c214626a8dc641b43cc5d66,XXF2FUQ6Q7KG,expedition,2026-09-14 09:22:59.495665,14.71792,-17.469177,Laboratoire Historique,fabricant,Dakar,normal
7356e68e59dc4b1b824c0de1c460a3b1,Y7X3NRB8852X,reception,2026-09-14 09:23:00,14.702993,-17.437794,Officine off.dakar1,officine,Dakar,normal
8dae0aa80d8f47e291139221892d1420,AVJ8JU5R4RP9,expedition,2026-09-14 09:23:06.102944,14.717193,-17.469177,Laboratoire Historique,fabricant,Dakar,normal
e15fb9ac332040b79af982b7749931bf,YQ562UUNB4MG,reception,2026-09-14 09:23:10.150770,14.700876,-17.439255,Officine off.dakar1,officine,Dakar,normal
a008560153e84019b86928d1de44d889,NGA2EZGUN5CZ,expedition,2026-09-14 09:23:15.128284,14.718775,-17.471256,Laboratoire Historique,fabricant,Dakar,normal
cac3a1eefaed43b8bedbc5e0f0b6baa8,BV4M3BZE5SQP,expedition,2026-09-14 09:23:23.740870,14.718419,-17.470484,Laboratoire Historique,fabricant,Dakar,normal
4cfa6ecd60ee43c69c9a44baddb172fc,ZYEMZCNT8K4Z,reception,2026-09-14 09:23:24.307323,14.700762,-17.439789,Officine off.dakar1,officine,Dakar,normal
2134cc04a73442829bbaf6428239d029,QCDW4UEJF5BJ,expedition,2026-09-14 09:23:31.231616,14.716777,-17.470043,Laboratoire Historique,fabricant,Dakar,normal
54b4244435564fdb8cba003f27ba8f5c,UHAXUFQWWSRB,expedition,2026-09-14 09:23:42.169564,14.718619,-17.469731,Laboratoire Historique,fabricant,Dakar,normal
b7d9eda09ff641ec8d770f6b77854ca5,F8B7F653J5WE,expedition,2026-09-14 09:23:56.103522,14.718763,-17.469321,Laboratoire Historique,fabricant,Dakar,normal
dd35ab492d4644178d19a6c5fbfc1c34,U9MT8EDQRVWT,expedition,2026-09-14 09:24:04.612615,14.718976,-17.46866,Laboratoire Historique,fabricant,Dakar,normal
0776ae0544264b649947cfe5cc54562e,C4J32EPD9J2P,expedition,2026-09-14 09:24:18.850261,14.717187,-17.468946,Laboratoire Historique,fabricant,Dakar,normal
d894604f21ca42b38bd80ec0a59992e1,K8XWDV6P5M5J,expedition,2026-09-14 09:24:29.815331,14.718568,-17.469849,Laboratoire Historique,fabricant,Dakar,normal
b65ffb5adba14559929b10b243d370dd,UK76SV6TUJ7V,expedition,2026-09-14 09:24:43.262000,14.716786,-17.470705,Laboratoire Historique,fabricant,Dakar,normal
0c846441b9a34478b7daf64e5d334870,THYK7QYUDKW5,expedition,2026-09-14 09:24:57.198656,14.717158,-17.470953,Laboratoire Historique,fabricant,Dakar,normal
2a38307b7dab452e9511eec036087103,P6PNMMCFAXMT,expedition,2026-09-14 09:25:04.320592,14.717705,-17.470675,Laboratoire Historique,fabricant,Dakar,normal
16ce5595dd12471483acbefc33c6ca1f,VHFVZPJQ7ZKF,expedition,2026-09-14 09:25:16.280631,14.718223,-17.471335,Laboratoire Historique,fabricant,Dakar,normal
4e49ca2a4c434f479c2206bf33c5e508,YT9MQWKH7QYF,expedition,2026-09-14 09:25:29.157692,14.716968,-17.471282,Laboratoire Historique,fabricant,Dakar,normal
5f9a4da2a89e4486b561027014d8f998,XFRQHZFJMDW3,expedition,2026-09-14 09:25:42.659248,14.717823,-17.470855,Laboratoire Historique,fabricant,Dakar,normal
4e6a2e6c667f4d3fa97351ddf89bced1,SWTG74DXJ34Z,expedition,2026-09-14 09:25:57.061835,14.719244,-17.470879,Laboratoire Historique,fabricant,Dakar,normal
c4c7949af7194268b007aaf52486d3b5,DWBPAQ3V3VPP,reception,2026-09-14 09:26:00,14.145282,-16.065683,Officine off.kaolack1,officine,Kaolack,normal
56e5e3fcb0f24017a3be8ee5f87087fb,9WZCUDZB58QK,expedition,2026-09-14 09:26:04.181619,14.719251,-17.470414,Laboratoire Historique,fabricant,Dakar,normal
3b9dfd1527cf4132a7baf2f52477cef6,6CUR8FFFPA73,reception,2026-09-14 09:26:09.492200,14.143927,-16.06597,Officine off.kaolack1,officine,Kaolack,normal
7287cedd653c4cd882df2d812880aa40,BUPXU5FZJ7JJ,expedition,2026-09-14 09:26:11.946781,14.718027,-17.470556,Laboratoire Historique,fabricant,Dakar,normal
7c1850ec4b7e4aff8622f45c3eff0847,H3XX5R7NSZTG,reception,2026-09-14 09:26:19.959277,14.144839,-16.064282,Officine off.kaolack1,officine,Kaolack,normal
502e2498eac645b38e87142651d34cfa,UBJVS4TUYRMH,expedition,2026-09-14 09:26:22.162760,14.717957,-17.470933,Laboratoire Historique,fabricant,Dakar,normal
ca40d436a6f64563b861a16a269b47a9,86ETM9A8UU9B,expedition,2026-09-14 09:26:28.240623,14.718483,-17.471093,Laboratoire Historique,fabricant,Dakar,normal
b3ca4daf591c4c7c8c8d0c0fec8f12e0,74BPCD2WNTJB,expedition,2026-09-14 09:26:40.932021,14.719226,-17.471405,Laboratoire Historique,fabricant,Dakar,normal
8daae826b6434dbcbc656ddbbd38b27b,JU25RYP8F88A,expedition,2026-09-14 09:26:51.935162,14.717092,-17.470577,Laboratoire Historique,fabricant,Dakar,normal
d22d7a6e853c442b90c128c32368516c,SNYRFCXPE478,expedition,2026-09-14 09:27:01.969471,14.718634,-17.47002,Laboratoire Historique,fabricant,Dakar,normal
5b2e8bf5a02749cbba3d23d49ef8efe6,VWGNBYRA5KAY,expedition,2026-09-14 09:27:09.091225,14.716673,-17.46913,Laboratoire Historique,fabricant,Dakar,normal
3b9babfab5194836bbcd7403746e3149,CSR3HY4MU26T,expedition,2026-09-14 09:27:21.401355,14.719186,-17.471288,Laboratoire Historique,fabricant,Dakar,normal
918181ef72de43e19f23fe72f7c87dd8,MVKCWRBK77ZP,expedition,2026-09-14 09:27:31.149086,14.719155,-17.471448,Laboratoire Historique,fabricant,Dakar,normal
54eb9ac0f534445db0c326d14e0fea91,PF3PQXFDR5QG,expedition,2026-09-14 09:27:46.143792,14.718185,-17.46919,Laboratoire Historique,fabricant,Dakar,normal
b4bc9a558a9643c9b4c2aceba4eabbd1,SYJVZXQ82MZM,expedition,2026-09-14 09:27:59.087820,14.717615,-17.46888,Laboratoire Historique,fabricant,Dakar,normal
c1667b677d96428bbbf9ae862155c2c0,SV8DQGXF4W3K,expedition,2026-09-14 09:28:09.012495,14.718795,-17.468845,Laboratoire Historique,fabricant,Dakar,normal
6a53c23148ad4426b4c6fd0fefb4ea8e,FTAGX7ANAD9J,expedition,2026-09-14 09:28:22.339069,14.717043,-17.469436,Laboratoire Historique,fabricant,Dakar,normal
1b0c1573b85f4eeb930bd104dc6549c5,XSDQFJCB5TZR,expedition,2026-09-14 09:28:35.620304,14.717712,-17.471397,Laboratoire Historique,fabricant,Dakar,normal
6c2a2b4aa7cc445d9fd00ae9405bc46d,7DFREG3CDHWD,expedition,2026-09-14 09:28:42.275493,14.717962,-17.469599,Laboratoire Historique,fabricant,Dakar,normal
bd18aee0119f47bea80a20a1e740b3d0,ZXMS98TBMACQ,expedition,2026-09-14 09:28:52.899075,14.719397,-17.46898,Laboratoire Historique,fabricant,Dakar,normal
0587abaedb0f4a21868c370dd1cc085a,3S482C3ZY7KM,expedition,2026-09-14 09:29:04.322387,14.716811,-17.469242,Laboratoire Historique,fabricant,Dakar,normal
61cf79f98f2d4fd6bf87fb8945da0304,38A7C94WDHZG,expedition,2026-09-14 09:29:13.885119,14.718458,-17.469432,Laboratoire Historique,fabricant,Dakar,normal
992dec7ca9d442e5b8a96f19a1914783,HYZRF2CPRQYQ,expedition,2026-09-14 09:29:26.337051,14.71905,-17.469322,Laboratoire Historique,fabricant,Dakar,normal
151d1be0f67b44ce8b5edc1da8fa2605,N35JWH596RAF,expedition,2026-09-14 09:29:38.346729,14.718975,-17.471496,Laboratoire Historique,fabricant,Dakar,normal
4654d579fd18446686f9e8150d26991d,KBDFRXQKPSSQ,expedition,2026-09-14 09:29:48.326924,14.716997,-17.471296,Laboratoire Historique,fabricant,Dakar,normal
8cf7a00017cf4233aaec2d6d415e58ac,8BXUBBWN996Q,expedition,2026-09-14 09:29:59.878016,14.716976,-17.470629,Laboratoire Historique,fabricant,Dakar,normal
0a2970f6b6d94070a40de00070b83f26,GQ7TUR52CG4X,expedition,2026-09-14 09:30:10.698541,14.718598,-17.470137,Laboratoire Historique,fabricant,Dakar,normal
29a56312ba224cbcae4ebd66b8b03c2f,E4XHS8V28AFZ,expedition,2026-09-14 09:30:21.747305,14.718237,-17.469356,Laboratoire Historique,fabricant,Dakar,normal
5daeed54a64b49c9b968f8a2e3e094f8,7AWNC8KUJ6NU,expedition,2026-09-14 09:30:35.455881,14.719283,-17.470074,Laboratoire Historique,fabricant,Dakar,normal
51269483b53542c3a12cc618e863e3e9,ZJHZXW3PDA9Z,expedition,2026-09-14 09:30:48.773683,14.719455,-17.470357,Laboratoire Historique,fabricant,Dakar,normal
f71dc13aaea94535a68c4c5365ce713b,VVAF9HRS3VY9,expedition,2026-09-14 09:31:03.037476,14.717762,-17.469448,Laboratoire Historique,fabricant,Dakar,normal
17954896c3a44b6ba106d51d146e91a0,3E25V3MMDUDP,expedition,2026-09-14 09:31:09.682822,14.716559,-17.469158,Laboratoire Historique,fabricant,Dakar,normal
a0d168362a964d7b89da3f68f0857d34,BU98XJRGDTFD,expedition,2026-09-14 09:31:18.442897,14.717346,-17.471387,Laboratoire Historique,fabricant,Dakar,normal
b62712dc73e7433da67fac841d8040dc,V3CN64N5TGBN,expedition,2026-09-14 09:31:29.181741,14.718951,-17.469973,Laboratoire Historique,fabricant,Dakar,normal
de8f7c84932949e98fd8f6c2bacfd1b1,8M7TD7UNEC6D,expedition,2026-09-14 09:31:35.948787,14.718016,-17.471321,Laboratoire Historique,fabricant,Dakar,normal
c7f35e7369da4658b56a72ab7544eb33,K8BNBH7X94S7,expedition,2026-09-14 09:31:42.932696,14.717746,-17.47126,Laboratoire Historique,fabricant,Dakar,normal
59886df5e36a4961a6d7813a111ef39d,SD5PEGMV8GAW,expedition,2026-09-14 09:31:54.443794,14.718567,-17.469941,Laboratoire Historique,fabricant,Dakar,normal
48f7a0c2cee249f595ac8b25f39dfc35,ZSEU2WPGJ78U,expedition,2026-09-14 09:32:00.834519,14.716562,-17.471011,Laboratoire Historique,fabricant,Dakar,normal
d21043d88be14e8ea93adadeeffe7fd5,PZSJA8HHA54B,expedition,2026-09-14 09:32:15.277320,14.718545,-17.470227,Laboratoire Historique,fabricant,Dakar,normal
a2ae17e8e6d840c89f1cf90f11910324,UBNG2MGHA7VX,expedition,2026-09-14 09:32:29.159097,14.716997,-17.47085,Laboratoire Historique,fabricant,Dakar,normal
6acb95a8a2294c8ab8ff531f22954b05,J2GVJMAJ57XQ,expedition,2026-09-14 09:32:42.322479,14.716824,-17.469035,Laboratoire Historique,fabricant,Dakar,normal
163de18662e34bdd93c3b042646f4ee3,W2HD6YYH358V,expedition,2026-09-14 09:32:48.884195,14.718203,-17.46902,Laboratoire Historique,fabricant,Dakar,normal
d8f97e28b5cd4e38a7a36ff202ef4693,GWMNVURWV8YD,expedition,2026-09-14 09:32:55.247819,14.717148,-17.471293,Laboratoire Historique,fabricant,Dakar,normal
55110bacce3643ccb9e5063cf7a8ee5b,QTNQ5WBVRAUN,expedition,2026-09-14 09:33:01.308069,14.717477,-17.471099,Laboratoire Historique,fabricant,Dakar,normal
862afc001db24a7d816ab1e472f59dac,EU3BUKZGX8VC,expedition,2026-09-14 09:33:14.426913,14.717164,-17.469447,Laboratoire Historique,fabricant,Dakar,normal
6baac65555e24b8fab48ae1e281db004,VVAXDJ4VCCJU,reception,2026-09-14 10:39:31.426120,14.159763,-16.063512,Officine off.kaolack2,officine,Kaolack,normal
e51bc3e7b37441a88f734babe7c6820e,YKT25KGXTR9D,reception,2026-09-14 10:39:46.376947,14.160205,-16.063791,Officine off.kaolack2,officine,Kaolack,normal
39e0dcf98c444ab3a7f5dc36d380cfbc,PXZ3Y7VGYFA7,reception,2026-09-14 10:39:54.036683,14.161826,-16.061008,Officine off.kaolack2,officine,Kaolack,normal
2caa0ba51a4d4cbbb214fc92ada8dfd2,JPB88ZGSDRYN,dispensation,2026-09-14 11:01:37.640237,15.610845,-16.253239,Officine off.louga1,officine,Louga,normal
e43774827cfa4cc68ac6f6e6b2187b9a,ASQSP89A852W,dispensation,2026-09-14 11:45:56.946502,14.683001,-16.254953,Officine off.diourbel1,officine,Diourbel,normal
3e8b2321c93944fbb2395cc28bb2cfaa,B5H8VBB2W5Q2,dispensation,2026-09-14 12:10:59.712241,14.803258,-16.92494,Officine off.thies1,officine,Thies,normal
3c5c8aaedbce43e0bab0f8510e3e281b,VRD8FPXGY995,dispensation,2026-09-14 14:43:13.030072,15.60821,-16.253178,Officine off.louga1,officine,Louga,normal
7277db548e384b808a1bfa4814ba1e4c,56SRQCYRZYQF,dispensation,2026-09-14 16:22:28.322831,15.610794,-16.250726,Officine off.louga1,officine,Louga,normal
d4da1c56949641edb1cf1b2111d58823,J639QGFH62A6,expedition,2026-09-14 16:40:13.613388,14.703798,-17.444433,Grossiste Dakar,grossisteRepartiteur,Dakar,normal
97e279e8d57d4eb2a7091582be584d5d,J48NTCVBXCRN,expedition,2026-09-14 16:40:26.840081,14.704626,-17.446768,Grossiste Dakar,grossisteRepartiteur,Dakar,normal
f295b198a00745829e4923e5cd114be1,XMKV72GN47UP,expedition,2026-09-14 16:40:35.439651,14.705311,-17.447007,Grossiste Dakar,grossisteRepartiteur,Dakar,normal
0ef406fc7f2d4e02bb711a1215bdbada,UA238KDW9Y9E,expedition,2026-09-14 16:40:42.885790,14.703542,-17.444906,Grossiste Dakar,grossisteRepartiteur,Dakar,normal
96663ff2c08642d6ac7a55c36bf6923a,KRF7Y2JE8PXZ,expedition,2026-09-14 16:40:57.788536,14.704843,-17.446343,Grossiste Dakar,grossisteRepartiteur,Dakar,normal
49f1df586c3a4ec881f5e1f7f9921689,E2J2GRVWWXNJ,expedition,2026-09-14 16:41:11.417947,14.705347,-17.44496,Grossiste Dakar,grossisteRepartiteur,Dakar,normal
2bd0f61a33fd41a081970798ba8f704c,XF7K5MAXEZVB,expedition,2026-09-14 16:41:26.068414,14.704639,-17.447007,Grossiste Dakar,grossisteRepartiteur,Dakar,normal
1d6d6698e07343208ed0e8fb81705512,C5J424V9U3R4,expedition,2026-09-14 16:41:34.538222,14.704483,-17.446568,Grossiste Dakar,grossisteRepartiteur,Dakar,normal
6c7b1d35aaf54c91b77bb2aa52d4c01d,ZH8N3FKKUTF5,expedition,2026-09-14 16:41:45.317095,14.703775,-17.447014,Grossiste Dakar,grossisteRepartiteur,Dakar,normal
dfd60bf2a8a34215a542a3152757decf,AGWFFM9JG94D,expedition,2026-09-14 16:41:59.732678,14.70314,-17.446114,Grossiste Dakar,grossisteRepartiteur,Dakar,normal
769ddad1f1f24fada9ca4253cfbe90c1,BEF9DA6EFQTE,dispensation,2026-09-15 08:14:00,14.802741,-16.923215,Officine off.thies1,officine,Thies,normal
e0165c489abe479bb4911495cf10c3f2,7NNN8PMH3E9P,reception,2026-09-15 08:25:00,15.608613,-16.251154,Officine off.louga1,officine,Louga,normal
45ee65d2a81d4aaca0397d53de5ae9a3,EASVD7VEE529,reception,2026-09-15 08:25:14.895955,15.608535,-16.252898,Officine off.louga1,officine,Louga,normal
11578a241dfb447ab07afd2b6aeb0cce,JPWVUH5ZF562,reception,2026-09-15 08:25:25.822809,15.609503,-16.250633,Officine off.louga1,officine,Louga,normal
0ceee76898f94d9bae492bdd923e0125,Z8BCVWDF3HJB,reception,2026-09-15 08:25:40.025781,15.610504,-16.252063,Officine off.louga1,officine,Louga,normal
04e9ba0955b746dca0260291d526bea3,CP7MDBUBBP4R,reception,2026-09-15 08:25:48.050339,15.608467,-16.253498,Officine off.louga1,officine,Louga,normal
1de96b3cfb3647aca509c62e50f199d2,FUHKNA3T5BBN,reception,2026-09-15 08:25:57.628082,15.610419,-16.252739,Officine off.louga1,officine,Louga,normal
608ce92ab21f4224b2e62e840e8799ca,7M9V7RT4P47R,reception,2026-09-15 08:26:07.402405,15.608669,-16.252144,Officine off.louga1,officine,Louga,normal
8d8cd1872ebb447391fe1bc6d77f13c5,QBJ6FMNBE4DH,reception,2026-09-15 08:26:15.922350,15.610045,-16.252405,Officine off.louga1,officine,Louga,normal
44dd9646a52c490e8a343a7b5cb494d0,VWRWFH47Q83X,reception,2026-09-15 08:26:22.008090,15.610341,-16.251732,Officine off.louga1,officine,Louga,normal
c79af5b615e64da4bfffcf15dee796ee,GYUGJ9VGJKGT,reception,2026-09-15 08:26:33.325241,15.609941,-16.253024,Officine off.louga1,officine,Louga,normal
1f8bf71b15e745af8c4f27c7db3d50b4,7Z7U6VMJTBRX,reception,2026-09-15 08:26:45.607735,15.609849,-16.253601,Officine off.louga1,officine,Louga,normal
c85b3cd7e2984605bc98a66c996883be,GG6TVQ2M3ZYT,dispensation,2026-09-15 08:39:00,12.588621,-16.267068,Officine off.ziguinchor1,officine,Ziguinchor,normal
636ab221073444f1a26493e9c15c4a56,HPZY39Y73YN2,expedition,2026-09-15 08:44:00,14.70373,-17.445894,Grossiste Dakar,grossisteRepartiteur,Dakar,normal
4cf5c011339d49c39ef7e78a6ee05937,7S3XWZ57F2KH,expedition,2026-09-15 08:44:14.514108,14.704756,-17.446595,Grossiste Dakar,grossisteRepartiteur,Dakar,normal
eef5ed4d00a44562b9b75d037f54038d,J3MGY93G2VMX,expedition,2026-09-15 08:44:27.640406,14.702644,-17.446874,Grossiste Dakar,grossisteRepartiteur,Dakar,normal
0f4c476f6ce64e968bd6506e1dfd19fa,C7Q93P9UZUBT,expedition,2026-09-15 08:44:41.533689,14.703294,-17.444549,Grossiste Dakar,grossisteRepartiteur,Dakar,normal
231ddb11e8634149b8c9ec58fa6a1032,8VP99FYXQWUY,dispensation,2026-09-15 08:46:00,14.159858,-16.061733,Officine off.kaolack2,officine,Kaolack,normal
81fdae5a87b34d57983e7178e05fa48e,9RCY96ECSR5D,dispensation,2026-09-15 08:48:00,12.589163,-16.266702,Officine off.ziguinchor1,officine,Ziguinchor,normal
cf7d8766b8a647828d3d519cd67ef777,QSMZ9C4NU5Z7,dispensation,2026-09-15 08:49:00,14.160858,-16.062167,Officine off.kaolack2,officine,Kaolack,normal
df6d14fa819a4791bba551b422e8e6aa,QT2T3RFK5QDB,dispensation,2026-09-15 08:56:00,15.608625,-16.251045,Officine off.louga1,officine,Louga,normal
39ec40edf0a349808b9126f046c05094,72SU29HRMQCM,reception,2026-09-15 08:59:00,14.158787,-16.10003,Grossiste Kaolack,grossisteRepartiteur,Kaolack,normal
8f09cea9df264e9bb33f2d7adce233f5,R5RK5J8TGB7S,reception,2026-09-15 08:59:14.412919,14.157716,-16.099127,Grossiste Kaolack,grossisteRepartiteur,Kaolack,normal
97b714bf89ea4e8bb9223b2265564f34,YDX6CSRNE8VZ,reception,2026-09-15 08:59:26.141975,14.158377,-16.101343,Grossiste Kaolack,grossisteRepartiteur,Kaolack,normal
5b2443f3a6a048118268c213e4c9f9ce,8BX6HKMHGCS3,reception,2026-09-15 08:59:35.781629,14.158172,-16.099099,Grossiste Kaolack,grossisteRepartiteur,Kaolack,normal
6a7731c0180442ec8a5075829af4d318,Y9MYCHMSVW4G,reception,2026-09-15 08:59:48.134836,14.157392,-16.100585,Grossiste Kaolack,grossisteRepartiteur,Kaolack,normal
ef531d537e45472aaec4dec1bc29599c,QNUV7A9EX2NR,reception,2026-09-15 08:59:59.731743,14.158785,-16.099026,Grossiste Kaolack,grossisteRepartiteur,Kaolack,normal
2af389349dbc449e834360588a636e8f,F83X36YG8E8R,reception,2026-09-15 09:00:09.906818,14.158142,-16.099124,Grossiste Kaolack,grossisteRepartiteur,Kaolack,normal
d7cbe4bdbcf04e66afdd8bda868da5e1,JQMUBEZS5ZQZ,reception,2026-09-15 09:00:22.471096,14.158876,-16.100096,Grossiste Kaolack,grossisteRepartiteur,Kaolack,normal
461ce0ae3bbf48c99d5ea7a30156457d,2GJCYEAXTNWE,reception,2026-09-15 09:00:35.249223,14.157307,-16.098887,Grossiste Kaolack,grossisteRepartiteur,Kaolack,normal
c18c81ac09fc4d4eba5b4ef216cfbf06,V8TWCPAAD5FH,reception,2026-09-15 09:00:45.418263,14.158793,-16.099928,Grossiste Kaolack,grossisteRepartiteur,Kaolack,normal
2e003d06ebb5471c90c9be7057e64a46,MZG3NFB9DGPF,reception,2026-09-15 09:00:58.462329,14.158542,-16.098918,Grossiste Kaolack,grossisteRepartiteur,Kaolack,normal
20a6f9b5f0b148d98be2c5dcf7c78a40,DBB24ETMEY4D,reception,2026-09-15 09:01:11.059644,14.157174,-16.099077,Grossiste Kaolack,grossisteRepartiteur,Kaolack,normal
fbe9dd8036704df68bc484ee22e341df,AQBEMZXUB293,reception,2026-09-15 09:01:21.219195,14.157115,-16.100527,Grossiste Kaolack,grossisteRepartiteur,Kaolack,normal
ca58d4e438d64a67957eab87f2f6d9ed,55H7T2FM7PYN,reception,2026-09-15 09:01:31.473183,14.158832,-16.100767,Grossiste Kaolack,grossisteRepartiteur,Kaolack,normal
8cbed7d53c3a4611b68d9ce6e8a55212,W4TADW4MSUCF,reception,2026-09-15 09:01:41.259937,14.157901,-16.100412,Grossiste Kaolack,grossisteRepartiteur,Kaolack,normal
662d301332da4905874b14511ebbbfb9,UQN7B89AMFXJ,reception,2026-09-15 09:01:47.840681,14.157257,-16.100904,Grossiste Kaolack,grossisteRepartiteur,Kaolack,normal
8de23e6c4f9f4707b946a5684ff6fc59,ZXEWJNC9SB6E,reception,2026-09-15 09:02:01.539894,14.157556,-16.09984,Grossiste Kaolack,grossisteRepartiteur,Kaolack,normal
bd91ffbdcd4441d9bb0d72eeb847e753,3WGAVV54YE4C,reception,2026-09-15 09:02:14.624709,14.157788,-16.10132,Grossiste Kaolack,grossisteRepartiteur,Kaolack,normal
e9f1a061ba90448191bd3179228c21d4,TDM5B632ZMED,reception,2026-09-15 09:02:28.552919,14.157552,-16.100975,Grossiste Kaolack,grossisteRepartiteur,Kaolack,normal
37bd9b1fc26d4ce89b8c87af0c894cf1,78JZQJZDVW4V,reception,2026-09-15 09:02:36.352492,14.156778,-16.099727,Grossiste Kaolack,grossisteRepartiteur,Kaolack,normal
33bac76c8d9e4a988c9633ac3e520c99,UGX52KDF6RP4,reception,2026-09-15 09:02:49.369122,14.157125,-16.098746,Grossiste Kaolack,grossisteRepartiteur,Kaolack,normal
b5ae250dedb74a77b94426c30a77a526,2EK93FDHSVKU,reception,2026-09-15 09:03:02.312227,14.158523,-16.099155,Grossiste Kaolack,grossisteRepartiteur,Kaolack,normal
4e618820f27a49be80af66e2597a17dd,VZCQ2R7VFVUM,reception,2026-09-15 09:03:14.766927,14.158639,-16.099802,Grossiste Kaolack,grossisteRepartiteur,Kaolack,normal
86f318b0b56c4b0aa59748e9b28f0b9e,MQTFPWT7WEC3,reception,2026-09-15 09:03:23.147933,14.157896,-16.100904,Grossiste Kaolack,grossisteRepartiteur,Kaolack,normal
72a79ae64bd34a25bc08238b7cd30366,9ZB73K22USGN,reception,2026-09-15 09:03:36.093646,14.157009,-16.100227,Grossiste Kaolack,grossisteRepartiteur,Kaolack,normal
eeee900ef8834b4fbeef511b9f9fcef8,2DXSQXN9CXFB,reception,2026-09-15 09:03:46.138295,14.157351,-16.100136,Grossiste Kaolack,grossisteRepartiteur,Kaolack,normal
e25fdd047b3e46bf9637458bdf5b6819,5QMRE9YZUB7A,reception,2026-09-15 09:03:59.214244,14.157417,-16.101249,Grossiste Kaolack,grossisteRepartiteur,Kaolack,normal
ac6ddcf0f03f4497a76728bc01b7c221,TFWFPEX7E4NQ,reception,2026-09-15 09:04:10.485376,14.156926,-16.099256,Grossiste Kaolack,grossisteRepartiteur,Kaolack,normal
7c7ab73ef0584023ace45ca540122aec,76BD4HECHW5C,reception,2026-09-15 09:04:21.262945,14.156504,-16.099462,Grossiste Kaolack,grossisteRepartiteur,Kaolack,normal
e7be34f087e141c48b49ad43fb3484d6,YG9PGV36Q9DN,reception,2026-09-15 09:04:32.128425,14.158565,-16.099823,Grossiste Kaolack,grossisteRepartiteur,Kaolack,normal
d136c3861b9b4532a5489d78fbd93c16,7HTZYP92H24M,reception,2026-09-15 09:04:38.220532,14.156666,-16.100424,Grossiste Kaolack,grossisteRepartiteur,Kaolack,normal
f572d28d971d4ca09c440e5143ba74ee,GY9ES923RQMA,reception,2026-09-15 09:04:45.448288,14.156548,-16.10109,Grossiste Kaolack,grossisteRepartiteur,Kaolack,normal
21dbc969cc434c2394a0d1a8e7ac04be,Y93AMPRXYRUZ,reception,2026-09-15 09:05:00.437516,14.156392,-16.101216,Grossiste Kaolack,grossisteRepartiteur,Kaolack,normal
14a826dc20924fc49381ad3f3cc32d90,6BE793F2BEB4,reception,2026-09-15 09:05:11.668090,14.157572,-16.099607,Grossiste Kaolack,grossisteRepartiteur,Kaolack,normal
e0a7517dc9114668b093933ba973ec4c,TTGG2ETKECNR,reception,2026-09-15 09:05:23.361114,14.157143,-16.099991,Grossiste Kaolack,grossisteRepartiteur,Kaolack,normal
b2268a4c85d6472fa2ec7594d2dff8a3,EX9EWVF3FKY6,reception,2026-09-15 09:05:29.494266,14.157567,-16.099668,Grossiste Kaolack,grossisteRepartiteur,Kaolack,normal
e44ea9d5772c46e09ea85f6d048a809a,CEA8VJ3WSQ4Y,reception,2026-09-15 09:05:39.325185,14.157371,-16.100895,Grossiste Kaolack,grossisteRepartiteur,Kaolack,normal
0559ded27c0642cba60f3107c9d43e40,RNRZJ3CB6JTV,reception,2026-09-15 09:05:47.084034,14.156191,-16.100964,Grossiste Kaolack,grossisteRepartiteur,Kaolack,normal
420587d799c8444295be22a281abfa4c,EH4FRVPNG6DF,reception,2026-09-15 09:05:55.579735,14.158091,-16.098971,Grossiste Kaolack,grossisteRepartiteur,Kaolack,normal
dabf560648d6437a9f5f92c4b9af7604,NBCAH6VGW9GQ,reception,2026-09-15 09:06:02.116142,14.158202,-16.10151,Grossiste Kaolack,grossisteRepartiteur,Kaolack,normal
fa0aae4cd467411196d7b58b9da6eb05,9UTNE7TA45J2,reception,2026-09-15 09:06:10.254738,14.15793,-16.101006,Grossiste Kaolack,grossisteRepartiteur,Kaolack,normal
8aaebfe367b04b3a947f2134658253fb,HFQ5RBNPJTRX,reception,2026-09-15 09:06:20.160237,14.158743,-16.10165,Grossiste Kaolack,grossisteRepartiteur,Kaolack,normal
2ab1a843a3aa479f8844acc4f706dcab,ZFJJ5CZ8UAMU,reception,2026-09-15 09:06:33.915492,14.156422,-16.101551,Grossiste Kaolack,grossisteRepartiteur,Kaolack,normal
8d938ada51d344db995a430e0d163de9,6KREDGSMKFCX,reception,2026-09-15 09:06:44.169241,14.158603,-16.100598,Grossiste Kaolack,grossisteRepartiteur,Kaolack,normal
6478886a1e8d4bb28e89778ef322661c,2KCPK35KD39X,reception,2026-09-15 09:06:53.406295,14.158461,-16.099242,Grossiste Kaolack,grossisteRepartiteur,Kaolack,normal
147ac900d68044c9a8ecce278dee9374,7AZED9KC2SHM,reception,2026-09-15 09:07:03.859645,14.15713,-16.100302,Grossiste Kaolack,grossisteRepartiteur,Kaolack,normal
45908a85a0804f1f87a03e0a480d7490,NWV8WSJ5A95U,reception,2026-09-15 09:07:11.001570,14.157514,-16.099196,Grossiste Kaolack,grossisteRepartiteur,Kaolack,normal
10c7babb4ef04fd2b2003b1e68a3125e,SGHQHFGNF6MC,reception,2026-09-15 09:07:24.354250,14.157607,-16.10064,Grossiste Kaolack,grossisteRepartiteur,Kaolack,normal
deca132ca2c34a41858bc87c6b802ee1,DFHHE9PDGGAR,reception,2026-09-15 09:07:34.774428,14.157654,-16.099732,Grossiste Kaolack,grossisteRepartiteur,Kaolack,normal
97c0a4aa728b49089271a6352a954df8,HCWD6ZNY9WHA,reception,2026-09-15 09:07:44.603839,14.157464,-16.101381,Grossiste Kaolack,grossisteRepartiteur,Kaolack,normal
8af2770dd3fc4e6ea2de348043386269,58MW5UZCVXTQ,reception,2026-09-15 09:07:53.965030,14.156278,-16.101656,Grossiste Kaolack,grossisteRepartiteur,Kaolack,normal
d39714af571941028b62a4986dcc9a37,BNVKRMVB6WRC,reception,2026-09-15 09:08:03.617204,14.156789,-16.098958,Grossiste Kaolack,grossisteRepartiteur,Kaolack,normal
592c181425694c81bee642c40476c731,95GPT87QVVT6,reception,2026-09-15 09:08:10.638061,14.157075,-16.099473,Grossiste Kaolack,grossisteRepartiteur,Kaolack,normal
3034445f4b45400da4d04420b9ebf556,8VNB5VTG6YDQ,reception,2026-09-15 09:08:25.570896,14.158533,-16.099054,Grossiste Kaolack,grossisteRepartiteur,Kaolack,normal
a55b592c96cd43fe94518a53fff55735,XU7ASHG4YGV4,reception,2026-09-15 09:08:37.466689,14.157066,-16.099277,Grossiste Kaolack,grossisteRepartiteur,Kaolack,normal
316441a90fd6430396ed052f8662f7ee,BYE8446ZMENS,reception,2026-09-15 09:08:49.173057,14.158263,-16.100563,Grossiste Kaolack,grossisteRepartiteur,Kaolack,normal
64819e89eccf4fa1bf4399faf40dc3bc,TM38KQKEUJTE,reception,2026-09-15 09:08:58.707451,14.158586,-16.100644,Grossiste Kaolack,grossisteRepartiteur,Kaolack,normal
72eb52a07a534f1883f6417c88ab8299,XV5MY8RKNBNQ,reception,2026-09-15 09:09:11.681939,14.15712,-16.100928,Grossiste Kaolack,grossisteRepartiteur,Kaolack,normal
a30a23134f064b5bb4307da80cddb9cc,75W3EHUPS5BK,reception,2026-09-15 09:09:20.760174,14.157154,-16.099364,Grossiste Kaolack,grossisteRepartiteur,Kaolack,normal
96350bea5da149bbb1d9d5e78bfa4483,J2TZ2WPNCKYM,reception,2026-09-15 09:09:30.479536,14.157371,-16.099032,Grossiste Kaolack,grossisteRepartiteur,Kaolack,normal
5ed4d21aa5804db6b7d3081116e68075,Y5CBP4Z4GZ4P,reception,2026-09-15 09:09:41.284981,14.159121,-16.099561,Grossiste Kaolack,grossisteRepartiteur,Kaolack,normal
46aaf1d5e6f040de8f1927f3469ec64b,QXZDHF9YTYG8,reception,2026-09-15 09:09:55.852650,14.156468,-16.099916,Grossiste Kaolack,grossisteRepartiteur,Kaolack,normal
9441abc345164a2d92bf71794c188dfd,SKUVZY8TEER9,reception,2026-09-15 09:10:03.804221,14.158403,-16.099417,Grossiste Kaolack,grossisteRepartiteur,Kaolack,normal
e3afeccc13fb45b78868eb1877203d72,4UPM3RP22ZUU,reception,2026-09-15 09:10:13.397919,14.156205,-16.099086,Grossiste Kaolack,grossisteRepartiteur,Kaolack,normal
32cd06f3b67a4a948fbcd82d6c629b2e,CD7AXSET5C3H,reception,2026-09-15 09:10:28.334822,14.157021,-16.101452,Grossiste Kaolack,grossisteRepartiteur,Kaolack,normal
71cc8a9b786b4d9992f6313be5d67f19,9QGMZTYVKQ24,reception,2026-09-15 09:10:35.168223,14.157117,-16.100017,Grossiste Kaolack,grossisteRepartiteur,Kaolack,normal
a2c2fb26a3d84ecabcb264975c39d81f,HPTDJ8B6C2JZ,reception,2026-09-15 09:10:44.133388,14.157313,-16.099847,Grossiste Kaolack,grossisteRepartiteur,Kaolack,normal
9ead948c7fc14339815a85c16b03c8dc,QEHP4JDD4EFN,reception,2026-09-15 09:10:54.254236,14.156735,-16.100232,Grossiste Kaolack,grossisteRepartiteur,Kaolack,normal
719db3ee18be403fb363a3a5be1f068b,V8WK5MAFTGMN,reception,2026-09-15 09:11:02.842147,14.158207,-16.10056,Grossiste Kaolack,grossisteRepartiteur,Kaolack,normal
353a737c59fd4c9a8ac81a5b353e4db5,82CS3XQJZRHU,reception,2026-09-15 09:11:16.377091,14.156749,-16.09984,Grossiste Kaolack,grossisteRepartiteur,Kaolack,normal
a6bb05f939e34094909e615821431496,ASGGE2U2J7MH,reception,2026-09-15 09:11:24.685650,14.156357,-16.099536,Grossiste Kaolack,grossisteRepartiteur,Kaolack,normal
83ea93374e404c64a5bc48b0907b8e5c,QWKXANH8UQXM,reception,2026-09-15 09:11:34.778330,14.157632,-16.099106,Grossiste Kaolack,grossisteRepartiteur,Kaolack,normal
bcf149ec92fc4e5ea6519bb30e6fc115,BKXNSBDNQK2Q,reception,2026-09-15 09:11:41.236942,14.157134,-16.100397,Grossiste Kaolack,grossisteRepartiteur,Kaolack,normal
4e5d9851431e4ace8f51113b522ace7d,SQC76TMH2DAN,reception,2026-09-15 09:11:55.020885,14.157826,-16.101659,Grossiste Kaolack,grossisteRepartiteur,Kaolack,normal
743d04d3c5aa4e10b730302f0cc4a224,T9FWZG2YV77S,reception,2026-09-15 09:12:09.197134,14.158528,-16.101452,Grossiste Kaolack,grossisteRepartiteur,Kaolack,normal
f8b7ac727f3e42aaab94d53b54f31dc9,4YHUBAEK7E8H,reception,2026-09-15 09:12:17.548533,14.157299,-16.10108,Grossiste Kaolack,grossisteRepartiteur,Kaolack,normal
e444929dc80c42a48fe9bf32df509e60,WGB8XFWW2R7F,reception,2026-09-15 09:12:28.771557,14.156526,-16.100414,Grossiste Kaolack,grossisteRepartiteur,Kaolack,normal
4e815bca29de441f887e56a845fd773a,EPBG62DZW3JG,reception,2026-09-15 09:12:37.092141,14.15904,-16.10032,Grossiste Kaolack,grossisteRepartiteur,Kaolack,normal
c5e1dc490e934f5f91e854d92bc476cb,NTGTRYT3XQGP,reception,2026-09-15 09:12:43.435708,14.158085,-16.100862,Grossiste Kaolack,grossisteRepartiteur,Kaolack,normal
2627072e9bef4c34aad9e291fa4d65cf,GUHNB9PKHBFR,reception,2026-09-15 09:12:56.086332,14.158515,-16.099595,Grossiste Kaolack,grossisteRepartiteur,Kaolack,normal
f70073fc6676481b8b1ac2bc750b65fb,TJSSB8ZZPNA8,reception,2026-09-15 09:13:09.200491,14.158596,-16.100718,Grossiste Kaolack,grossisteRepartiteur,Kaolack,normal
64b1cfb1b8044965b3c67dcfd0b4d130,27EX853V5TUT,reception,2026-09-15 09:13:16.481487,14.156503,-16.101087,Grossiste Kaolack,grossisteRepartiteur,Kaolack,normal
fb63121ccee84544bcc05bb251809289,5DWQ2YU4828D,reception,2026-09-15 09:13:31.244758,14.156386,-16.100541,Grossiste Kaolack,grossisteRepartiteur,Kaolack,normal
8045f47b8b854d5eacd904f7417214fb,Q8CZ69BHW6D3,reception,2026-09-15 09:13:46.176375,14.158814,-16.098953,Grossiste Kaolack,grossisteRepartiteur,Kaolack,normal
02136d875bd94aa3bc56ed1ccf1e1f4d,9KXVA8MXJ8M9,reception,2026-09-15 09:13:57.434183,14.159161,-16.100849,Grossiste Kaolack,grossisteRepartiteur,Kaolack,normal
57e08289571e41d18bb3fbf8cea4b436,MK8S7AB5B82T,reception,2026-09-15 09:14:07.900132,14.157432,-16.099039,Grossiste Kaolack,grossisteRepartiteur,Kaolack,normal
b97784279ad04945a6594dba861993b7,7Z54H265CFHH,reception,2026-09-15 09:14:22.062385,14.158084,-16.100962,Grossiste Kaolack,grossisteRepartiteur,Kaolack,normal
d09d6cc48afe41358697a20a6aa60c57,UYQYW5ENSVCP,reception,2026-09-15 09:14:36.001986,14.156433,-16.099883,Grossiste Kaolack,grossisteRepartiteur,Kaolack,normal
719748ffb339408c81fd1faf5da01cb6,CNPUJDP9UYXF,reception,2026-09-15 09:14:42.049955,14.15652,-16.098885,Grossiste Kaolack,grossisteRepartiteur,Kaolack,normal
49b4cc41bc13425c8d5463b84e7229d1,HD4XKJP55EWT,reception,2026-09-15 09:14:51.076947,14.158262,-16.10033,Grossiste Kaolack,grossisteRepartiteur,Kaolack,normal
c0630d72eeac4c21920fd46916466c4d,NMVR2AKCJ3A8,reception,2026-09-15 09:14:59.490520,14.158332,-16.09876,Grossiste Kaolack,grossisteRepartiteur,Kaolack,normal
9c74fd0636af4ebb97dabc69a2e5c9e9,EG5YH2RU4D24,expedition,2026-09-15 09:15:00,14.703987,-17.445829,Grossiste Dakar,grossisteRepartiteur,Dakar,normal
4c4625232941460d86d415eba78c4878,QJ32P5GRDR6S,expedition,2026-09-15 09:15:06.965171,14.703452,-17.444387,Grossiste Dakar,grossisteRepartiteur,Dakar,normal
7a3dc838061c40949636fc5e27e6a8c9,XXF2FUQ6Q7KG,reception,2026-09-15 09:15:12.592150,14.156959,-16.099781,Grossiste Kaolack,grossisteRepartiteur,Kaolack,normal
3dc4652f85534ab49ae1d7ec7277ca85,T2STYP9M6Z7F,expedition,2026-09-15 09:15:13.064249,14.702801,-17.444751,Grossiste Dakar,grossisteRepartiteur,Dakar,normal
0aed7c239e144d8cb3b8678468920848,AVJ8JU5R4RP9,reception,2026-09-15 09:15:20.356219,14.156586,-16.09885,Grossiste Kaolack,grossisteRepartiteur,Kaolack,normal
5427384040304a99acb8ef3aeeacb271,U5CJ3H26Z2BH,expedition,2026-09-15 09:15:22.910702,14.704708,-17.447188,Grossiste Dakar,grossisteRepartiteur,Dakar,normal
ba2283f758764acf9423893e9d6416a8,NGA2EZGUN5CZ,reception,2026-09-15 09:15:28.593412,14.157232,-16.099827,Grossiste Kaolack,grossisteRepartiteur,Kaolack,normal
12f8df965b9e4d409656532a41e075c0,6GYWAKRCUV3W,expedition,2026-09-15 09:15:31.423464,14.70534,-17.446481,Grossiste Dakar,grossisteRepartiteur,Dakar,normal
a3d22b706d6a403fb12e2977e322d41a,BV4M3BZE5SQP,reception,2026-09-15 09:15:36.746447,14.157684,-16.10025,Grossiste Kaolack,grossisteRepartiteur,Kaolack,normal
81922d255382438fb60d8892bbf3747e,QCDW4UEJF5BJ,reception,2026-09-15 09:15:50.673199,14.159093,-16.099508,Grossiste Kaolack,grossisteRepartiteur,Kaolack,normal
148755d7053c4cd4ad030936b8a1b0e7,UHAXUFQWWSRB,reception,2026-09-15 09:16:04.622819,14.158289,-16.101693,Grossiste Kaolack,grossisteRepartiteur,Kaolack,normal
21aaf3368276448eada29c621af6fa52,F8B7F653J5WE,reception,2026-09-15 09:16:10.734404,14.157515,-16.099138,Grossiste Kaolack,grossisteRepartiteur,Kaolack,normal
64702d18caae44dfa07917cbdebcbbc8,U9MT8EDQRVWT,reception,2026-09-15 09:16:23.924576,14.158842,-16.099025,Grossiste Kaolack,grossisteRepartiteur,Kaolack,normal
27f8d6da99ef4cecbfc0c495b3ce8aa7,C4J32EPD9J2P,reception,2026-09-15 09:16:37.163858,14.159145,-16.100762,Grossiste Kaolack,grossisteRepartiteur,Kaolack,normal
9a28212d79104877925d778c7f984531,K8XWDV6P5M5J,reception,2026-09-15 09:16:49.724897,14.158028,-16.099976,Grossiste Kaolack,grossisteRepartiteur,Kaolack,normal
4c48d47acf38480fab176c20a36a54e0,UK76SV6TUJ7V,reception,2026-09-15 09:16:58.330500,14.156973,-16.101322,Grossiste Kaolack,grossisteRepartiteur,Kaolack,normal
f857c56e91434b7b9db4a34ef08fcbde,THYK7QYUDKW5,reception,2026-09-15 09:17:12.149349,14.159066,-16.101569,Grossiste Kaolack,grossisteRepartiteur,Kaolack,normal
6e37f149a80a4cb295257be75ec0cf58,P6PNMMCFAXMT,reception,2026-09-15 09:17:24.616597,14.157887,-16.099453,Grossiste Kaolack,grossisteRepartiteur,Kaolack,normal
bf94bf62c26341a69cf68db1483e9207,VHFVZPJQ7ZKF,reception,2026-09-15 09:17:36.904456,14.156392,-16.100797,Grossiste Kaolack,grossisteRepartiteur,Kaolack,normal
13fe91ba60dd416bbb32ef386084e4e0,YT9MQWKH7QYF,reception,2026-09-15 09:17:43.542652,14.157398,-16.099884,Grossiste Kaolack,grossisteRepartiteur,Kaolack,normal
ba0325da8c514c2abe4a9cf893cfc216,XFRQHZFJMDW3,reception,2026-09-15 09:17:58.034782,14.156554,-16.101107,Grossiste Kaolack,grossisteRepartiteur,Kaolack,normal
ec1e67e5162248a2bbabd8ddd5419b86,SWTG74DXJ34Z,reception,2026-09-15 09:18:06.781229,14.15643,-16.09995,Grossiste Kaolack,grossisteRepartiteur,Kaolack,normal
171ff41ca67a4e039db3ae1be7edd2f1,9WZCUDZB58QK,reception,2026-09-15 09:18:21.047488,14.158616,-16.099965,Grossiste Kaolack,grossisteRepartiteur,Kaolack,normal
c3202281e55f4d4ca80ded5e856b92f3,BUPXU5FZJ7JJ,reception,2026-09-15 09:18:34.905755,14.158733,-16.101315,Grossiste Kaolack,grossisteRepartiteur,Kaolack,normal
e3b9d57a57c94906a0c19cea68b433fc,UBJVS4TUYRMH,reception,2026-09-15 09:18:49.349998,14.157758,-16.101025,Grossiste Kaolack,grossisteRepartiteur,Kaolack,normal
f90f30c92b5e4a1fa88e25dce0ac2ef3,86ETM9A8UU9B,reception,2026-09-15 09:18:59.412491,14.157262,-16.098816,Grossiste Kaolack,grossisteRepartiteur,Kaolack,normal
6f0186a6b9904037b2474273f5c1b4de,74BPCD2WNTJB,reception,2026-09-15 09:19:14.312044,14.156192,-16.101444,Grossiste Kaolack,grossisteRepartiteur,Kaolack,normal
2b33813a7aec4e4aa17bcd8bdaae8b34,JU25RYP8F88A,reception,2026-09-15 09:19:23.470916,14.1578,-16.099816,Grossiste Kaolack,grossisteRepartiteur,Kaolack,normal
cc6a25d6bc1340ad87ea97e5818b7b6e,SNYRFCXPE478,reception,2026-09-15 09:19:30.424133,14.15648,-16.099628,Grossiste Kaolack,grossisteRepartiteur,Kaolack,normal
1e2bd2fc7e5a485ba8fd1c3a50269479,VWGNBYRA5KAY,reception,2026-09-15 09:19:39.383405,14.157448,-16.101389,Grossiste Kaolack,grossisteRepartiteur,Kaolack,normal
97791c7ea9a248739fa6eb5cb888851a,CSR3HY4MU26T,reception,2026-09-15 09:19:53.736243,14.157019,-16.098942,Grossiste Kaolack,grossisteRepartiteur,Kaolack,normal
5775134d4ae14020872b3bedd3308cfa,MVKCWRBK77ZP,reception,2026-09-15 09:20:04.908568,14.159014,-16.099542,Grossiste Kaolack,grossisteRepartiteur,Kaolack,normal
1af78f5f693a4fae967ef645ba63ee25,PF3PQXFDR5QG,reception,2026-09-15 09:20:16.270832,14.15888,-16.100217,Grossiste Kaolack,grossisteRepartiteur,Kaolack,normal
208c4de342c84400ba23712d13e336a7,SYJVZXQ82MZM,reception,2026-09-15 09:20:26.473697,14.158956,-16.100767,Grossiste Kaolack,grossisteRepartiteur,Kaolack,normal
ed68034ec8dc4694ab31bf7790adc460,SV8DQGXF4W3K,reception,2026-09-15 09:20:36.435493,14.156834,-16.100406,Grossiste Kaolack,grossisteRepartiteur,Kaolack,normal
882f0a6f555a4990ba737be058ee5c73,FTAGX7ANAD9J,reception,2026-09-15 09:20:50.023356,14.158434,-16.100846,Grossiste Kaolack,grossisteRepartiteur,Kaolack,normal
5c1baf6a370345e68909d86b4ddbd747,XSDQFJCB5TZR,reception,2026-09-15 09:21:03.723393,14.156698,-16.09963,Grossiste Kaolack,grossisteRepartiteur,Kaolack,normal
fad1827e6bc44581980507dd8be2d601,7DFREG3CDHWD,reception,2026-09-15 09:21:09.822492,14.157562,-16.099421,Grossiste Kaolack,grossisteRepartiteur,Kaolack,normal
e86d7cd7d4e645c89b90bd62b1a0cd87,ZXMS98TBMACQ,reception,2026-09-15 09:21:21.666409,14.157377,-16.09906,Grossiste Kaolack,grossisteRepartiteur,Kaolack,normal
1d5aa94356014b409534f57386f79f3f,3S482C3ZY7KM,reception,2026-09-15 09:21:27.928353,14.156989,-16.099276,Grossiste Kaolack,grossisteRepartiteur,Kaolack,normal
7a859956e744484db9074aec38c07bb8,38A7C94WDHZG,reception,2026-09-15 09:21:35.527055,14.157046,-16.099385,Grossiste Kaolack,grossisteRepartiteur,Kaolack,normal
f8570de037234101a806a1cd127503e4,HYZRF2CPRQYQ,reception,2026-09-15 09:21:50.486106,14.157397,-16.100217,Grossiste Kaolack,grossisteRepartiteur,Kaolack,normal
02dca9087ef44966a6ef8e8d08432d43,N35JWH596RAF,reception,2026-09-15 09:22:04.163586,14.156242,-16.100278,Grossiste Kaolack,grossisteRepartiteur,Kaolack,normal
e8c550ed3aa24cef849ea71042375309,KBDFRXQKPSSQ,reception,2026-09-15 09:22:13.885411,14.156521,-16.101339,Grossiste Kaolack,grossisteRepartiteur,Kaolack,normal
a496b1e4c77f46dabfd84ecf116b36b0,8BXUBBWN996Q,reception,2026-09-15 09:22:20.939946,14.156481,-16.099279,Grossiste Kaolack,grossisteRepartiteur,Kaolack,normal
01936d4ddb884ce88028fa67491ccbd0,GQ7TUR52CG4X,reception,2026-09-15 09:22:30.441066,14.157717,-16.100078,Grossiste Kaolack,grossisteRepartiteur,Kaolack,normal
64ee093780504c51be59ec7e17dbd7be,E4XHS8V28AFZ,reception,2026-09-15 09:22:43.855778,14.156179,-16.101343,Grossiste Kaolack,grossisteRepartiteur,Kaolack,normal
df4bd73670ac4682a5a5eb9e61699324,7AWNC8KUJ6NU,reception,2026-09-15 09:22:54.043868,14.15669,-16.101678,Grossiste Kaolack,grossisteRepartiteur,Kaolack,normal
e84a0f7367cc4b1497a9eb7275c9facd,ZJHZXW3PDA9Z,reception,2026-09-15 09:23:04.240328,14.156395,-16.099433,Grossiste Kaolack,grossisteRepartiteur,Kaolack,normal
7f2daabe56094a82b6d7be037430ef5d,VVAF9HRS3VY9,reception,2026-09-15 09:23:10.468210,14.157583,-16.101735,Grossiste Kaolack,grossisteRepartiteur,Kaolack,normal
0fe9d66370614d3fbc82d126e3e7b7ca,3E25V3MMDUDP,reception,2026-09-15 09:23:23.371253,14.157673,-16.100864,Grossiste Kaolack,grossisteRepartiteur,Kaolack,normal
4d5e9dcdfb3d4a02a408dec33abdbbd0,BU98XJRGDTFD,reception,2026-09-15 09:23:37.720334,14.157149,-16.099668,Grossiste Kaolack,grossisteRepartiteur,Kaolack,normal
e5c3e88fbb6c42d4b9caa6fac2ac504d,V3CN64N5TGBN,reception,2026-09-15 09:23:47.852546,14.157472,-16.098842,Grossiste Kaolack,grossisteRepartiteur,Kaolack,normal
9520f5979aa0457c867b7e25094e6f6e,8M7TD7UNEC6D,reception,2026-09-15 09:24:00.989896,14.157812,-16.100058,Grossiste Kaolack,grossisteRepartiteur,Kaolack,normal
dbe1ed36234742a3a322789472778450,K8BNBH7X94S7,reception,2026-09-15 09:24:10.017556,14.157985,-16.099121,Grossiste Kaolack,grossisteRepartiteur,Kaolack,normal
96a7ec24557343a5a643b2d6ea561819,SD5PEGMV8GAW,reception,2026-09-15 09:24:21.114404,14.15895,-16.099031,Grossiste Kaolack,grossisteRepartiteur,Kaolack,normal
d57bd754ecb0427dba7b202e171fe2c5,ZSEU2WPGJ78U,reception,2026-09-15 09:24:32.998095,14.157608,-16.100019,Grossiste Kaolack,grossisteRepartiteur,Kaolack,normal
6a804cf75fdb4ba594306bd77c9dbd9d,PZSJA8HHA54B,reception,2026-09-15 09:24:44.098002,14.156308,-16.098751,Grossiste Kaolack,grossisteRepartiteur,Kaolack,normal
3907720a7544435981961acb8456c9ad,UBNG2MGHA7VX,reception,2026-09-15 09:24:51.470214,14.158156,-16.099397,Grossiste Kaolack,grossisteRepartiteur,Kaolack,normal
a9972d1373af4ccfb054cd0b90c6623c,J2GVJMAJ57XQ,reception,2026-09-15 09:24:57.848079,14.159109,-16.100566,Grossiste Kaolack,grossisteRepartiteur,Kaolack,normal
034a6b8a8d54486785234dfc564a0742,W2HD6YYH358V,reception,2026-09-15 09:25:05.034769,14.158198,-16.101225,Grossiste Kaolack,grossisteRepartiteur,Kaolack,normal
ba962d5f28e64027a536da9cf11fcc33,GWMNVURWV8YD,reception,2026-09-15 09:25:15.886871,14.15782,-16.101658,Grossiste Kaolack,grossisteRepartiteur,Kaolack,normal
688c4e0a657d4d7a8bed98384b70e24f,QTNQ5WBVRAUN,reception,2026-09-15 09:25:24.688518,14.158811,-16.100593,Grossiste Kaolack,grossisteRepartiteur,Kaolack,normal
4a161016bbc840b1bcf0bf9e5fe6da9f,EU3BUKZGX8VC,reception,2026-09-15 09:25:32.880559,14.157344,-16.099151,Grossiste Kaolack,grossisteRepartiteur,Kaolack,normal
6f68e20a3893441daab2e237592a2d50,GMYCV8SR728G,reception,2026-09-15 09:29:00,14.684475,-16.242739,SR Diourbel,SR,Diourbel,normal
4301f112845e493cae386e71596fe735,TW63KSX7EHNS,reception,2026-09-15 09:29:12.777154,14.683019,-16.243188,SR Diourbel,SR,Diourbel,normal
ba0a8e4dd69149bb86de22277a6ec8f9,PZK2CZUGYPRG,reception,2026-09-15 09:29:19.145057,14.684857,-16.241949,SR Diourbel,SR,Diourbel,normal
a00aa545cfb14edeaa16875181af8818,E9ZCYYEY6QS6,reception,2026-09-15 09:29:30.537967,14.684802,-16.242282,SR Diourbel,SR,Diourbel,normal
1aae55e011124da596017dc8c83f87a3,EYRNJ3RW47D3,reception,2026-09-15 09:29:41.062395,14.682865,-16.244053,SR Diourbel,SR,Diourbel,normal
c56289796bd34daf9621b85c10e649bd,GM5HH72ESDEN,reception,2026-09-15 09:29:54.107108,14.684837,-16.241952,SR Diourbel,SR,Diourbel,normal
35100a6cf27842309ae557bd4803b6aa,SRYFP2AFFBEU,reception,2026-09-15 09:30:03.709958,14.684394,-16.243865,SR Diourbel,SR,Diourbel,normal
374d01d662994bdc9e5a15a2f7ddc984,XPZHEH3GWFYU,dispensation,2026-09-15 11:21:36.288992,16.008416,-16.517479,Officine off.saintlouis1,officine,Saint-Louis,normal
fe5978da559e4d9bbf0fbd070e658314,9FUS662SMS8H,reception,2026-09-15 12:18:19.678470,13.753221,-13.673942,Officine off.tamba1,officine,Tambacounda,normal
d75d8af9ea234f7ea64bb0a08fb48652,EFBNJRJT46AG,reception,2026-09-15 12:18:27.134603,13.75505,-13.673298,Officine off.tamba1,officine,Tambacounda,normal
fc54cc6c540e455aaa3012f09271ab5e,848NGZKC8WQR,reception,2026-09-15 12:18:39.590233,13.755092,-13.674227,Officine off.tamba1,officine,Tambacounda,normal
42e5b408f9e345db9fc1daa1c7a03fe7,X6ZHHPED424K,reception,2026-09-15 12:18:52.980273,13.755963,-13.67369,Officine off.tamba1,officine,Tambacounda,normal
4c2b5650f70c4335951139fd323af8d6,AAS8Q9WE7CWU,reception,2026-09-15 12:19:07.709029,13.753874,-13.672632,Officine off.tamba1,officine,Tambacounda,normal
2d58e1431d6e469983680052f763747d,YE6HADB3UGFN,reception,2026-09-15 12:19:16.094373,13.75411,-13.673795,Officine off.tamba1,officine,Tambacounda,normal
d08f7c10b37a40eda4ef24fc208de708,X9K3HMVE9AM7,dispensation,2026-09-15 12:19:22.543064,14.160493,-16.063595,Officine off.kaolack2,officine,Kaolack,normal
3cd3ba76b4294932a321cdb3b33905f7,YCQYD58WKJ42,reception,2026-09-15 12:19:25.717743,13.756166,-13.674823,Officine off.tamba1,officine,Tambacounda,normal
ca9ddf6757d94bfcb48791305366dd35,R62RD4G7CBTJ,reception,2026-09-15 12:19:34.333636,13.754969,-13.673211,Officine off.tamba1,officine,Tambacounda,normal
910b6e4db3474725a293f7c43e793829,EFBNJRJT46AG,reception,2026-09-15 13:07:32.789476,14.801042,-16.923709,Officine off.thies1,officine,Thies,trajetInhabituel
7686234927394974a15869de6c8a643d,UC7Y4EMVSU3T,reception,2026-09-15 13:40:52.139665,13.757559,-13.679331,SR Tambacounda,SR,Tambacounda,normal
07f5d1ad41f74be78a0b901a4457ec26,DHDVKAN4ZAK7,reception,2026-09-15 13:40:59.283372,13.75788,-13.680325,SR Tambacounda,SR,Tambacounda,normal
ac11db3c62c1404dac2668b0ac950c34,DDQJ6NR3VSEJ,reception,2026-09-15 13:41:07.698233,13.757372,-13.679471,SR Tambacounda,SR,Tambacounda,normal
9801b62648fb47d7afae814117554999,4VU7SBFCHTCD,reception,2026-09-15 13:41:16.949532,13.758568,-13.679473,SR Tambacounda,SR,Tambacounda,normal
6e8f85a732894f0ea0b57dc99ea47769,AFERVM9FP2AR,reception,2026-09-15 13:41:25.366854,13.756549,-13.680409,SR Tambacounda,SR,Tambacounda,normal
f1a8560f04434b75a2e51697019b84d5,VSE5M82VJ9VR,reception,2026-09-15 13:41:36.258117,13.758155,-13.680092,SR Tambacounda,SR,Tambacounda,normal
51728dc0984943c8bb2431b27cbf1cf3,3ZPEKMKKSZHR,reception,2026-09-15 13:41:44.538329,13.758567,-13.677775,SR Tambacounda,SR,Tambacounda,normal
fd87f73bdfa148ae8abcc18cf4e4204f,6YYEEARVH9YY,reception,2026-09-15 13:41:57.916845,13.757498,-13.680193,SR Tambacounda,SR,Tambacounda,normal
df3feab37dd645dfb1c800267c2b6421,FAC6JXSA82UB,reception,2026-09-15 13:58:26.319657,16.008118,-16.516672,Officine off.saintlouis1,officine,Saint-Louis,normal
90cd643e91e54a5096a61d7c43203795,SNXABEAWWB9N,reception,2026-09-15 13:58:35.589100,16.008125,-16.517248,Officine off.saintlouis1,officine,Saint-Louis,normal
0e3b7fc4a61a41c69a1de49030a91914,BE98M3JU9PJ6,reception,2026-09-15 13:58:43.226821,16.006854,-16.518386,Officine off.saintlouis1,officine,Saint-Louis,normal
c88d7a4c680e413cab9c24b50705607a,C4MRH5857K2X,reception,2026-09-15 13:58:43.864698,14.665764,-17.464415,SR Dakar,SR,Dakar,normal
74f34832574640c0bcb702bfa643f140,XFWZRAQT6Q8S,reception,2026-09-15 13:58:51.044540,14.666523,-17.463089,SR Dakar,SR,Dakar,normal
fdec1c522ca94fb88106059141b3d363,CWY2SJZZ98BP,reception,2026-09-15 13:58:54.834966,16.008055,-16.517114,Officine off.saintlouis1,officine,Saint-Louis,normal
7f28362d4b58490aa7202af56e34d5e4,F8TXHHK3VNQQ,reception,2026-09-15 13:59:02.011042,14.667428,-17.464591,SR Dakar,SR,Dakar,normal
24627722d40f45ed86d48b6501a1e9a2,KAK3C8SNEMFT,reception,2026-09-15 13:59:10.640934,14.667083,-17.463088,SR Dakar,SR,Dakar,normal
58c25e44387641019fee79df24be8715,EMTPS93UFRV3,reception,2026-09-15 13:59:25.475417,14.666163,-17.46397,SR Dakar,SR,Dakar,normal
101d81d7adab46eb807f6e8e9cfe08d5,HQTXW7MEK6XE,reception,2026-09-15 13:59:34.022749,14.66819,-17.462642,SR Dakar,SR,Dakar,normal
196a4555b5fa42008d5197706965491e,5HMW5H8KRJDE,reception,2026-09-15 13:59:46.247262,14.668003,-17.464833,SR Dakar,SR,Dakar,normal
25793796b8d941d4bd2fc7866eccd665,8PRSFGZRYE3V,reception,2026-09-15 13:59:57.976063,14.667028,-17.464276,SR Dakar,SR,Dakar,normal
d3d5cc576b654697a431df2868e3c94f,UE2DM29PQDG9,dispensation,2026-09-15 14:11:48.868843,16.00683,-16.517414,Officine off.saintlouis1,officine,Saint-Louis,normal
161bd8cc2b1e418b98e1ec56a3c6ebc8,6V7T8B8P284S,dispensation,2026-09-15 16:56:41.426426,14.803698,-16.925604,Officine off.thies1,officine,Thies,normal
1c8b530392654eefa1a5824b76b1979d,9DHGUJCZU4Q4,expedition,2026-09-16 08:13:00,14.718054,-17.470821,Laboratoire Historique,fabricant,Dakar,normal
3a68cf0fd7064dfcaf8d627aa3796b1b,HHANSBYMXSF3,expedition,2026-09-16 08:13:06.689035,14.718079,-17.469734,Laboratoire Historique,fabricant,Dakar,normal
c13ad8eb15154023bcf971f1205a9ef3,229APBB3U3HE,expedition,2026-09-16 08:13:15.985455,14.717651,-17.468668,Laboratoire Historique,fabricant,Dakar,normal
0689a0519a9249a985811260ed74438f,NK4368G93MRP,expedition,2026-09-16 08:13:30.965709,14.717426,-17.469577,Laboratoire Historique,fabricant,Dakar,normal
5c56e5b5b1b649f6ba1cd0fa51b5c900,9NQ62FHUEWPV,expedition,2026-09-16 08:13:45.601610,14.718447,-17.469079,Laboratoire Historique,fabricant,Dakar,normal
c190b397acc3484da70d988cf7c8dd34,AGKTEJUFRCUN,expedition,2026-09-16 08:13:54.950608,14.717296,-17.469315,Laboratoire Historique,fabricant,Dakar,normal
c2bccd9c73a14b9492c68c71f5b53f45,A5NV8E8XBXHC,expedition,2026-09-16 08:14:06.226113,14.718533,-17.469628,Laboratoire Historique,fabricant,Dakar,normal
ffc8611ddb2142d1b64cf28fd9ee470b,KX3GMUVXJC8B,expedition,2026-09-16 08:14:13.051735,14.71856,-17.471251,Laboratoire Historique,fabricant,Dakar,normal
c2479c0d7a524545b76c6a56a62e390f,C8F49EMS22SH,expedition,2026-09-16 08:14:24.828565,14.716502,-17.470008,Laboratoire Historique,fabricant,Dakar,normal
010719a08171414fa49e0a56dc267b73,39DYXZDUP95K,expedition,2026-09-16 08:14:38.110850,14.718058,-17.471463,Laboratoire Historique,fabricant,Dakar,normal
e28ca9fd6c534927ad5239cbd4df484f,2KWGQNEAE9NH,expedition,2026-09-16 08:14:51.628566,14.719093,-17.469869,Laboratoire Historique,fabricant,Dakar,normal
0a52fdb1d26b4c38b5bf1019546e9728,AFKC4TB4VA8G,expedition,2026-09-16 08:15:03.325666,14.717818,-17.470482,Laboratoire Historique,fabricant,Dakar,normal
1f7af81b9ce6400d8b8a8005a5f016b2,MS3RJA5WVQ9Q,expedition,2026-09-16 08:15:10.658666,14.716736,-17.46955,Laboratoire Historique,fabricant,Dakar,normal
f7bc223014ea4a0480a66f3ff0df3312,HGU3HANKR4K2,expedition,2026-09-16 08:15:22.561517,14.719266,-17.468876,Laboratoire Historique,fabricant,Dakar,normal
9c1286310d4f4d0c838bde583dad4eca,KGHYYE4EC54Y,expedition,2026-09-16 08:15:31.350684,14.717509,-17.470507,Laboratoire Historique,fabricant,Dakar,normal
8e5c7460c42147718f6aa6109d1641dc,ZADMZD6TJYGA,expedition,2026-09-16 08:15:45.171182,14.717841,-17.469395,Laboratoire Historique,fabricant,Dakar,normal
d86f9cc328e8446c8a897fe2fcf2f5e1,EJEFEYBM4KVF,expedition,2026-09-16 08:15:54.829330,14.718462,-17.471401,Laboratoire Historique,fabricant,Dakar,normal
946ca77b873049cd9b544f3246fd9819,MDHK4J6VYBSW,expedition,2026-09-16 08:16:06.650807,14.717584,-17.46934,Laboratoire Historique,fabricant,Dakar,normal
99dd290b7a68473885fbfc879b7af635,7CRUFDYRK3GH,expedition,2026-09-16 08:16:17.968968,14.716771,-17.471156,Laboratoire Historique,fabricant,Dakar,normal
55975e09b02a4a93bd374648ed756f94,XSZCSVAZ29S2,expedition,2026-09-16 08:16:30.512129,14.717608,-17.468933,Laboratoire Historique,fabricant,Dakar,normal
fdeedaecffca4a99b5ef9fc59282f301,PP26KNUT625U,expedition,2026-09-16 08:16:38.488449,14.718526,-17.471445,Laboratoire Historique,fabricant,Dakar,normal
3aad8475aca2467ab60d76cb3b6d6134,4HAAKFGCSK4R,expedition,2026-09-16 08:16:51.445958,14.717204,-17.471123,Laboratoire Historique,fabricant,Dakar,normal
5a3749804cff440c8b1e6e153ceb5cb6,E6XTBBUPCHRX,expedition,2026-09-16 08:17:01.924004,14.718858,-17.4692,Laboratoire Historique,fabricant,Dakar,normal
19d5eeab0f8a4fdab8ec6728b8674c5a,58DD3UWHDD78,expedition,2026-09-16 08:17:10.278206,14.717427,-17.470284,Laboratoire Historique,fabricant,Dakar,normal
64a8ec0289bb4ace998dea64d5b68f45,M3B8QE4YV46D,expedition,2026-09-16 08:17:24.987694,14.717996,-17.470085,Laboratoire Historique,fabricant,Dakar,normal
5984a484d651435e89a681f648108a29,BJZVTP7VEMBJ,expedition,2026-09-16 08:17:33.185268,14.717568,-17.46962,Laboratoire Historique,fabricant,Dakar,normal
fa65c96f5ec544089998f58cff848677,38WSB6UCGSBX,expedition,2026-09-16 08:17:43.417427,14.71655,-17.471516,Laboratoire Historique,fabricant,Dakar,normal
cc2b6b693a1a4681b8c62a1b87705462,MJJMGYB4E2FD,expedition,2026-09-16 08:17:55.406237,14.719181,-17.4712,Laboratoire Historique,fabricant,Dakar,normal
15cf30eacc4549a3b80eca6e1ab419d6,934VMWHAN8TP,expedition,2026-09-16 08:18:02.102923,14.716997,-17.468867,Laboratoire Historique,fabricant,Dakar,normal
aa14b496cfac4c518ac29e73a8bb0309,95RX8ZHN86T7,expedition,2026-09-16 08:18:14.894949,14.716515,-17.470467,Laboratoire Historique,fabricant,Dakar,normal
c8913488135e447dbbe093334dd711c7,3XYQ72CQ3FVK,expedition,2026-09-16 08:18:24.182463,14.718991,-17.470226,Laboratoire Historique,fabricant,Dakar,normal
30ac5703c12845ce9dcd66a83a0b4392,JMNZQZ5YDMAJ,expedition,2026-09-16 08:18:33.869298,14.716638,-17.4699,Laboratoire Historique,fabricant,Dakar,normal
9fdeb1a84e5644628ef57170c875d0ca,32ZXQNDWUY82,expedition,2026-09-16 08:18:48.041405,14.717894,-17.471312,Laboratoire Historique,fabricant,Dakar,normal
1f67cbdd6bef40ceaa6d7728c6174753,JCGBQGUU8UDY,expedition,2026-09-16 08:19:01.324714,14.719366,-17.470281,Laboratoire Historique,fabricant,Dakar,normal
b6318e84b1f5425998a913729885e46d,Y5T4UJT2GG7Q,expedition,2026-09-16 08:19:14.452752,14.718724,-17.470444,Laboratoire Historique,fabricant,Dakar,normal
2d296b4270d148cf9c0e77c15e6bd1b1,BCZX4EV9Q4Z4,expedition,2026-09-16 08:19:24.052616,14.717552,-17.469555,Laboratoire Historique,fabricant,Dakar,normal
db2ee1316542430587a99cdba2ef3a61,YGQHJFNXA6BV,expedition,2026-09-16 08:19:38.217713,14.717161,-17.469033,Laboratoire Historique,fabricant,Dakar,normal
cb30c6d4215842c7b9ceb2c049211b77,ZTY3S6MK9C3K,expedition,2026-09-16 08:19:46.525709,14.719131,-17.469931,Laboratoire Historique,fabricant,Dakar,normal
dc2188c84d8f4e3aa9cd9363b054d860,AZRYGXGKQH3Z,expedition,2026-09-16 08:19:54.290836,14.716856,-17.471108,Laboratoire Historique,fabricant,Dakar,normal
86c94f5342e64360ae03e539349b6d5b,Y8J659RFKW9P,expedition,2026-09-16 08:20:08.951211,14.717343,-17.468814,Laboratoire Historique,fabricant,Dakar,normal
eadb5e4a7f264a78b0cccd1d24380655,CZRZTYDWGVGS,expedition,2026-09-16 08:20:21.253468,14.718325,-17.469111,Laboratoire Historique,fabricant,Dakar,normal
bf38843eecc74aa7875abfe40be42f4c,6S5HWZFXPBB7,expedition,2026-09-16 08:20:30.641396,14.716585,-17.469646,Laboratoire Historique,fabricant,Dakar,normal
35399fcc9a3b4e488fc8e87480f73a87,6YM9FXSBA7QB,expedition,2026-09-16 08:20:41.995138,14.718816,-17.470726,Laboratoire Historique,fabricant,Dakar,normal
82a5128f0cdb4f1b9d8194d85dee1d50,7KCARAXVSZ7A,expedition,2026-09-16 08:20:48.433997,14.716974,-17.470698,Laboratoire Historique,fabricant,Dakar,normal
8d57e5667e594a52ae5a655c306b4fb2,MRXU2UCM4UVD,expedition,2026-09-16 08:21:02.706278,14.71734,-17.469814,Laboratoire Historique,fabricant,Dakar,normal
50b638a64b0f46d3bef206cf246ad1cd,5Q456UBPBYV5,expedition,2026-09-16 08:21:09.634766,14.716475,-17.470606,Laboratoire Historique,fabricant,Dakar,normal
176edcf2952b44629e23da358361d252,VHQQUN4C923X,expedition,2026-09-16 08:21:19.491081,14.717395,-17.470098,Laboratoire Historique,fabricant,Dakar,normal
941ac348967f4c73bb78ece8308d5ec3,CQFYFSMD2GGR,expedition,2026-09-16 08:21:29.500261,14.718796,-17.469767,Laboratoire Historique,fabricant,Dakar,normal
6a40f1f9dffa4d1cb4662f12b37687f8,E33DT4KC54N3,expedition,2026-09-16 08:21:40.764037,14.719133,-17.471353,Laboratoire Historique,fabricant,Dakar,normal
962c50564a2e46c88707a5b7bdda3b85,JBQ8XV65NUJK,expedition,2026-09-16 08:21:49.271796,14.716425,-17.471296,Laboratoire Historique,fabricant,Dakar,normal
081777694be64213ba85d7d06d168136,Q7MZ96BJTSMF,reception,2026-09-16 08:27:00,14.152811,-16.044178,SR Kaolack,SR,Kaolack,normal
eeb95253553d4a2684ce39fe4e67eab5,WDYBBW7PY8MR,reception,2026-09-16 08:27:06.036599,14.15379,-16.04284,SR Kaolack,SR,Kaolack,normal
13a0a55b9c494da58024691356d043ce,HW6Z6Y6ZKWS5,reception,2026-09-16 08:27:18.713490,14.151354,-16.042415,SR Kaolack,SR,Kaolack,normal
797892c7a1d844e79e66f01b34be5907,WS7MECA7T63V,reception,2026-09-16 08:27:27.605139,14.153576,-16.043561,SR Kaolack,SR,Kaolack,normal
ae568c5584d44834a1804a096d05bd59,5G5RV6GP75V6,reception,2026-09-16 08:27:34.498940,14.153587,-16.042168,SR Kaolack,SR,Kaolack,normal
a056a0f861044b898cb6a5bcf363d5ee,K9A9WYPZ9MNC,reception,2026-09-16 08:27:43.884718,14.153628,-16.043204,SR Kaolack,SR,Kaolack,normal
df782f45dc5943fe9fce96c1b90737f8,EG5YH2RU4D24,reception,2026-09-16 08:34:00,14.761271,-16.914828,SR Thies,SR,Thies,normal
d8c0c1234dce42a8a5c764dcfce5584b,HPZY39Y73YN2,reception,2026-09-16 08:34:00,12.607962,-16.271068,SR Ziguinchor,SR,Ziguinchor,normal
7d47aca3599949728073b13f17084b61,QJ32P5GRDR6S,reception,2026-09-16 08:34:10.572610,14.761124,-16.916199,SR Thies,SR,Thies,normal
f54c13a4f2e447a4a433995e624bfdbd,7S3XWZ57F2KH,reception,2026-09-16 08:34:12.976700,12.608082,-16.270431,SR Ziguinchor,SR,Ziguinchor,normal
485c0832357143ebbc27085ba6e13647,J3MGY93G2VMX,reception,2026-09-16 08:34:19.353478,12.605746,-16.270505,SR Ziguinchor,SR,Ziguinchor,normal
ad46db5ec2174976b4aa3e3cb597f0cc,T2STYP9M6Z7F,reception,2026-09-16 08:34:23.063278,14.76248,-16.915768,SR Thies,SR,Thies,normal
b591ffabc5364da5bfa1c62436633fb3,C7Q93P9UZUBT,reception,2026-09-16 08:34:27.328025,12.607115,-16.271845,SR Ziguinchor,SR,Ziguinchor,normal
a9bbe7fda55a43a8a2af7e1ed65a0fbf,U5CJ3H26Z2BH,reception,2026-09-16 08:34:33.007252,14.762843,-16.915496,SR Thies,SR,Thies,normal
76bc4c51d6d2425abca1987365ecfb9c,6GYWAKRCUV3W,reception,2026-09-16 08:34:39.638635,14.762465,-16.915096,SR Thies,SR,Thies,normal
f77fbcb623eb444c95433449b04ff5af,72SU29HRMQCM,expedition,2026-09-16 08:35:00,14.158349,-16.0993,Grossiste Kaolack,grossisteRepartiteur,Kaolack,normal
10d30af3234d4d1fbae133a5dbc191fd,R5RK5J8TGB7S,expedition,2026-09-16 08:35:12.574898,14.159108,-16.09989,Grossiste Kaolack,grossisteRepartiteur,Kaolack,normal
499509433f8842188168bef095ffb4ba,YDX6CSRNE8VZ,expedition,2026-09-16 08:35:20.877500,14.156869,-16.101285,Grossiste Kaolack,grossisteRepartiteur,Kaolack,normal
a6deb860cdd64e26bdf638ea33044447,8BX6HKMHGCS3,expedition,2026-09-16 08:35:28.174746,14.157912,-16.100438,Grossiste Kaolack,grossisteRepartiteur,Kaolack,normal
82b526f75ea849cdbf9e5443e4cb1fad,Y9MYCHMSVW4G,expedition,2026-09-16 08:35:40.699118,14.157476,-16.101128,Grossiste Kaolack,grossisteRepartiteur,Kaolack,normal
f1e02244df1d4435aaed15aceb25fc9a,QNUV7A9EX2NR,expedition,2026-09-16 08:35:49.900747,14.158351,-16.099097,Grossiste Kaolack,grossisteRepartiteur,Kaolack,normal
ab0e45e79d6b48979986a1777e6fab39,F83X36YG8E8R,expedition,2026-09-16 08:35:56.255650,14.156846,-16.101299,Grossiste Kaolack,grossisteRepartiteur,Kaolack,normal
2c082dadf18c49649a7ae10cf90be507,JQMUBEZS5ZQZ,expedition,2026-09-16 08:36:02.675284,14.157231,-16.100279,Grossiste Kaolack,grossisteRepartiteur,Kaolack,normal
d53a67f3121c4640b6055571093decf5,2GJCYEAXTNWE,expedition,2026-09-16 08:36:09.692284,14.156373,-16.101147,Grossiste Kaolack,grossisteRepartiteur,Kaolack,normal
9085d076c50e49f994dd19765785bf70,V8TWCPAAD5FH,expedition,2026-09-16 08:36:20.181060,14.158073,-16.099508,Grossiste Kaolack,grossisteRepartiteur,Kaolack,normal
45a94bca82c14962b03b1b28c535392f,MZG3NFB9DGPF,expedition,2026-09-16 08:36:33.473197,14.156883,-16.100485,Grossiste Kaolack,grossisteRepartiteur,Kaolack,normal
db2040e444b44463b91a6b2993aa22ec,DBB24ETMEY4D,expedition,2026-09-16 08:36:40.132429,14.15807,-16.100746,Grossiste Kaolack,grossisteRepartiteur,Kaolack,normal
865a19f4820c45e1a40069067dcdbcf1,AQBEMZXUB293,expedition,2026-09-16 08:36:53.184118,14.157754,-16.099878,Grossiste Kaolack,grossisteRepartiteur,Kaolack,normal
1a2ea93a56524555baa505211c0a8a4f,55H7T2FM7PYN,expedition,2026-09-16 08:37:04.868961,14.157861,-16.100864,Grossiste Kaolack,grossisteRepartiteur,Kaolack,normal
1c572ac6977041079bb9614410dff010,W4TADW4MSUCF,expedition,2026-09-16 08:37:11.276966,14.157505,-16.101567,Grossiste Kaolack,grossisteRepartiteur,Kaolack,normal
d300e397f6764762968fd55db05f9776,UQN7B89AMFXJ,expedition,2026-09-16 08:37:24.369617,14.158059,-16.099967,Grossiste Kaolack,grossisteRepartiteur,Kaolack,normal
630e90f4ca554dedaf16f01193a53701,ZXEWJNC9SB6E,expedition,2026-09-16 08:37:31.762962,14.15798,-16.099139,Grossiste Kaolack,grossisteRepartiteur,Kaolack,normal
b4c9f56543614f45a36c34a42f7fbc2a,3WGAVV54YE4C,expedition,2026-09-16 08:37:38.836771,14.158853,-16.101474,Grossiste Kaolack,grossisteRepartiteur,Kaolack,normal
f6fa656242e146278426ed6219c530b6,TDM5B632ZMED,expedition,2026-09-16 08:37:49.067378,14.15758,-16.101634,Grossiste Kaolack,grossisteRepartiteur,Kaolack,normal
1342ee30608e451183e1f5221d35ffe2,78JZQJZDVW4V,expedition,2026-09-16 08:37:57.601331,14.157378,-16.101374,Grossiste Kaolack,grossisteRepartiteur,Kaolack,normal
0e1bdcbe764641bcb6dfe5307f4438cc,UGX52KDF6RP4,expedition,2026-09-16 08:38:04.709177,14.158655,-16.100141,Grossiste Kaolack,grossisteRepartiteur,Kaolack,normal
a4375e199eda48c1a18656fc0b206f9b,2EK93FDHSVKU,expedition,2026-09-16 08:38:14.471055,14.158305,-16.10155,Grossiste Kaolack,grossisteRepartiteur,Kaolack,normal
fe889cae0fd0425ca731b891c895d5cf,VZCQ2R7VFVUM,expedition,2026-09-16 08:38:21.806409,14.157227,-16.100164,Grossiste Kaolack,grossisteRepartiteur,Kaolack,normal
c90006887d3d440da9ce0af02111bc8e,MQTFPWT7WEC3,expedition,2026-09-16 08:38:29.157414,14.157122,-16.099505,Grossiste Kaolack,grossisteRepartiteur,Kaolack,normal
0202a91b3ebe46058596b8ed44736d9c,9ZB73K22USGN,expedition,2026-09-16 08:38:37.306526,14.159123,-16.099911,Grossiste Kaolack,grossisteRepartiteur,Kaolack,normal
1e16f68c8fd54d31a9ceec8e8b060454,2DXSQXN9CXFB,expedition,2026-09-16 08:38:45.335398,14.156498,-16.101102,Grossiste Kaolack,grossisteRepartiteur,Kaolack,normal
58b36830c603487cb585204b1d275e1c,5QMRE9YZUB7A,expedition,2026-09-16 08:38:54.627768,14.156248,-16.101559,Grossiste Kaolack,grossisteRepartiteur,Kaolack,normal
306bbaa72b294e2b8718695ecfdf270c,TFWFPEX7E4NQ,expedition,2026-09-16 08:39:07.092948,14.157842,-16.099686,Grossiste Kaolack,grossisteRepartiteur,Kaolack,normal
22d5aaac98d144be86e4ba749360035c,76BD4HECHW5C,expedition,2026-09-16 08:39:16.706206,14.157284,-16.101381,Grossiste Kaolack,grossisteRepartiteur,Kaolack,normal
e7651b1ed1334be88c65dbb9e2b226fc,YG9PGV36Q9DN,expedition,2026-09-16 08:39:31.558295,14.158448,-16.100021,Grossiste Kaolack,grossisteRepartiteur,Kaolack,normal
4358fd5e8fff45889b103d194bdcbd73,7HTZYP92H24M,expedition,2026-09-16 08:39:42.246625,14.158267,-16.100992,Grossiste Kaolack,grossisteRepartiteur,Kaolack,normal
8d64c2619e2c45d1b5c9c89399f9b09c,GY9ES923RQMA,expedition,2026-09-16 08:39:54.083316,14.156822,-16.100778,Grossiste Kaolack,grossisteRepartiteur,Kaolack,normal
c5f18bbc8d12460a9ceefdae3e77f853,Y93AMPRXYRUZ,expedition,2026-09-16 08:40:07.528478,14.157253,-16.100969,Grossiste Kaolack,grossisteRepartiteur,Kaolack,normal
3fbb4575257d4c2e96e333b1a4fcc22b,6BE793F2BEB4,expedition,2026-09-16 08:40:14.782183,14.158281,-16.10121,Grossiste Kaolack,grossisteRepartiteur,Kaolack,normal
689a82ceb9fa4b3288ce63d087f290a6,TTGG2ETKECNR,expedition,2026-09-16 08:40:23.227483,14.157556,-16.099785,Grossiste Kaolack,grossisteRepartiteur,Kaolack,normal
cab85fa310a74fd0b206617a9ff85aeb,EX9EWVF3FKY6,expedition,2026-09-16 08:40:30.817225,14.156384,-16.100715,Grossiste Kaolack,grossisteRepartiteur,Kaolack,normal
2e9c864016eb4e75b90af27fec87b682,CEA8VJ3WSQ4Y,expedition,2026-09-16 08:40:41.244781,14.157927,-16.098945,Grossiste Kaolack,grossisteRepartiteur,Kaolack,normal
38823bde5ed3499e9782467cc1409cb6,RNRZJ3CB6JTV,expedition,2026-09-16 08:40:52.967299,14.156336,-16.101443,Grossiste Kaolack,grossisteRepartiteur,Kaolack,normal
42fcd323927540789e125ddb733bd2b6,EH4FRVPNG6DF,expedition,2026-09-16 08:41:06.401498,14.157008,-16.101602,Grossiste Kaolack,grossisteRepartiteur,Kaolack,normal
b02bea4d1d504c5391602d851c8305fc,NBCAH6VGW9GQ,expedition,2026-09-16 08:41:21.127939,14.157004,-16.101017,Grossiste Kaolack,grossisteRepartiteur,Kaolack,normal
91cc4082817f4ce3ac49eadc0bf02b0a,9UTNE7TA45J2,expedition,2026-09-16 08:41:30.622682,14.158883,-16.101511,Grossiste Kaolack,grossisteRepartiteur,Kaolack,normal
a750dad02746429abbbbb99a0412d46f,HFQ5RBNPJTRX,expedition,2026-09-16 08:41:42.586726,14.157412,-16.100522,Grossiste Kaolack,grossisteRepartiteur,Kaolack,normal
e6288b0bfb1541e1a7b7e2cfc4be9f43,ZFJJ5CZ8UAMU,expedition,2026-09-16 08:41:53.082726,14.158608,-16.10123,Grossiste Kaolack,grossisteRepartiteur,Kaolack,normal
0d5825d3732f42318a94d96c277e0b9e,6KREDGSMKFCX,expedition,2026-09-16 08:42:06.124839,14.157024,-16.101394,Grossiste Kaolack,grossisteRepartiteur,Kaolack,normal
36ea6b478e4143e59e019df613699d98,2KCPK35KD39X,expedition,2026-09-16 08:42:18.617381,14.157381,-16.098844,Grossiste Kaolack,grossisteRepartiteur,Kaolack,normal
be4c2ab17cfd4b87a2adb5377bc2e4c8,7AZED9KC2SHM,expedition,2026-09-16 08:42:27.966646,14.157936,-16.100819,Grossiste Kaolack,grossisteRepartiteur,Kaolack,normal
be3e5cec49cc46e79f0925c46a20642b,NWV8WSJ5A95U,expedition,2026-09-16 08:42:40.864303,14.157739,-16.101611,Grossiste Kaolack,grossisteRepartiteur,Kaolack,normal
772417f683f74dee83bf8b62f52bd94b,SGHQHFGNF6MC,expedition,2026-09-16 08:42:47.632551,14.158209,-16.100411,Grossiste Kaolack,grossisteRepartiteur,Kaolack,normal
ae13a27eb72b49f0b2c2fbed1bd405eb,DFHHE9PDGGAR,expedition,2026-09-16 08:42:59.717838,14.158109,-16.101476,Grossiste Kaolack,grossisteRepartiteur,Kaolack,normal
e856edf869594ac2bfe9ddf48ef405ad,HCWD6ZNY9WHA,expedition,2026-09-16 08:43:11.284083,14.15779,-16.100318,Grossiste Kaolack,grossisteRepartiteur,Kaolack,normal
ed240fc3946c4c7aacf00cc12cd35e0d,58MW5UZCVXTQ,expedition,2026-09-16 08:43:22.311551,14.157388,-16.100447,Grossiste Kaolack,grossisteRepartiteur,Kaolack,normal
13089f62c72a4ca7a07f2d9d18d5fb5f,BNVKRMVB6WRC,expedition,2026-09-16 08:43:34.579411,14.158995,-16.099643,Grossiste Kaolack,grossisteRepartiteur,Kaolack,normal
20193db92e02473da22dffea6b4d95f7,95GPT87QVVT6,expedition,2026-09-16 08:43:45.717292,14.156792,-16.099297,Grossiste Kaolack,grossisteRepartiteur,Kaolack,normal
3c444d86dab04bd39323fd8ef2a27eec,8VNB5VTG6YDQ,expedition,2026-09-16 08:43:51.856737,14.157514,-16.099756,Grossiste Kaolack,grossisteRepartiteur,Kaolack,normal
8e97b7ebe9704e2e8a95420c254af40a,XU7ASHG4YGV4,expedition,2026-09-16 08:44:06.009035,14.159041,-16.101391,Grossiste Kaolack,grossisteRepartiteur,Kaolack,normal
7129b878f2c04f4abfc3faac88455216,BYE8446ZMENS,expedition,2026-09-16 08:44:14.705978,14.158751,-16.099816,Grossiste Kaolack,grossisteRepartiteur,Kaolack,normal
1535da6c8f794a5290696ee646a473d3,TM38KQKEUJTE,expedition,2026-09-16 08:44:26.793298,14.15838,-16.101718,Grossiste Kaolack,grossisteRepartiteur,Kaolack,normal
c3e5e2d244e14254bdc24904f70c7d71,XV5MY8RKNBNQ,expedition,2026-09-16 08:44:37.196428,14.157318,-16.101381,Grossiste Kaolack,grossisteRepartiteur,Kaolack,normal
df4acf8b131240ba872c53314803573e,75W3EHUPS5BK,expedition,2026-09-16 08:44:47.097301,14.157773,-16.101389,Grossiste Kaolack,grossisteRepartiteur,Kaolack,normal
33e0c1d5140f46b7adec4610a3bec84a,S8QTAXUWHB6T,dispensation,2026-09-16 08:45:00,12.590114,-16.264413,Officine off.ziguinchor1,officine,Ziguinchor,normal
a3d8b4d0513743e0b3d4e9fb2c29e58c,2579SPCSBE96,reception,2026-09-16 08:45:00,16.011982,-16.512314,SR Saint-Louis,SR,Saint-Louis,normal
cea64b9683544c9889079a569eb79261,J2TZ2WPNCKYM,expedition,2026-09-16 08:45:00.806912,14.15875,-16.101423,Grossiste Kaolack,grossisteRepartiteur,Kaolack,normal
b8aab18abbce4a93b6d8e1c902617e37,K4FFER3HSDDY,reception,2026-09-16 08:45:06.862824,16.014729,-16.513958,SR Saint-Louis,SR,Saint-Louis,normal
61f6ef55db924f5aa46cc27dcd281c62,Y5CBP4Z4GZ4P,expedition,2026-09-16 08:45:10.411388,14.157019,-16.10103,Grossiste Kaolack,grossisteRepartiteur,Kaolack,normal
bdf5c02ef9ab42c88de548b6f1285514,QXZDHF9YTYG8,expedition,2026-09-16 08:45:25.218864,14.158167,-16.098828,Grossiste Kaolack,grossisteRepartiteur,Kaolack,normal
b1ecf50514214c70bdc2eeb6f87588d4,SKUVZY8TEER9,expedition,2026-09-16 08:45:35.551605,14.157215,-16.100348,Grossiste Kaolack,grossisteRepartiteur,Kaolack,normal
b85cff65bfb84949830338f5ac8b1ee7,4UPM3RP22ZUU,expedition,2026-09-16 08:45:45.858941,14.156983,-16.099374,Grossiste Kaolack,grossisteRepartiteur,Kaolack,normal
a5bc0b37bdda4eb78a191709351bd13b,CD7AXSET5C3H,expedition,2026-09-16 08:45:58.859113,14.157117,-16.101564,Grossiste Kaolack,grossisteRepartiteur,Kaolack,normal
3ab51bfadd8940ef8dbb286e4ace690f,9QGMZTYVKQ24,expedition,2026-09-16 08:46:05.842621,14.158055,-16.099324,Grossiste Kaolack,grossisteRepartiteur,Kaolack,normal
abfef2d12e634d7a9230839446079fa6,HPTDJ8B6C2JZ,expedition,2026-09-16 08:46:20.768143,14.157531,-16.09964,Grossiste Kaolack,grossisteRepartiteur,Kaolack,normal
389378bf162c48e2aae1b1a97a59c2e3,QEHP4JDD4EFN,expedition,2026-09-16 08:46:29.894140,14.156987,-16.099057,Grossiste Kaolack,grossisteRepartiteur,Kaolack,normal
b1698f0295604755b161e8996aa6eac9,V8WK5MAFTGMN,expedition,2026-09-16 08:46:37.409319,14.15838,-16.099163,Grossiste Kaolack,grossisteRepartiteur,Kaolack,normal
e34ca11f139740a38fda50c9e32fd1cd,82CS3XQJZRHU,expedition,2026-09-16 08:46:49.641642,14.157019,-16.099442,Grossiste Kaolack,grossisteRepartiteur,Kaolack,normal
f851e0c50dbf4168a32204b816bd0abe,ASGGE2U2J7MH,expedition,2026-09-16 08:46:55.987187,14.157717,-16.099773,Grossiste Kaolack,grossisteRepartiteur,Kaolack,normal
13e2180fa700450da3634b16d19fdcc3,QWKXANH8UQXM,expedition,2026-09-16 08:47:09.527168,14.158571,-16.101703,Grossiste Kaolack,grossisteRepartiteur,Kaolack,normal
dc968bf434d54ccbadf1c720904cfb6f,BKXNSBDNQK2Q,expedition,2026-09-16 08:47:15.869855,14.157139,-16.101564,Grossiste Kaolack,grossisteRepartiteur,Kaolack,normal
f9ec0023e5f649bd8cd7481e24ee5214,SQC76TMH2DAN,expedition,2026-09-16 08:47:27.561091,14.156451,-16.100732,Grossiste Kaolack,grossisteRepartiteur,Kaolack,normal
ac27654b6385489bac09a3c7a68c77b1,T9FWZG2YV77S,expedition,2026-09-16 08:47:35.004741,14.159012,-16.100733,Grossiste Kaolack,grossisteRepartiteur,Kaolack,normal
37f583a0f5884daba95110a38789eee4,4YHUBAEK7E8H,expedition,2026-09-16 08:47:49.137361,14.156556,-16.099391,Grossiste Kaolack,grossisteRepartiteur,Kaolack,normal
2f3a1661c1f6482baef68e0cc3b9f1e5,WGB8XFWW2R7F,expedition,2026-09-16 08:47:55.254313,14.157489,-16.100707,Grossiste Kaolack,grossisteRepartiteur,Kaolack,normal
76a0879451e8475fa4b56c27db7e3129,EPBG62DZW3JG,expedition,2026-09-16 08:48:06.669830,14.157972,-16.100708,Grossiste Kaolack,grossisteRepartiteur,Kaolack,normal
1b4469d4e21b4bd6b109ce703b46b101,NTGTRYT3XQGP,expedition,2026-09-16 08:48:19.863885,14.157161,-16.101741,Grossiste Kaolack,grossisteRepartiteur,Kaolack,normal
b297501392764aaaa4b68b0af18b92d5,GUHNB9PKHBFR,expedition,2026-09-16 08:48:30.195926,14.157894,-16.100175,Grossiste Kaolack,grossisteRepartiteur,Kaolack,normal
764d296fe48c431b9c3ab6d34a6f60cf,TJSSB8ZZPNA8,expedition,2026-09-16 08:48:43.649831,14.156986,-16.100923,Grossiste Kaolack,grossisteRepartiteur,Kaolack,normal
3ad836b4e47f4b10956444f4fd994656,27EX853V5TUT,expedition,2026-09-16 08:48:58.356082,14.15891,-16.099712,Grossiste Kaolack,grossisteRepartiteur,Kaolack,normal
474d81a614c743fe9ceecc74c8e1c119,5DWQ2YU4828D,expedition,2026-09-16 08:49:10.127469,14.157962,-16.100308,Grossiste Kaolack,grossisteRepartiteur,Kaolack,normal
85200d2118864bd69db40aa572430638,Q8CZ69BHW6D3,expedition,2026-09-16 08:49:18.017898,14.158589,-16.099291,Grossiste Kaolack,grossisteRepartiteur,Kaolack,normal
28f2a2f231e6492689c60450af9b6a41,9KXVA8MXJ8M9,expedition,2026-09-16 08:49:26.758693,14.157411,-16.101141,Grossiste Kaolack,grossisteRepartiteur,Kaolack,normal
265411346a824e33b2e7df7b6aac7bf0,MK8S7AB5B82T,expedition,2026-09-16 08:49:34.494746,14.157621,-16.100906,Grossiste Kaolack,grossisteRepartiteur,Kaolack,normal
4ac76c3b497b49368a0a905c6d9cf1ab,7Z54H265CFHH,expedition,2026-09-16 08:49:46.406340,14.157941,-16.098916,Grossiste Kaolack,grossisteRepartiteur,Kaolack,normal
5d89fa1347344823be8b3f8522cf892b,UYQYW5ENSVCP,expedition,2026-09-16 08:49:56.667017,14.157512,-16.099929,Grossiste Kaolack,grossisteRepartiteur,Kaolack,normal
27ec62cc5af6446ca002ee62a3aa035c,CNPUJDP9UYXF,expedition,2026-09-16 08:50:06.574593,14.157466,-16.100391,Grossiste Kaolack,grossisteRepartiteur,Kaolack,normal
b4cb9b0ea4f34cbd929c5aa0dbc75c1d,HD4XKJP55EWT,expedition,2026-09-16 08:50:20.120688,14.15825,-16.099984,Grossiste Kaolack,grossisteRepartiteur,Kaolack,normal
222d8d2d1b6f41edae1d2700d6f20c3e,NMVR2AKCJ3A8,expedition,2026-09-16 08:50:32.779331,14.158062,-16.10153,Grossiste Kaolack,grossisteRepartiteur,Kaolack,normal
bf2ea40b827f4c86b7889ec47cb5d7a0,XXF2FUQ6Q7KG,expedition,2026-09-16 08:50:47.682348,14.157016,-16.100754,Grossiste Kaolack,grossisteRepartiteur,Kaolack,normal
cc258b174d9a41a99d7865e718fb9cd1,AVJ8JU5R4RP9,expedition,2026-09-16 08:51:00.778812,14.157092,-16.100931,Grossiste Kaolack,grossisteRepartiteur,Kaolack,normal
eed201dbc5a1423fb5f6e618c08a3cd2,NGA2EZGUN5CZ,expedition,2026-09-16 08:51:12.633160,14.156969,-16.100843,Grossiste Kaolack,grossisteRepartiteur,Kaolack,normal
9d583a48801947cfb74d45e7d7da3767,BV4M3BZE5SQP,expedition,2026-09-16 08:51:19.392559,14.158015,-16.101252,Grossiste Kaolack,grossisteRepartiteur,Kaolack,normal
e2b561a11ed44793ac2634887ce59b10,QCDW4UEJF5BJ,expedition,2026-09-16 08:51:27.839481,14.158334,-16.100692,Grossiste Kaolack,grossisteRepartiteur,Kaolack,normal
efb2367044484b1abb33e5bc09ace67c,UHAXUFQWWSRB,expedition,2026-09-16 08:51:35.909292,14.158418,-16.100185,Grossiste Kaolack,grossisteRepartiteur,Kaolack,normal
5de07526aa904a1a87e189e19859f17d,F8B7F653J5WE,expedition,2026-09-16 08:51:45.769475,14.158829,-16.100212,Grossiste Kaolack,grossisteRepartiteur,Kaolack,normal
b421779bb85846fd93a9faf24383c57d,U9MT8EDQRVWT,expedition,2026-09-16 08:51:59.873911,14.157464,-16.099216,Grossiste Kaolack,grossisteRepartiteur,Kaolack,normal
dcc0bd9499934b53b03a515c4fb822d4,C4J32EPD9J2P,expedition,2026-09-16 08:52:10.057277,14.157685,-16.101235,Grossiste Kaolack,grossisteRepartiteur,Kaolack,normal
b2942a76a4c44cdfb802fb90ac56faf2,K8XWDV6P5M5J,expedition,2026-09-16 08:52:17.792253,14.158636,-16.099144,Grossiste Kaolack,grossisteRepartiteur,Kaolack,normal
f6e2f866afe34c4e900df2aa3e9422ea,UK76SV6TUJ7V,expedition,2026-09-16 08:52:29.626838,14.156297,-16.099784,Grossiste Kaolack,grossisteRepartiteur,Kaolack,normal
d65f7b9dad434567a18d5964342158b2,THYK7QYUDKW5,expedition,2026-09-16 08:52:39.474029,14.156966,-16.099957,Grossiste Kaolack,grossisteRepartiteur,Kaolack,normal
eaa6f91487264650af963146e6dc12b5,P6PNMMCFAXMT,expedition,2026-09-16 08:52:50.194567,14.157848,-16.099464,Grossiste Kaolack,grossisteRepartiteur,Kaolack,normal
2aa34dc34a0c4b66ba2aaf62cdd3fad8,VHFVZPJQ7ZKF,expedition,2026-09-16 08:53:01.692001,14.158852,-16.098951,Grossiste Kaolack,grossisteRepartiteur,Kaolack,normal
ac27ad4ee3d04a4b8b64dc1cd6bd4909,YT9MQWKH7QYF,expedition,2026-09-16 08:53:09.734764,14.156806,-16.100004,Grossiste Kaolack,grossisteRepartiteur,Kaolack,normal
c3a822b1427e4cdd887d2f956cd27e54,XFRQHZFJMDW3,expedition,2026-09-16 08:53:16.414059,14.158173,-16.100563,Grossiste Kaolack,grossisteRepartiteur,Kaolack,normal
b5e4f511c7d64881bee3787e8424279e,SWTG74DXJ34Z,expedition,2026-09-16 08:53:30.972295,14.157796,-16.099761,Grossiste Kaolack,grossisteRepartiteur,Kaolack,normal
a13e2d9333b644ffb69f5383749a0a40,9WZCUDZB58QK,expedition,2026-09-16 08:53:44.296878,14.158356,-16.101462,Grossiste Kaolack,grossisteRepartiteur,Kaolack,normal
1f30eb1ce66847c48283a2643a1f7785,BUPXU5FZJ7JJ,expedition,2026-09-16 08:53:53.765083,14.15648,-16.101223,Grossiste Kaolack,grossisteRepartiteur,Kaolack,normal
d8a11c1ee3764832b8dc4b8cea6d1411,UBJVS4TUYRMH,expedition,2026-09-16 08:54:03.503444,14.158553,-16.098839,Grossiste Kaolack,grossisteRepartiteur,Kaolack,normal
87edb41eeb1541d980d0775988787117,86ETM9A8UU9B,expedition,2026-09-16 08:54:18.055083,14.157857,-16.098832,Grossiste Kaolack,grossisteRepartiteur,Kaolack,normal
a128f1ccbd674e58b98f18f969cf9959,74BPCD2WNTJB,expedition,2026-09-16 08:54:25.780116,14.159115,-16.100041,Grossiste Kaolack,grossisteRepartiteur,Kaolack,normal
13860287a7ff4924888ad20391a34a1e,JU25RYP8F88A,expedition,2026-09-16 08:54:35.667901,14.158015,-16.098928,Grossiste Kaolack,grossisteRepartiteur,Kaolack,normal
646c4fbbf2a84d159c5522835421cb67,SNYRFCXPE478,expedition,2026-09-16 08:54:44.970583,14.159076,-16.10143,Grossiste Kaolack,grossisteRepartiteur,Kaolack,normal
817a7190fced47448fb506cc20e823ba,VWGNBYRA5KAY,expedition,2026-09-16 08:54:58.821930,14.158378,-16.099309,Grossiste Kaolack,grossisteRepartiteur,Kaolack,normal
bb643f9ed6f241e7970693e812ba5928,EQUJJPTW47G7,dispensation,2026-09-16 08:55:00,13.755993,-13.673007,Officine off.tamba1,officine,Tambacounda,normal
19348431d9eb47bbbb064ddb2375ca2d,CSR3HY4MU26T,expedition,2026-09-16 08:55:07.764902,14.156237,-16.099632,Grossiste Kaolack,grossisteRepartiteur,Kaolack,normal
8ce54887c33e4d05a4ab0f7926ae4b3f,MVKCWRBK77ZP,expedition,2026-09-16 08:55:20.844585,14.157879,-16.100989,Grossiste Kaolack,grossisteRepartiteur,Kaolack,normal
d42a8dee190c4f4eb7365f18ba66d9d8,PF3PQXFDR5QG,expedition,2026-09-16 08:55:29.007616,14.156164,-16.098805,Grossiste Kaolack,grossisteRepartiteur,Kaolack,normal
18dc6584fb62405da188ea0abf3c7f11,SYJVZXQ82MZM,expedition,2026-09-16 08:55:39.717116,14.158313,-16.101522,Grossiste Kaolack,grossisteRepartiteur,Kaolack,normal
75f6da1f010141f88fa25fde1693d137,SV8DQGXF4W3K,expedition,2026-09-16 08:55:48.593929,14.157489,-16.0997,Grossiste Kaolack,grossisteRepartiteur,Kaolack,normal
7b7ac161d3124b66b6f47f78dd3affc7,FTAGX7ANAD9J,expedition,2026-09-16 08:55:55.501257,14.158223,-16.099897,Grossiste Kaolack,grossisteRepartiteur,Kaolack,normal
dea898ca48cd463eb829ed8707faf3c0,XSDQFJCB5TZR,expedition,2026-09-16 08:56:09.855402,14.158801,-16.098751,Grossiste Kaolack,grossisteRepartiteur,Kaolack,normal
776bf8e5251b4050b0c273434837da1b,7DFREG3CDHWD,expedition,2026-09-16 08:56:24.326984,14.157936,-16.099032,Grossiste Kaolack,grossisteRepartiteur,Kaolack,normal
0d543ad42bdd4d05a038187661593c71,ZXMS98TBMACQ,expedition,2026-09-16 08:56:34.668777,14.158838,-16.0988,Grossiste Kaolack,grossisteRepartiteur,Kaolack,normal
0480d7b5109845fa92c896a0bfe23441,3S482C3ZY7KM,expedition,2026-09-16 08:56:42.101252,14.156645,-16.099457,Grossiste Kaolack,grossisteRepartiteur,Kaolack,normal
4f074da3b4c747dfb4f6e7fdd58915c7,38A7C94WDHZG,expedition,2026-09-16 08:56:56.553674,14.157843,-16.100211,Grossiste Kaolack,grossisteRepartiteur,Kaolack,normal
cde7b0cf44e244d1b2e8a375821ef5a3,HYZRF2CPRQYQ,expedition,2026-09-16 08:57:06.964149,14.157963,-16.098927,Grossiste Kaolack,grossisteRepartiteur,Kaolack,normal
ea38ba11f39b4f9daf50a271106c1a90,N35JWH596RAF,expedition,2026-09-16 08:57:18.164152,14.156554,-16.100087,Grossiste Kaolack,grossisteRepartiteur,Kaolack,normal
a8186f6f049640eaabbdd69bd98da823,KBDFRXQKPSSQ,expedition,2026-09-16 08:57:31.939040,14.159086,-16.100731,Grossiste Kaolack,grossisteRepartiteur,Kaolack,normal
cd2fc4ecd4824461993c1261bbfb3d64,8BXUBBWN996Q,expedition,2026-09-16 08:57:41.907804,14.156477,-16.100812,Grossiste Kaolack,grossisteRepartiteur,Kaolack,normal
6c6c11ee628e48b2ac2b24a5a715a969,GQ7TUR52CG4X,expedition,2026-09-16 08:57:49.547403,14.158711,-16.099028,Grossiste Kaolack,grossisteRepartiteur,Kaolack,normal
7ea0c1a621e9402dba4b1f3fa9fc8433,E4XHS8V28AFZ,expedition,2026-09-16 08:58:02.876266,14.156708,-16.100309,Grossiste Kaolack,grossisteRepartiteur,Kaolack,normal
cfd7f7dc3e804154897bb0bf39018b97,7AWNC8KUJ6NU,expedition,2026-09-16 08:58:12.222304,14.157498,-16.100362,Grossiste Kaolack,grossisteRepartiteur,Kaolack,normal
4fedd1cc598443329d5f64ba1a91ca4c,ZJHZXW3PDA9Z,expedition,2026-09-16 08:58:19.469559,14.15788,-16.099681,Grossiste Kaolack,grossisteRepartiteur,Kaolack,normal
8f740fba855d460e99b70527fc241357,VVAF9HRS3VY9,expedition,2026-09-16 08:58:28.138527,14.158424,-16.099269,Grossiste Kaolack,grossisteRepartiteur,Kaolack,normal
dc722e11808a4e8e856723ea993d6660,3E25V3MMDUDP,expedition,2026-09-16 08:58:35.437837,14.158639,-16.10085,Grossiste Kaolack,grossisteRepartiteur,Kaolack,normal
b0ffc125aed4489ebbf6bb1d7cb6bc81,BU98XJRGDTFD,expedition,2026-09-16 08:58:46.496151,14.157889,-16.10168,Grossiste Kaolack,grossisteRepartiteur,Kaolack,normal
e4ff37ba0c59402d86019f58e0d9c622,V3CN64N5TGBN,expedition,2026-09-16 08:59:00.570318,14.157205,-16.099039,Grossiste Kaolack,grossisteRepartiteur,Kaolack,normal
aff9789ff6794df0b567ae33d9d04fa1,8M7TD7UNEC6D,expedition,2026-09-16 08:59:11.888325,14.158973,-16.099413,Grossiste Kaolack,grossisteRepartiteur,Kaolack,normal
2434d55ed6914a24b4b3a4f14b6440aa,K8BNBH7X94S7,expedition,2026-09-16 08:59:24.648214,14.156546,-16.101009,Grossiste Kaolack,grossisteRepartiteur,Kaolack,normal
3b3e7cbe33c64b918053733cb998679e,SD5PEGMV8GAW,expedition,2026-09-16 08:59:39.553867,14.157155,-16.099797,Grossiste Kaolack,grossisteRepartiteur,Kaolack,normal
9eb90fe7eddb461190fe7e5c173f6cf3,ZSEU2WPGJ78U,expedition,2026-09-16 08:59:48.189033,14.158666,-16.099655,Grossiste Kaolack,grossisteRepartiteur,Kaolack,normal
67e692ef250e4d94848dcafdc6d5441b,PZSJA8HHA54B,expedition,2026-09-16 09:00:01.679392,14.158288,-16.099485,Grossiste Kaolack,grossisteRepartiteur,Kaolack,normal
3389a6f260d042c29fc8d1b2e3e5392d,UBNG2MGHA7VX,expedition,2026-09-16 09:00:14.676204,14.157161,-16.098829,Grossiste Kaolack,grossisteRepartiteur,Kaolack,normal
bd1c75f5241e4cb2ad93725119080bdf,J2GVJMAJ57XQ,expedition,2026-09-16 09:00:27.962996,14.156547,-16.099254,Grossiste Kaolack,grossisteRepartiteur,Kaolack,normal
72b5742db9b84d298f8d595598580f6c,W2HD6YYH358V,expedition,2026-09-16 09:00:42.365606,14.156964,-16.099999,Grossiste Kaolack,grossisteRepartiteur,Kaolack,normal
2d4411a7480a4fb9a4ba75abb60cdd16,GWMNVURWV8YD,expedition,2026-09-16 09:00:56.850545,14.157248,-16.099203,Grossiste Kaolack,grossisteRepartiteur,Kaolack,normal
62da0a6e133a41bda9ee79800f112698,QTNQ5WBVRAUN,expedition,2026-09-16 09:01:04.333609,14.158715,-16.099916,Grossiste Kaolack,grossisteRepartiteur,Kaolack,normal
4f47b3f70e7b40619eabb93b04cc1469,EU3BUKZGX8VC,expedition,2026-09-16 09:01:11.046320,14.158789,-16.099615,Grossiste Kaolack,grossisteRepartiteur,Kaolack,normal
ce4382e7088a4c05b976dc9ea2751517,QWZ94REGNFTQ,reception,2026-09-16 09:15:57.582130,14.702198,-17.438067,Officine off.dakar1,officine,Dakar,reutilisationIdentifiant
87b9d507442e4f5c830d2a3d296600f1,J639QGFH62A6,reception,2026-09-16 09:21:00,15.625246,-16.243196,SR Louga,SR,Louga,normal
47ea0304c28049539230f177ea977b79,J48NTCVBXCRN,reception,2026-09-16 09:21:14.242305,15.627767,-16.242379,SR Louga,SR,Louga,normal
643d8af2d9ba4093a74426db2f49abd3,XMKV72GN47UP,reception,2026-09-16 09:21:23.932999,15.627891,-16.242097,SR Louga,SR,Louga,normal
281264b342cb462da7411ed498c15a11,UA238KDW9Y9E,reception,2026-09-16 09:21:34.927299,15.627769,-16.242369,SR Louga,SR,Louga,normal
e0f2210c8b554f5891d8744b5dd64f46,KRF7Y2JE8PXZ,reception,2026-09-16 09:21:47.515815,15.626607,-16.243009,SR Louga,SR,Louga,normal
bab4f1d984b441c0a43247fcb2e32077,E2J2GRVWWXNJ,reception,2026-09-16 09:22:00.407491,15.627948,-16.243257,SR Louga,SR,Louga,normal
84d56a2264444b5194763d4934a77612,XF7K5MAXEZVB,reception,2026-09-16 09:22:11.343475,15.625283,-16.243471,SR Louga,SR,Louga,normal
686b0a5f5f1845df99d75a96f81b30ac,C5J424V9U3R4,reception,2026-09-16 09:22:22.132345,15.628107,-16.24311,SR Louga,SR,Louga,normal
a977c45a145844c9a57a49dadedf81bc,ZH8N3FKKUTF5,reception,2026-09-16 09:22:37.042855,15.625558,-16.242294,SR Louga,SR,Louga,normal
544271432a5f47a1bb1fcc90dbb8dfa5,AGWFFM9JG94D,reception,2026-09-16 09:22:47.074030,15.626157,-16.24304,SR Louga,SR,Louga,normal
6df2b6d8c484435bacef2b71f9495aae,8TTMGQ3R9KY8,dispensation,2026-09-16 10:43:24.519229,14.681996,-16.25534,Officine off.diourbel1,officine,Diourbel,normal
d59ecdc889ac43648b81ff2590ccb268,EG5YH2RU4D24,expedition,2026-09-16 14:04:11.642554,14.762376,-16.916234,SR Thies,SR,Thies,normal
190e0299cc5d43819850f042ed890b75,QJ32P5GRDR6S,expedition,2026-09-16 14:04:18.116099,14.761438,-16.914907,SR Thies,SR,Thies,normal
87863cd07dca44dbbb95aead2175b409,PJAKTNJ49HXA,dispensation,2026-09-16 14:46:56.860598,14.698617,-17.464654,Officine off.dakar3,officine,Dakar,normal
a26157ee70614bb396974c2eff4630ed,2579SPCSBE96,expedition,2026-09-16 14:59:43.337568,16.0128,-16.514366,SR Saint-Louis,SR,Saint-Louis,normal
44bcace90d0a41d7825b3f74fe3f176a,K4FFER3HSDDY,expedition,2026-09-16 14:59:57.516844,16.014173,-16.513314,SR Saint-Louis,SR,Saint-Louis,normal
24d1398a651940fda79cf2de406ce1f9,GSYBEMBDQUV2,dispensation,2026-09-16 15:11:43.861074,14.700671,-17.439311,Officine off.dakar1,officine,Dakar,normal
6fbad0a7146e4b1f925d1288aec6fca5,8KWZKWCYQ6EG,dispensation,2026-09-16 15:51:00.375981,14.683693,-16.257654,Officine off.diourbel1,officine,Diourbel,normal
92fb773637534e5187b5365503deb91d,HW6Z6Y6ZKWS5,expedition,2026-09-16 17:20:56.678312,14.151852,-16.044215,SR Kaolack,SR,Kaolack,normal
c6201e91b0be4a5aa4b9a980f4a9681e,WS7MECA7T63V,expedition,2026-09-16 17:21:09.558987,14.151091,-16.043731,SR Kaolack,SR,Kaolack,normal
a2f94085a39341b5b90010189a85c37b,5G5RV6GP75V6,expedition,2026-09-16 17:21:19.110943,14.1514,-16.044372,SR Kaolack,SR,Kaolack,normal
2e1d64daf74b443b8d67b40560812262,K9A9WYPZ9MNC,expedition,2026-09-16 17:21:27.564250,14.153271,-16.044175,SR Kaolack,SR,Kaolack,normal
806a45a634d6442b98ef043c8ab49ee6,82XGFQD23N5Z,dispensation,2026-09-17 08:05:00,15.609354,-16.252148,Officine off.louga1,officine,Louga,normal
00b74b67b2ee4aa298f0aad82b97ec81,FGYYSWAWQNXV,dispensation,2026-09-17 08:06:00,14.682091,-16.256366,Officine off.diourbel1,officine,Diourbel,normal
766612a96c1c402f8c5d09ae9820b988,FXNTE6RTZ4WZ,dispensation,2026-09-17 08:07:00,13.755941,-13.673593,Officine off.tamba1,officine,Tambacounda,normal
da44bd0626be4f8b9b75c534b910fbb2,BTS7XDDX4TXE,dispensation,2026-09-17 08:09:00,14.681246,-16.254894,Officine off.diourbel1,officine,Diourbel,normal
fc541dfaf77845c98205acf83111cc05,C4MRH5857K2X,expedition,2026-09-17 08:22:00,14.667148,-17.462712,SR Dakar,SR,Dakar,normal
000ecd4c6e0542d6a24c208c3f060bdf,XFWZRAQT6Q8S,expedition,2026-09-17 08:22:07.977683,14.665549,-17.462312,SR Dakar,SR,Dakar,normal
d819fa807bff493d974a68c399477b60,T2STYP9M6Z7F,expedition,2026-09-17 08:25:00,14.763134,-16.916176,SR Thies,SR,Thies,normal
b0895a43645b4779873cc1278270fb6e,U5CJ3H26Z2BH,expedition,2026-09-17 08:25:10.099266,14.761714,-16.914243,SR Thies,SR,Thies,normal
984d4f02dd294eecbd28268e3e6f3661,6GYWAKRCUV3W,expedition,2026-09-17 08:25:22.591457,14.762898,-16.91593,SR Thies,SR,Thies,normal
7de609f392d6431c910f007b804b5564,72SU29HRMQCM,reception,2026-09-17 08:26:00,15.626332,-16.243369,SR Louga,SR,Louga,normal
e3ff20341a3c46d8ad527508c1dfb468,R5RK5J8TGB7S,reception,2026-09-17 08:26:08.453501,15.625776,-16.242714,SR Louga,SR,Louga,normal
00146a7cde1a4b2b90895bf5d25c5e59,YDX6CSRNE8VZ,reception,2026-09-17 08:26:19.157257,15.626836,-16.242381,SR Louga,SR,Louga,normal
6b8e81f562254be0bdbd642e1385cf8d,8BX6HKMHGCS3,reception,2026-09-17 08:26:31.680638,15.625601,-16.241138,SR Louga,SR,Louga,normal
565ac48b366547f396f2f382b09a2c7d,Y9MYCHMSVW4G,reception,2026-09-17 08:26:38.704571,15.626659,-16.242455,SR Louga,SR,Louga,normal
ad60f683ea074514a89692253d90a35c,QNUV7A9EX2NR,reception,2026-09-17 08:26:53.497731,15.625884,-16.241549,SR Louga,SR,Louga,normal
443c1f92247f47b0b38f08cac7f1f4d3,F83X36YG8E8R,reception,2026-09-17 08:27:03.403861,15.625406,-16.240657,SR Louga,SR,Louga,normal
c4257110225240a5a5dd16743dd4adca,JQMUBEZS5ZQZ,reception,2026-09-17 08:27:13.806497,15.627634,-16.241705,SR Louga,SR,Louga,normal
0688c0b7938a4de98c5008c912866a4f,2GJCYEAXTNWE,reception,2026-09-17 08:27:23.796242,15.625869,-16.242194,SR Louga,SR,Louga,normal
df74d993799d40d982a0dce0f56d7e40,V8TWCPAAD5FH,reception,2026-09-17 08:27:36.115305,15.626011,-16.242491,SR Louga,SR,Louga,normal
84573c939c0b4b6188781992571e29ff,MZG3NFB9DGPF,reception,2026-09-17 08:27:46.615170,15.62784,-16.243075,SR Louga,SR,Louga,normal
29b69d8c7eb547e9902ac521d4dedf62,DBB24ETMEY4D,reception,2026-09-17 08:27:53.481957,15.625998,-16.24311,SR Louga,SR,Louga,normal
1c7e825b0fcb4d65a987458273da404e,AQBEMZXUB293,reception,2026-09-17 08:28:05.035643,15.626727,-16.242372,SR Louga,SR,Louga,normal
725d07cf97594d458ed2c8fdc3e14fd7,55H7T2FM7PYN,reception,2026-09-17 08:28:15.079590,15.626903,-16.240693,SR Louga,SR,Louga,normal
75e27ed1848c406db42c8f0fcf853860,W4TADW4MSUCF,reception,2026-09-17 08:28:23.913558,15.628106,-16.241467,SR Louga,SR,Louga,normal
c1c6ff2bb50f45f89571d97f2b34e1a2,UQN7B89AMFXJ,reception,2026-09-17 08:28:34.631935,15.626565,-16.241202,SR Louga,SR,Louga,normal
ec78ddb31a4b41b48180772a5b5a5b3c,ZXEWJNC9SB6E,reception,2026-09-17 08:28:42.393870,15.626167,-16.242885,SR Louga,SR,Louga,normal
37c7763dc1b34158af1c12e45b0b3e03,3WGAVV54YE4C,reception,2026-09-17 08:28:49.873228,15.626179,-16.243195,SR Louga,SR,Louga,normal
ccc9818c57994b3ca03d835eab63f7c5,TDM5B632ZMED,reception,2026-09-17 08:29:03.909155,15.626212,-16.241696,SR Louga,SR,Louga,normal
b32189f6c1304f0ea6852a7c4d8e4a35,78JZQJZDVW4V,reception,2026-09-17 08:29:15.010813,15.627502,-16.241976,SR Louga,SR,Louga,normal
337b2fd216854278a7dc5635c837b941,UGX52KDF6RP4,reception,2026-09-17 08:29:22.995262,15.625802,-16.242319,SR Louga,SR,Louga,normal
cc1e7e6ba7c5463ba59b270ebdd73e0a,2EK93FDHSVKU,reception,2026-09-17 08:29:33.765109,15.626969,-16.240751,SR Louga,SR,Louga,normal
e55f166c4d784be99acc80c931cda518,VZCQ2R7VFVUM,reception,2026-09-17 08:29:42.737230,15.627281,-16.241102,SR Louga,SR,Louga,normal
77c49b7821d547f7afb1f719a200a557,MQTFPWT7WEC3,reception,2026-09-17 08:29:50.893668,15.627827,-16.243023,SR Louga,SR,Louga,normal
d110045aeffb4d89ae9bec670facd59f,9ZB73K22USGN,reception,2026-09-17 08:30:02.262029,15.627017,-16.242134,SR Louga,SR,Louga,normal
c8d3d83d0bf241b2a47b138487b01951,2DXSQXN9CXFB,reception,2026-09-17 08:30:12.863888,15.625424,-16.242506,SR Louga,SR,Louga,normal
d6509d09d8af483a852b3bd8642f8111,5QMRE9YZUB7A,reception,2026-09-17 08:30:21.573743,15.626426,-16.24232,SR Louga,SR,Louga,normal
f18cd75b413541b998c0c16fac85202d,TFWFPEX7E4NQ,reception,2026-09-17 08:30:28.660965,15.6272,-16.243427,SR Louga,SR,Louga,normal
9537aa7926934a8f8e72dea39852b3da,76BD4HECHW5C,reception,2026-09-17 08:30:42.075667,15.627705,-16.243295,SR Louga,SR,Louga,normal
cf45dab82cae4242aae824ffd8a64644,YG9PGV36Q9DN,reception,2026-09-17 08:30:53.181262,15.626925,-16.243572,SR Louga,SR,Louga,normal
3b00ead7254d493da5e6621dd2f73c9b,8PRSFGZRYE3V,expedition,2026-09-17 08:31:00,14.667995,-17.462891,SR Dakar,SR,Dakar,normal
7d3283cf2ec74861821978c525294569,7HTZYP92H24M,reception,2026-09-17 08:31:04.673628,15.627289,-16.242821,SR Louga,SR,Louga,normal
f262298517ac4aa085ced95730937d48,GY9ES923RQMA,reception,2026-09-17 08:31:16.907030,15.625285,-16.24257,SR Louga,SR,Louga,normal
eb7814699fe648d49c6d9ffeb78853b6,Y93AMPRXYRUZ,reception,2026-09-17 08:31:26.518140,15.625929,-16.243523,SR Louga,SR,Louga,normal
7d9115c983124f30ac56cd4c33e9582a,6BE793F2BEB4,reception,2026-09-17 08:31:34.753175,15.627179,-16.241546,SR Louga,SR,Louga,normal
33e646cb9cc5418c825b9e63d0f4df23,TTGG2ETKECNR,reception,2026-09-17 08:31:49.334422,15.62664,-16.241691,SR Louga,SR,Louga,normal
1ee84bcdb6ab47f8b051f8d36292b33b,EX9EWVF3FKY6,reception,2026-09-17 08:32:00.766504,15.627683,-16.241484,SR Louga,SR,Louga,normal
1287b34260cc43628e21accf161a41bf,CEA8VJ3WSQ4Y,reception,2026-09-17 08:32:12.230846,15.625359,-16.242364,SR Louga,SR,Louga,normal
5f1c23a36fbb4703affcbce4fd6206b5,RNRZJ3CB6JTV,reception,2026-09-17 08:32:19.372027,15.627283,-16.242711,SR Louga,SR,Louga,normal
c745236401a64352a636e138e43b73d0,EH4FRVPNG6DF,reception,2026-09-17 08:32:31.860581,15.627043,-16.241636,SR Louga,SR,Louga,normal
e410b62e8d5b4e1f888b1c786a769772,NBCAH6VGW9GQ,reception,2026-09-17 08:32:40.583641,15.628045,-16.241698,SR Louga,SR,Louga,normal
2c8dcd4656094fa7a304a72c2f8a6688,9UTNE7TA45J2,reception,2026-09-17 08:32:51.181924,15.626675,-16.241647,SR Louga,SR,Louga,normal
c4eb05dced484b56ba4b2e15a7be3fa0,HFQ5RBNPJTRX,reception,2026-09-17 08:33:00.393339,15.628019,-16.243103,SR Louga,SR,Louga,normal
ab1a148e5dfc42d8b7180fa88ce2b3e2,ZFJJ5CZ8UAMU,reception,2026-09-17 08:33:10.358157,15.625586,-16.241364,SR Louga,SR,Louga,normal
eb05c1493eed4941a13614dc788a2ab2,6KREDGSMKFCX,reception,2026-09-17 08:33:19.020995,15.626429,-16.243148,SR Louga,SR,Louga,normal
cfb9f6c9f7ec4c15a19dfd047f581efd,2KCPK35KD39X,reception,2026-09-17 08:33:27.047813,15.625352,-16.242648,SR Louga,SR,Louga,normal
43cf16ae1be7485c8faf440088cfebe7,7AZED9KC2SHM,reception,2026-09-17 08:33:39.891111,15.628265,-16.242016,SR Louga,SR,Louga,normal
668ffcdd99bf4368b14b7718c0bb0496,NWV8WSJ5A95U,reception,2026-09-17 08:33:53.370480,15.625533,-16.241281,SR Louga,SR,Louga,normal
71c37265020a4046b144dc8f4c028dc3,SGHQHFGNF6MC,reception,2026-09-17 08:33:59.784068,15.625594,-16.242806,SR Louga,SR,Louga,normal
8d84e2c398bb4df994465b7c9fc82fdc,DFHHE9PDGGAR,reception,2026-09-17 08:34:06.675418,15.627686,-16.241033,SR Louga,SR,Louga,normal
f2549e8713e349cfb159f33078f62cae,HCWD6ZNY9WHA,reception,2026-09-17 08:34:16.812163,15.627185,-16.243286,SR Louga,SR,Louga,normal
33027bfc544749f18fc9c9340e3c2940,58MW5UZCVXTQ,reception,2026-09-17 08:34:26.655294,15.626607,-16.242586,SR Louga,SR,Louga,normal
d5d5b4408b19444590f0dc996a8bfbb0,BNVKRMVB6WRC,reception,2026-09-17 08:34:39.109105,15.62735,-16.243403,SR Louga,SR,Louga,normal
3d80e06a61cf4120a4512bd0d0624a4b,95GPT87QVVT6,reception,2026-09-17 08:34:50.050002,15.625942,-16.240688,SR Louga,SR,Louga,normal
36ec71b1b2314f9287d79d2d6cb01bea,8VNB5VTG6YDQ,reception,2026-09-17 08:34:56.654879,15.627618,-16.243425,SR Louga,SR,Louga,normal
fb6b5e9bc2c04e7aa431add18fe7dcf4,XU7ASHG4YGV4,reception,2026-09-17 08:35:04.141768,15.625818,-16.240945,SR Louga,SR,Louga,normal
ce0e057e264246f19bcc22f1598752b7,BYE8446ZMENS,reception,2026-09-17 08:35:14.754538,15.625671,-16.242227,SR Louga,SR,Louga,normal
2e13d1d30c4243d1bedec423b5996580,TM38KQKEUJTE,reception,2026-09-17 08:35:29.420859,15.626124,-16.242287,SR Louga,SR,Louga,normal
5d77299d7a7c4106aa050ad98657305b,XV5MY8RKNBNQ,reception,2026-09-17 08:35:43.593299,15.625287,-16.243156,SR Louga,SR,Louga,normal
22fd840bed5045f69b1a60c546f5d97f,75W3EHUPS5BK,reception,2026-09-17 08:35:57.438153,15.627446,-16.240678,SR Louga,SR,Louga,normal
e56bb6afab9e402a95cfe9f06c2cb6cb,J2TZ2WPNCKYM,reception,2026-09-17 08:36:12.107803,15.625891,-16.241474,SR Louga,SR,Louga,normal
acdf1815813646068e57eee517f4c883,Y5CBP4Z4GZ4P,reception,2026-09-17 08:36:18.249523,15.628189,-16.242908,SR Louga,SR,Louga,normal
69c378624f1c446d848dede86cdb727a,EEYUCJQSPGXD,dispensation,2026-09-17 08:36:24.078701,13.753265,-13.674938,Officine off.tamba1,officine,Tambacounda,normal
fe4c4a6a8ce549d8967eb55ebbe3443e,QXZDHF9YTYG8,reception,2026-09-17 08:36:28.161837,15.62628,-16.241305,SR Louga,SR,Louga,normal
3d2616f27ee84073a5737384f0413950,SKUVZY8TEER9,reception,2026-09-17 08:36:40.316397,15.627702,-16.243311,SR Louga,SR,Louga,normal
6c112d6501c14bc7a7cf00d1098b9eae,4UPM3RP22ZUU,reception,2026-09-17 08:36:48.274266,15.6277,-16.240725,SR Louga,SR,Louga,normal
734dd319ece94a0799eb646aeafdd915,CD7AXSET5C3H,reception,2026-09-17 08:37:02.719578,15.628014,-16.243274,SR Louga,SR,Louga,normal
b1ce18f627a447279dce45e2d5dce0ed,9QGMZTYVKQ24,reception,2026-09-17 08:37:12.610152,15.626307,-16.242498,SR Louga,SR,Louga,normal
45d16158e3864b73858383f2c107ce70,HPTDJ8B6C2JZ,reception,2026-09-17 08:37:27.383553,15.627004,-16.24344,SR Louga,SR,Louga,normal
4becb824bcbb42a8b3939f3645f41844,QEHP4JDD4EFN,reception,2026-09-17 08:37:42.024346,15.627596,-16.243378,SR Louga,SR,Louga,normal
7bfe62e64ca94b7eadc68d907ae8e611,V8WK5MAFTGMN,reception,2026-09-17 08:37:49.835680,15.625538,-16.241032,SR Louga,SR,Louga,normal
a018b857914e42c7b19b4353df5bd307,82CS3XQJZRHU,reception,2026-09-17 08:38:04.450078,15.627448,-16.24194,SR Louga,SR,Louga,normal
d9cce817ae754eef97e6416748f25e19,ASGGE2U2J7MH,reception,2026-09-17 08:38:16.750341,15.625993,-16.240652,SR Louga,SR,Louga,normal
02bfc2ce6cc8488ebaed0c9fc638724e,QWKXANH8UQXM,reception,2026-09-17 08:38:30.939333,15.62715,-16.241277,SR Louga,SR,Louga,normal
52296e41c8d94488bf65678072744e82,BKXNSBDNQK2Q,reception,2026-09-17 08:38:44.040199,15.626497,-16.243098,SR Louga,SR,Louga,normal
dca1e4380529440f8040dc41a5781dfc,SQC76TMH2DAN,reception,2026-09-17 08:38:51.626234,15.62559,-16.242554,SR Louga,SR,Louga,normal
9d24003a32f94dcba3bcb6af7de55851,T9FWZG2YV77S,reception,2026-09-17 08:38:58.836331,15.626363,-16.24313,SR Louga,SR,Louga,normal
4e084ffde800456488ab1b98767dd9f1,4YHUBAEK7E8H,reception,2026-09-17 08:39:10.998215,15.625559,-16.242699,SR Louga,SR,Louga,normal
57f3f80fb9404d4584f298868f74e975,WGB8XFWW2R7F,reception,2026-09-17 08:39:23.697005,15.62579,-16.241986,SR Louga,SR,Louga,normal
3eabf92283eb4787ae6b6926ef1c6b44,EPBG62DZW3JG,reception,2026-09-17 08:39:38.377149,15.628073,-16.241963,SR Louga,SR,Louga,normal
48596fcf89f54d9994263e4bda1c5a6a,NTGTRYT3XQGP,reception,2026-09-17 08:39:48.939400,15.628036,-16.242643,SR Louga,SR,Louga,normal
b20beb9918af40c9a4aa415b643dcec0,GUHNB9PKHBFR,reception,2026-09-17 08:39:59.989170,15.626106,-16.24246,SR Louga,SR,Louga,normal
ccd6dae38ae54e898dae71986beebc05,TJSSB8ZZPNA8,reception,2026-09-17 08:40:14.495274,15.627104,-16.24093,SR Louga,SR,Louga,normal
a346e8b3dd2944ff9b6d64f6c7d17404,27EX853V5TUT,reception,2026-09-17 08:40:20.527857,15.625642,-16.240855,SR Louga,SR,Louga,normal
1d032fffc30b417cad391dfb45f8ca87,5DWQ2YU4828D,reception,2026-09-17 08:40:27.622787,15.627827,-16.241127,SR Louga,SR,Louga,normal
a2356f56c23044a7a6747998deee88da,Q8CZ69BHW6D3,reception,2026-09-17 08:40:37.149082,15.625317,-16.242129,SR Louga,SR,Louga,normal
2379495271024e4ba9352b2943c1b709,9KXVA8MXJ8M9,reception,2026-09-17 08:40:45.671408,15.628222,-16.242527,SR Louga,SR,Louga,normal
1648e8b6a9f6471c9e7c63549eb8f278,MK8S7AB5B82T,reception,2026-09-17 08:40:54.692086,15.625418,-16.243492,SR Louga,SR,Louga,normal
081120ff0afd4f0f860fc7fd5366eda9,7Z54H265CFHH,reception,2026-09-17 08:41:02.603021,15.627498,-16.240736,SR Louga,SR,Louga,normal
03d6ce38bda045c9b4a6667de5103669,UYQYW5ENSVCP,reception,2026-09-17 08:41:13.770899,15.627193,-16.241832,SR Louga,SR,Louga,normal
5bffff6d553949738385f7acae3493ed,CNPUJDP9UYXF,reception,2026-09-17 08:41:23.653772,15.626107,-16.241269,SR Louga,SR,Louga,normal
18344405e54f46d18e1d3a94aa6100d9,HD4XKJP55EWT,reception,2026-09-17 08:41:32.067981,15.626108,-16.2423,SR Louga,SR,Louga,normal
04282eb2700d4627b4604f5ae190f01b,NMVR2AKCJ3A8,reception,2026-09-17 08:41:42.369958,15.626537,-16.243255,SR Louga,SR,Louga,normal
de2805a1c93d486fbb5d30e48ad520a0,E7RQ6G5MG6ZX,dispensation,2026-09-17 08:41:44.775307,15.610117,-16.251383,Officine off.louga1,officine,Louga,normal
e248c24885844f17ba09fe24c7ef1e29,XXF2FUQ6Q7KG,reception,2026-09-17 08:41:54.638633,15.625712,-16.243269,SR Louga,SR,Louga,normal
84ea2bb2afaf49a6b5c4e8bfd66141b3,AVJ8JU5R4RP9,reception,2026-09-17 08:42:04.730874,15.625626,-16.241106,SR Louga,SR,Louga,normal
024fa49464114b9ba89b11dffa3a18b9,NGA2EZGUN5CZ,reception,2026-09-17 08:42:17.048905,15.626763,-16.241255,SR Louga,SR,Louga,normal
468ba8f1903c44a1815ec6d2f9dcc311,BV4M3BZE5SQP,reception,2026-09-17 08:42:24.640436,15.626884,-16.242725,SR Louga,SR,Louga,normal
bb955a2db064434bbc5f636d196db2e0,QCDW4UEJF5BJ,reception,2026-09-17 08:42:32.184524,15.627356,-16.241419,SR Louga,SR,Louga,normal
4241fd2d744a47d884e2d0afd550dd57,UHAXUFQWWSRB,reception,2026-09-17 08:42:38.300807,15.628087,-16.241908,SR Louga,SR,Louga,normal
712473fb60aa4ef5ab6f798ddc0d94af,F8B7F653J5WE,reception,2026-09-17 08:42:47.711236,15.627813,-16.241104,SR Louga,SR,Louga,normal
8180b7bc551a4a72bdf29622abd37483,U9MT8EDQRVWT,reception,2026-09-17 08:42:53.834546,15.626886,-16.242144,SR Louga,SR,Louga,normal
0f96f6987d764af8b94b6859c9b95941,C4J32EPD9J2P,reception,2026-09-17 08:43:05.329854,15.627093,-16.242107,SR Louga,SR,Louga,normal
b665fee82fa54be8a1fdc6511da91ed5,K8XWDV6P5M5J,reception,2026-09-17 08:43:18.328426,15.627916,-16.241556,SR Louga,SR,Louga,normal
398bdec2ead84afb879e401fdc405992,UK76SV6TUJ7V,reception,2026-09-17 08:43:29.942341,15.626457,-16.243253,SR Louga,SR,Louga,normal
095cb26576aa4e63a8986c70cd8395f0,THYK7QYUDKW5,reception,2026-09-17 08:43:44.554007,15.628072,-16.241391,SR Louga,SR,Louga,normal
d81d17b070b849aeac4f900740bb55a4,P6PNMMCFAXMT,reception,2026-09-17 08:43:51.411041,15.625545,-16.24216,SR Louga,SR,Louga,normal
09ff7c88b5e944a8a21609e72aa64a88,VHFVZPJQ7ZKF,reception,2026-09-17 08:44:02.024422,15.62695,-16.240893,SR Louga,SR,Louga,normal
e2bacfb7fa5d43cd90496785e933c785,YT9MQWKH7QYF,reception,2026-09-17 08:44:15.885999,15.627039,-16.241642,SR Louga,SR,Louga,normal
2efb98159aad4d7798cae1d9a45286cf,XFRQHZFJMDW3,reception,2026-09-17 08:44:24.559930,15.625789,-16.243183,SR Louga,SR,Louga,normal
0faeb78d816945689adadcf410efc01e,SWTG74DXJ34Z,reception,2026-09-17 08:44:36.998340,15.625596,-16.241614,SR Louga,SR,Louga,normal
da781a94b4e44e64927ceb644b450fd0,9WZCUDZB58QK,reception,2026-09-17 08:44:46.581739,15.626404,-16.240857,SR Louga,SR,Louga,normal
fc0fcd7c4e274949958aee3ef0245dd6,BUPXU5FZJ7JJ,reception,2026-09-17 08:45:01.288049,15.627041,-16.240983,SR Louga,SR,Louga,normal
cf668b768920463aa320d250d92fe068,UBJVS4TUYRMH,reception,2026-09-17 08:45:10.225449,15.626292,-16.241099,SR Louga,SR,Louga,normal
21fe97048fc3491992db374b54f6a234,86ETM9A8UU9B,reception,2026-09-17 08:45:16.706863,15.626673,-16.241367,SR Louga,SR,Louga,normal
98a52a2695754f5da09d5261754a16fe,74BPCD2WNTJB,reception,2026-09-17 08:45:28.451928,15.625417,-16.243524,SR Louga,SR,Louga,normal
a9cca604faa04ae4b725e1b77c66b3a3,JU25RYP8F88A,reception,2026-09-17 08:45:39.516986,15.626849,-16.243486,SR Louga,SR,Louga,normal
361c90a84b6046b08396a9f5a43aa84b,SNYRFCXPE478,reception,2026-09-17 08:45:48.327841,15.626804,-16.24302,SR Louga,SR,Louga,normal
2e2fec13a2d24626a0cd6b7e7e3e26b8,VWGNBYRA5KAY,reception,2026-09-17 08:46:00.084346,15.626716,-16.241142,SR Louga,SR,Louga,normal
fab3d94a0f2046e5b4d7ae4c609bcc49,CSR3HY4MU26T,reception,2026-09-17 08:46:09.198831,15.626421,-16.241365,SR Louga,SR,Louga,normal
d6e22db4c1154323be15a37255998e2e,MVKCWRBK77ZP,reception,2026-09-17 08:46:17.267957,15.626951,-16.242531,SR Louga,SR,Louga,normal
747f02d837d84253b60bc4cf80105d37,PF3PQXFDR5QG,reception,2026-09-17 08:46:24.041866,15.626215,-16.240754,SR Louga,SR,Louga,normal
63a927c82791441fa7559f7b9e1c0c51,SYJVZXQ82MZM,reception,2026-09-17 08:46:38.859385,15.627537,-16.242617,SR Louga,SR,Louga,normal
4f377d819d4c4ff3aeebdf3fa83e1787,SV8DQGXF4W3K,reception,2026-09-17 08:46:53.486714,15.627151,-16.243248,SR Louga,SR,Louga,normal
49a0539af5ee4623875ac7d5b608c6cc,FTAGX7ANAD9J,reception,2026-09-17 08:47:05.227771,15.626518,-16.243121,SR Louga,SR,Louga,normal
d025a82ff0cc486f97d2e4b8f91c5a1c,XSDQFJCB5TZR,reception,2026-09-17 08:47:13.328691,15.626302,-16.243017,SR Louga,SR,Louga,normal
14083ea38a8f44d198163e3172335c17,7DFREG3CDHWD,reception,2026-09-17 08:47:25.586320,15.626369,-16.240824,SR Louga,SR,Louga,normal
b58f7148a8224eb5b18d5c5fa93ce1be,ZXMS98TBMACQ,reception,2026-09-17 08:47:33.020768,15.625807,-16.243349,SR Louga,SR,Louga,normal
f7dac0f84ab648b28c3be14d374318f2,3S482C3ZY7KM,reception,2026-09-17 08:47:45.030871,15.626159,-16.24341,SR Louga,SR,Louga,normal
dd3f787f07904b878bb064f4d99ed9bc,38A7C94WDHZG,reception,2026-09-17 08:47:52.186744,15.628174,-16.242949,SR Louga,SR,Louga,normal
19c6b4108f014e17a8ad01a334b7f7b4,HYZRF2CPRQYQ,reception,2026-09-17 08:47:59.927437,15.625349,-16.243344,SR Louga,SR,Louga,normal
da1f6da1c4d446289a13c61d76a2d3c8,N35JWH596RAF,reception,2026-09-17 08:48:11.763215,15.625631,-16.242898,SR Louga,SR,Louga,normal
178d7a34fb374ffab4c2bf82215343e0,KBDFRXQKPSSQ,reception,2026-09-17 08:48:23.831839,15.625972,-16.240773,SR Louga,SR,Louga,normal
abbdb827f22b464da485465fa4bbada9,8BXUBBWN996Q,reception,2026-09-17 08:48:37.112882,15.626732,-16.242877,SR Louga,SR,Louga,normal
945fe69234c249db885184dbc4d07ef8,GQ7TUR52CG4X,reception,2026-09-17 08:48:50.063134,15.626685,-16.241291,SR Louga,SR,Louga,normal
8d1d9274a40847f0b61868f3490ce57b,HKAQXN8GYTU2,dispensation,2026-09-17 08:49:00,14.682376,-16.257618,Officine off.diourbel1,officine,Diourbel,normal
ccbbd8de27574fdf8ccc97851e55a5e4,E4XHS8V28AFZ,reception,2026-09-17 08:49:02.785615,15.626641,-16.24265,SR Louga,SR,Louga,normal
d97cc5d22bc443e6b0e4299907f8b8bc,7AWNC8KUJ6NU,reception,2026-09-17 08:49:08.984616,15.627885,-16.241433,SR Louga,SR,Louga,normal
6f2b3a3b0ef4490089c01e7bf676fa90,ZJHZXW3PDA9Z,reception,2026-09-17 08:49:15.434744,15.628,-16.243554,SR Louga,SR,Louga,normal
5722089b709a4754aaf13a068231b970,VVAF9HRS3VY9,reception,2026-09-17 08:49:26.028925,15.6255,-16.243247,SR Louga,SR,Louga,normal
b757f4397d68497e8deeacdefc81810c,3E25V3MMDUDP,reception,2026-09-17 08:49:37.891914,15.626357,-16.242383,SR Louga,SR,Louga,normal
e6f01225244b440dbf3e5a5c604c54d5,BU98XJRGDTFD,reception,2026-09-17 08:49:48.053495,15.625695,-16.243426,SR Louga,SR,Louga,normal
ea174244a9c143f9aaaa0e2b826f7437,V3CN64N5TGBN,reception,2026-09-17 08:49:55.608473,15.625682,-16.241708,SR Louga,SR,Louga,normal
e57b49ccf60742d782fd85d89c4fc32a,8M7TD7UNEC6D,reception,2026-09-17 08:50:07.345653,15.627605,-16.24238,SR Louga,SR,Louga,normal
f1c7317a655a4dcc84ccbfa1d5c46724,K8BNBH7X94S7,reception,2026-09-17 08:50:15.067600,15.625999,-16.243251,SR Louga,SR,Louga,normal
f6e39911f8a84d1384cddaeb3923a1e7,SD5PEGMV8GAW,reception,2026-09-17 08:50:21.672493,15.626114,-16.242376,SR Louga,SR,Louga,normal
a311df0928bf40849f8ad741630f86bf,ZSEU2WPGJ78U,reception,2026-09-17 08:50:30.224303,15.627464,-16.243505,SR Louga,SR,Louga,normal
f21aa6bf4c0e4fac8bdef6fb1381ec07,PZSJA8HHA54B,reception,2026-09-17 08:50:40.083605,15.627722,-16.243533,SR Louga,SR,Louga,normal
4613032f33744af9abb72c8a4f8619e4,UBNG2MGHA7VX,reception,2026-09-17 08:50:51.997139,15.628221,-16.243323,SR Louga,SR,Louga,normal
354322538a8c4ee99053790ae6193f4b,J2GVJMAJ57XQ,reception,2026-09-17 08:51:06.837480,15.627081,-16.241583,SR Louga,SR,Louga,normal
19993cbfbaab47ae9e9b23cac95ec205,W2HD6YYH358V,reception,2026-09-17 08:51:12.880629,15.627353,-16.241841,SR Louga,SR,Louga,normal
384014bc1ba1455bade841db03d4ff47,GWMNVURWV8YD,reception,2026-09-17 08:51:22.753389,15.627075,-16.241355,SR Louga,SR,Louga,normal
233433236c264f4a94304fc0a4f92210,QTNQ5WBVRAUN,reception,2026-09-17 08:51:30.423379,15.627039,-16.243497,SR Louga,SR,Louga,normal
65c1e430a91441cab8dcb84d872b9e9b,EU3BUKZGX8VC,reception,2026-09-17 08:51:37.115930,15.625738,-16.24296,SR Louga,SR,Louga,normal
ffa33757a23e43398c1d5100bb555e2e,EG5YH2RU4D24,reception,2026-09-17 08:56:00,14.813738,-16.924679,Officine off.thies2,officine,Thies,normal
c549d1d4b79542408d31774ea5c8460f,QJ32P5GRDR6S,reception,2026-09-17 08:56:07.312174,14.811513,-16.925684,Officine off.thies2,officine,Thies,normal
22e89b80542244578736517d3d6db56f,GMYCV8SR728G,expedition,2026-09-17 09:03:00,14.683634,-16.243714,SR Diourbel,SR,Diourbel,normal
de79a67735974b9fbadb61123b623e13,TW63KSX7EHNS,expedition,2026-09-17 09:03:07.820880,14.683648,-16.241848,SR Diourbel,SR,Diourbel,normal
aec404a09aaf4b638554911e64bc9e95,PZK2CZUGYPRG,expedition,2026-09-17 09:03:19.472314,14.68406,-16.243429,SR Diourbel,SR,Diourbel,normal
578825ff7c834293b4c96e43d6ea2677,E9ZCYYEY6QS6,expedition,2026-09-17 09:03:29.119108,14.683119,-16.242517,SR Diourbel,SR,Diourbel,normal
d5edd53b844c46a1a3e168da274f0465,EYRNJ3RW47D3,expedition,2026-09-17 09:03:42.514844,14.683779,-16.243226,SR Diourbel,SR,Diourbel,normal
cafbb304b98b43af9b55cdf13421f0aa,GM5HH72ESDEN,expedition,2026-09-17 09:03:55.457289,14.682992,-16.242081,SR Diourbel,SR,Diourbel,normal
36742164274f491ba972252f507b56a4,SRYFP2AFFBEU,expedition,2026-09-17 09:04:03.548970,14.68463,-16.24475,SR Diourbel,SR,Diourbel,normal
57b715c2ad654f4e826cab07ca404b91,9DHGUJCZU4Q4,reception,2026-09-17 09:05:00,14.158036,-16.098809,Grossiste Kaolack,grossisteRepartiteur,Kaolack,normal
9ce379e0a98841b5ae310572f24c5d97,HHANSBYMXSF3,reception,2026-09-17 09:05:12.953281,14.156512,-16.098996,Grossiste Kaolack,grossisteRepartiteur,Kaolack,normal
7fb4ea76dca4448ba69a6dd99fd372e3,229APBB3U3HE,reception,2026-09-17 09:05:23.168699,14.156626,-16.100456,Grossiste Kaolack,grossisteRepartiteur,Kaolack,normal
e2014ceda5494108a1905659ebc012a2,NK4368G93MRP,reception,2026-09-17 09:05:35.520544,14.157235,-16.09979,Grossiste Kaolack,grossisteRepartiteur,Kaolack,normal
bad6828e7afe4946891608b8cc7a7320,9NQ62FHUEWPV,reception,2026-09-17 09:05:45.126792,14.158701,-16.100177,Grossiste Kaolack,grossisteRepartiteur,Kaolack,normal
400f1a0e1fe44a39a26397ea3b5115e0,AGKTEJUFRCUN,reception,2026-09-17 09:05:59.727249,14.156766,-16.099661,Grossiste Kaolack,grossisteRepartiteur,Kaolack,normal
dfb4e41aa27b4be0ad0af7701d5b73e6,A5NV8E8XBXHC,reception,2026-09-17 09:06:08.272141,14.156882,-16.09905,Grossiste Kaolack,grossisteRepartiteur,Kaolack,normal
93092051196042e58837953b2b5976a1,KX3GMUVXJC8B,reception,2026-09-17 09:06:19.788841,14.156517,-16.101289,Grossiste Kaolack,grossisteRepartiteur,Kaolack,normal
8dee3d87b38546e38c0bb2110e12f0af,C8F49EMS22SH,reception,2026-09-17 09:06:33.602319,14.156753,-16.099581,Grossiste Kaolack,grossisteRepartiteur,Kaolack,normal
b055bc2e486046d7b8eeca155b500ddd,39DYXZDUP95K,reception,2026-09-17 09:06:47.600764,14.156258,-16.100893,Grossiste Kaolack,grossisteRepartiteur,Kaolack,normal
420dd3b127b44542b3d6bcd096f9f46a,2KWGQNEAE9NH,reception,2026-09-17 09:07:02.467438,14.158163,-16.098813,Grossiste Kaolack,grossisteRepartiteur,Kaolack,normal
e3845d84d3614b899b8c0b4d400bde90,AFKC4TB4VA8G,reception,2026-09-17 09:07:11.699752,14.159047,-16.099491,Grossiste Kaolack,grossisteRepartiteur,Kaolack,normal
7b2f360a501048f9b7fe4a1c3cd1a812,MS3RJA5WVQ9Q,reception,2026-09-17 09:07:21.682623,14.157949,-16.101201,Grossiste Kaolack,grossisteRepartiteur,Kaolack,normal
18a5183b51ff4384a6a4254d72757a3a,HGU3HANKR4K2,reception,2026-09-17 09:07:30.590918,14.156161,-16.099264,Grossiste Kaolack,grossisteRepartiteur,Kaolack,normal
509a8b6bbb4d4335b89a56bb27673231,KGHYYE4EC54Y,reception,2026-09-17 09:07:41.956594,14.157169,-16.100634,Grossiste Kaolack,grossisteRepartiteur,Kaolack,normal
73f34cab25674e11afe99384c41854e9,ZADMZD6TJYGA,reception,2026-09-17 09:07:52.219844,14.157067,-16.100228,Grossiste Kaolack,grossisteRepartiteur,Kaolack,normal
f8bcccfc26f74d6b981e032a24e9bdec,EJEFEYBM4KVF,reception,2026-09-17 09:08:05.386759,14.157876,-16.101599,Grossiste Kaolack,grossisteRepartiteur,Kaolack,normal
05dd58f6af9c4d61b487a37d228fda4b,MDHK4J6VYBSW,reception,2026-09-17 09:08:18.871821,14.158174,-16.100206,Grossiste Kaolack,grossisteRepartiteur,Kaolack,normal
5de11e9f2a544849a91838a2a4bc1737,7CRUFDYRK3GH,reception,2026-09-17 09:08:28.711305,14.158104,-16.101102,Grossiste Kaolack,grossisteRepartiteur,Kaolack,normal
46b7377b73e84b69a706e74ef483f319,XSZCSVAZ29S2,reception,2026-09-17 09:08:35.226703,14.156927,-16.099565,Grossiste Kaolack,grossisteRepartiteur,Kaolack,normal
602de0bb20ad41e68ec6a9174e8ee120,9ZYM4S6VFDPH,dispensation,2026-09-17 09:08:37.346735,15.609176,-16.252083,Officine off.louga1,officine,Louga,normal
9418afd55f0e4fac90937f10ec640c74,PP26KNUT625U,reception,2026-09-17 09:08:41.523784,14.159067,-16.099784,Grossiste Kaolack,grossisteRepartiteur,Kaolack,normal
fc05d62cb06c434997d243b6eb051a90,4HAAKFGCSK4R,reception,2026-09-17 09:08:48.410333,14.158845,-16.099252,Grossiste Kaolack,grossisteRepartiteur,Kaolack,normal
9436693e9eca490192f3ba12b7dc48b3,E6XTBBUPCHRX,reception,2026-09-17 09:08:59.073805,14.157707,-16.099,Grossiste Kaolack,grossisteRepartiteur,Kaolack,normal
6407b9b3fd4b4d3eadec80cdaf9e256d,58DD3UWHDD78,reception,2026-09-17 09:09:06.471847,14.156385,-16.100345,Grossiste Kaolack,grossisteRepartiteur,Kaolack,normal
d68cf2cb40054ea3ba7105926c701a50,M3B8QE4YV46D,reception,2026-09-17 09:09:15.628079,14.157149,-16.100174,Grossiste Kaolack,grossisteRepartiteur,Kaolack,normal
cdfe65a6e4df4d26a9c167adff982a2b,BJZVTP7VEMBJ,reception,2026-09-17 09:09:27.211729,14.158692,-16.101078,Grossiste Kaolack,grossisteRepartiteur,Kaolack,normal
60c0ec043ebf4801915a520073b50933,38WSB6UCGSBX,reception,2026-09-17 09:09:36.963455,14.158629,-16.099945,Grossiste Kaolack,grossisteRepartiteur,Kaolack,normal
a859e262d0ae40848fffc8bc24c4c0b1,MJJMGYB4E2FD,reception,2026-09-17 09:09:51.563244,14.158827,-16.099169,Grossiste Kaolack,grossisteRepartiteur,Kaolack,normal
920c3cb7071a4484a0612fbe807b607a,934VMWHAN8TP,reception,2026-09-17 09:09:58.245879,14.157644,-16.099112,Grossiste Kaolack,grossisteRepartiteur,Kaolack,normal
3b5c138aa1394d2d8efbf36a89c5839d,95RX8ZHN86T7,reception,2026-09-17 09:10:07.417216,14.156533,-16.101662,Grossiste Kaolack,grossisteRepartiteur,Kaolack,normal
83efa4c0fac1468ea78f2509b13bb523,3XYQ72CQ3FVK,reception,2026-09-17 09:10:22.315888,14.157777,-16.101375,Grossiste Kaolack,grossisteRepartiteur,Kaolack,normal
0bb9e3bbcd1f4ed4a5db3d9de52f0f20,JMNZQZ5YDMAJ,reception,2026-09-17 09:10:28.957725,14.156791,-16.10167,Grossiste Kaolack,grossisteRepartiteur,Kaolack,normal
9f34fcccc4dd49f8a22878294d11266b,32ZXQNDWUY82,reception,2026-09-17 09:10:37.053776,14.158413,-16.098986,Grossiste Kaolack,grossisteRepartiteur,Kaolack,normal
6235c18388c342398f948e47e82f37e1,JCGBQGUU8UDY,reception,2026-09-17 09:10:52.040089,14.159102,-16.099358,Grossiste Kaolack,grossisteRepartiteur,Kaolack,normal
d686535341fb487da073e4e3b378e090,Y5T4UJT2GG7Q,reception,2026-09-17 09:11:04.248133,14.158954,-16.100709,Grossiste Kaolack,grossisteRepartiteur,Kaolack,normal
669e3f1c11b641e8958e389f56c9ce48,BCZX4EV9Q4Z4,reception,2026-09-17 09:11:15.995485,14.159054,-16.100933,Grossiste Kaolack,grossisteRepartiteur,Kaolack,normal
8d5c0a7dbb8641989d6721758f3857e5,YGQHJFNXA6BV,reception,2026-09-17 09:11:24.056854,14.158143,-16.098949,Grossiste Kaolack,grossisteRepartiteur,Kaolack,normal
3616360687c24371b9ac5a38cc3fd432,ZTY3S6MK9C3K,reception,2026-09-17 09:11:31.868121,14.157921,-16.100334,Grossiste Kaolack,grossisteRepartiteur,Kaolack,normal
d096baf83e97477e813bd2beeaaa7d4b,AZRYGXGKQH3Z,reception,2026-09-17 09:11:45.854240,14.157648,-16.101286,Grossiste Kaolack,grossisteRepartiteur,Kaolack,normal
6aa39165c3ae426187940e985a77dc14,Y8J659RFKW9P,reception,2026-09-17 09:12:00.505947,14.157486,-16.100392,Grossiste Kaolack,grossisteRepartiteur,Kaolack,normal
26a4cde2bbc94a4caa5156864c9c0af6,CZRZTYDWGVGS,reception,2026-09-17 09:12:13.010762,14.158403,-16.10113,Grossiste Kaolack,grossisteRepartiteur,Kaolack,normal
4f6ead25c69c464c9f1a9c1ce2b2c273,6S5HWZFXPBB7,reception,2026-09-17 09:12:22.510604,14.157375,-16.100626,Grossiste Kaolack,grossisteRepartiteur,Kaolack,normal
88b8be87f4ec4d0ca0b4240fe2f0d07f,6YM9FXSBA7QB,reception,2026-09-17 09:12:32.212505,14.158262,-16.101182,Grossiste Kaolack,grossisteRepartiteur,Kaolack,normal
b3aad72045464cb0954ed6b711d72cbc,7KCARAXVSZ7A,reception,2026-09-17 09:12:43.382010,14.158704,-16.101315,Grossiste Kaolack,grossisteRepartiteur,Kaolack,normal
283501f7d79145ffaff976a06ddb284c,MRXU2UCM4UVD,reception,2026-09-17 09:12:49.796082,14.156328,-16.101292,Grossiste Kaolack,grossisteRepartiteur,Kaolack,normal
8538de43791247b190aa98d9dc150b0f,5Q456UBPBYV5,reception,2026-09-17 09:13:01.825316,14.156738,-16.100273,Grossiste Kaolack,grossisteRepartiteur,Kaolack,normal
77a16aba05854364a15fad176de38635,VHQQUN4C923X,reception,2026-09-17 09:13:10.856381,14.158608,-16.100772,Grossiste Kaolack,grossisteRepartiteur,Kaolack,normal
141a71fbeb454d1b8d0d3fff164bf810,CQFYFSMD2GGR,reception,2026-09-17 09:13:18.846107,14.156957,-16.10152,Grossiste Kaolack,grossisteRepartiteur,Kaolack,normal
b0cc2bdf0c034d7ba3b8f59efe7b4ffc,E33DT4KC54N3,reception,2026-09-17 09:13:32.171546,14.15849,-16.101305,Grossiste Kaolack,grossisteRepartiteur,Kaolack,normal
77fdf7fa1e3542e787b37f972ac38cc8,JBQ8XV65NUJK,reception,2026-09-17 09:13:43.009100,14.158213,-16.099199,Grossiste Kaolack,grossisteRepartiteur,Kaolack,normal
5323d6df79d14bc2857172e5c77e12f9,2579SPCSBE96,reception,2026-09-17 09:14:00,16.006463,-16.517296,Officine off.saintlouis1,officine,Saint-Louis,normal
216cd471a2cd49c1aa36eb1bea41ad28,K4FFER3HSDDY,reception,2026-09-17 09:14:09.005849,16.007055,-16.51622,Officine off.saintlouis1,officine,Saint-Louis,normal
3ca1ae7285a3487eb6840e28b2efd66f,F8TXHHK3VNQQ,expedition,2026-09-17 09:16:00,14.665542,-17.464333,SR Dakar,SR,Dakar,normal
7daff910a4614951b11d78c4de22585c,KAK3C8SNEMFT,expedition,2026-09-17 09:16:09.682515,14.6664,-17.463002,SR Dakar,SR,Dakar,normal
0fdf2ee9c28148efa64fefe70513b85b,EMTPS93UFRV3,expedition,2026-09-17 09:16:16.775210,14.665936,-17.464089,SR Dakar,SR,Dakar,normal
5618d0514f1042539899ad41ab7416f5,HQTXW7MEK6XE,expedition,2026-09-17 09:16:25.546597,14.668262,-17.464929,SR Dakar,SR,Dakar,normal
f9ec9d6ff43545e6a92c48a40b5bbee8,5HMW5H8KRJDE,expedition,2026-09-17 09:16:33.307316,14.665949,-17.46361,SR Dakar,SR,Dakar,normal
f338420351e54801b4588071b3973497,UC7Y4EMVSU3T,expedition,2026-09-17 09:21:03.245124,13.757849,-13.679942,SR Tambacounda,SR,Tambacounda,normal
22fccc2f58244882b52da820b8a4f487,DHDVKAN4ZAK7,expedition,2026-09-17 09:21:10.660022,13.757822,-13.67953,SR Tambacounda,SR,Tambacounda,normal
dfbf4a0866b444309d189991cfba9cf4,DDQJ6NR3VSEJ,expedition,2026-09-17 09:21:18.323464,13.758747,-13.678893,SR Tambacounda,SR,Tambacounda,normal
43163169a15a4158b4549d76409ef277,4VU7SBFCHTCD,expedition,2026-09-17 09:21:29.127406,13.757062,-13.677831,SR Tambacounda,SR,Tambacounda,normal
c13c0eecf4cd43219bfc01f1d9262180,AFERVM9FP2AR,expedition,2026-09-17 09:21:41.420554,13.757884,-13.677864,SR Tambacounda,SR,Tambacounda,normal
c5ac08ad709c453d9dcaac20b6b52928,VSE5M82VJ9VR,expedition,2026-09-17 09:21:52.941723,13.757582,-13.679526,SR Tambacounda,SR,Tambacounda,normal
6f826d8f23e04d93b0e24a075484305b,3ZPEKMKKSZHR,expedition,2026-09-17 09:22:04.443422,13.756963,-13.677738,SR Tambacounda,SR,Tambacounda,normal
6cfa19ee659c42429646f2afbe1fb6a8,6YYEEARVH9YY,expedition,2026-09-17 09:22:17.338344,13.756399,-13.679026,SR Tambacounda,SR,Tambacounda,normal
42a8a4ef625f4a86a061f2b1f1a9c048,SJ5NKTXPTR5M,dispensation,2026-09-17 09:27:00.182080,15.609508,-16.251099,Officine off.louga1,officine,Louga,normal
763525b657b44af28ab0053bd3c2632b,C4MRH5857K2X,reception,2026-09-17 13:05:16.535696,14.704051,-17.413416,Officine off.dakar2,officine,Dakar,normal
7eb967af9b7b4105acadd12cadaf2a51,XFWZRAQT6Q8S,reception,2026-09-17 13:05:31.135529,14.702717,-17.415656,Officine off.dakar2,officine,Dakar,normal
894133fec3f2412bb7fe638d6a3c514c,Q7MZ96BJTSMF,expedition,2026-09-17 13:11:15.468086,14.151745,-16.04432,SR Kaolack,SR,Kaolack,normal
5a1b0171c74445f99e5b36ab9493c689,WDYBBW7PY8MR,expedition,2026-09-17 13:11:24.664942,14.15188,-16.044169,SR Kaolack,SR,Kaolack,normal
745d0e8803404a4780187a1fb22c52c7,8PRSFGZRYE3V,reception,2026-09-17 16:09:57.407048,14.70073,-17.438025,Officine off.dakar1,officine,Dakar,normal
6014b3522a2d4e9da0b3c514f3b6c141,SRQERHQ25RWA,dispensation,2026-09-17 16:19:47.589640,13.754295,-13.672346,Officine off.tamba1,officine,Tambacounda,normal
713b432d08f04e80a714151df01b9f0b,NGPCRU9X8SFX,dispensation,2026-09-17 16:28:14.496988,13.755222,-13.673495,Officine off.tamba1,officine,Tambacounda,normal
2701f1ec87d14d46a1c5312a0fe9ecfa,HW6Z6Y6ZKWS5,reception,2026-09-17 16:49:40.407568,14.159728,-16.063232,Officine off.kaolack2,officine,Kaolack,normal
a7a375bd7ab345fd84add79172ea3b5d,WS7MECA7T63V,reception,2026-09-17 16:49:52.415894,14.162329,-16.062871,Officine off.kaolack2,officine,Kaolack,normal
ae5e1d8a9cbc4d79b1968220feb2edab,5G5RV6GP75V6,reception,2026-09-17 16:49:58.876492,14.161189,-16.061012,Officine off.kaolack2,officine,Kaolack,normal
471bfc7ef8084b1084cdd6bbd2972196,K9A9WYPZ9MNC,reception,2026-09-17 16:50:08.580114,14.160379,-16.063287,Officine off.kaolack2,officine,Kaolack,normal
79b1a9bcb9834658bf3fc60181a7ca94,39DYXZDUP95K,expedition,2026-09-17 17:27:07.396952,14.157943,-16.099971,Grossiste Kaolack,grossisteRepartiteur,Kaolack,normal
9242d5fa87d64ecabbad79f2dcf7f736,2KWGQNEAE9NH,expedition,2026-09-17 17:27:21.936731,14.156305,-16.101485,Grossiste Kaolack,grossisteRepartiteur,Kaolack,normal
f30a7cad7f3f448b953d4fcfd20b746d,32ZXQNDWUY82,expedition,2026-09-17 17:27:36.296254,14.157497,-16.100673,Grossiste Kaolack,grossisteRepartiteur,Kaolack,normal
f822c112fda24753a3353a5dd7098cd1,ZTY3S6MK9C3K,expedition,2026-09-17 17:27:45.753672,14.157286,-16.100699,Grossiste Kaolack,grossisteRepartiteur,Kaolack,normal
eeeb699cab194bffa3856e5af888dbf8,MRXU2UCM4UVD,expedition,2026-09-17 17:27:56.823593,14.157241,-16.098791,Grossiste Kaolack,grossisteRepartiteur,Kaolack,normal
419a212689b846aa8bf050e3d192e721,E6XTBBUPCHRX,expedition,2026-09-17 17:28:03.489862,14.156725,-16.09964,Grossiste Kaolack,grossisteRepartiteur,Kaolack,normal
eaa8c73b360b47e3b6f7d0ee431c7e07,95RX8ZHN86T7,expedition,2026-09-17 17:28:13.193320,14.158304,-16.099528,Grossiste Kaolack,grossisteRepartiteur,Kaolack,normal
4e7b50defb1646268340acf98e27696a,JCGBQGUU8UDY,expedition,2026-09-17 17:28:26.053526,14.157736,-16.099951,Grossiste Kaolack,grossisteRepartiteur,Kaolack,normal
a97e38f38fbc4ceb98692cbcaf4f1ee2,USRBJTYB6AJH,dispensation,2026-09-18 08:09:00,14.14268,-16.06552,Officine off.kaolack1,officine,Kaolack,normal
ddb18bdb823e482e817602732b66f286,HPZY39Y73YN2,expedition,2026-09-18 08:15:00,12.606414,-16.272189,SR Ziguinchor,SR,Ziguinchor,normal
d18cd15646fe4b42aaaa5a6cc7cd71a1,7S3XWZ57F2KH,expedition,2026-09-18 08:15:14.770704,12.608025,-16.270533,SR Ziguinchor,SR,Ziguinchor,normal
3d3b0da3ee8c4128888bdb5fa77ca8f6,J3MGY93G2VMX,expedition,2026-09-18 08:15:28.273735,12.606852,-16.271331,SR Ziguinchor,SR,Ziguinchor,normal
aeeca2e034df4c18bdca82107be2f7bd,C7Q93P9UZUBT,expedition,2026-09-18 08:15:36.647736,12.606968,-16.269551,SR Ziguinchor,SR,Ziguinchor,normal
ea903fed086148cba17787e3e463142b,EBDVHKBT6FQJ,dispensation,2026-09-18 08:41:00,16.006571,-16.516666,Officine off.saintlouis1,officine,Saint-Louis,normal
f582f79b45f8499fb94139aee5e0d875,Q7MZ96BJTSMF,reception,2026-09-18 08:52:00,14.142803,-16.065114,Officine off.kaolack1,officine,Kaolack,normal
af8694e7047c46a4863c4a97bb9f445e,WDYBBW7PY8MR,reception,2026-09-18 08:52:07.625677,14.143139,-16.063717,Officine off.kaolack1,officine,Kaolack,normal
f6b6ed8ff85b41c3a32160b44aeb1c44,9NQ62FHUEWPV,expedition,2026-09-18 08:55:00,14.157824,-16.099485,Grossiste Kaolack,grossisteRepartiteur,Kaolack,normal
eda822a68cbc4b01b1980630b52e885e,58DD3UWHDD78,expedition,2026-09-18 08:55:14.156834,14.158629,-16.098765,Grossiste Kaolack,grossisteRepartiteur,Kaolack,normal
6ae82d50fcc741f48fba46119401db4c,M3B8QE4YV46D,expedition,2026-09-18 08:55:21.811036,14.156161,-16.099742,Grossiste Kaolack,grossisteRepartiteur,Kaolack,normal
046b02ea2bf3492c9792360fad1e3309,YGQHJFNXA6BV,expedition,2026-09-18 08:55:36.034640,14.156506,-16.098946,Grossiste Kaolack,grossisteRepartiteur,Kaolack,normal
fc1b18599a904342aa652871fc57f98f,HGU3HANKR4K2,expedition,2026-09-18 08:55:45.728474,14.15858,-16.101332,Grossiste Kaolack,grossisteRepartiteur,Kaolack,normal
133d9ea5b421420ea5f81edd8134954e,6S5HWZFXPBB7,expedition,2026-09-18 08:55:57.518288,14.156762,-16.101386,Grossiste Kaolack,grossisteRepartiteur,Kaolack,normal
4073bbd7977947f5857112c14baa76f5,XSZCSVAZ29S2,expedition,2026-09-18 08:56:07.636966,14.156797,-16.101099,Grossiste Kaolack,grossisteRepartiteur,Kaolack,normal
8a9ad50686834cbcaed355de9d18398f,AFKC4TB4VA8G,expedition,2026-09-18 08:57:00,14.157619,-16.10037,Grossiste Kaolack,grossisteRepartiteur,Kaolack,normal
e3234202fd8d43acbfdc5cecff55a664,KGHYYE4EC54Y,expedition,2026-09-18 08:57:11.992745,14.157005,-16.1008,Grossiste Kaolack,grossisteRepartiteur,Kaolack,normal
32631f3e316945ecae8b9fddbb21eef1,MJJMGYB4E2FD,expedition,2026-09-18 08:57:23.188902,14.158492,-16.101637,Grossiste Kaolack,grossisteRepartiteur,Kaolack,normal
9af73b53e0b0494b9a3118d132718b1e,3XYQ72CQ3FVK,expedition,2026-09-18 08:57:36.361055,14.157843,-16.101591,Grossiste Kaolack,grossisteRepartiteur,Kaolack,normal
f1721424de3049ef8dcc5eb40a74a32b,VHQQUN4C923X,expedition,2026-09-18 08:57:46.289005,14.158234,-16.099612,Grossiste Kaolack,grossisteRepartiteur,Kaolack,normal
32672ac8db92442bb504edf8dda9b5e0,E33DT4KC54N3,expedition,2026-09-18 08:58:00.897114,14.156511,-16.100532,Grossiste Kaolack,grossisteRepartiteur,Kaolack,normal
97cd96ac49f24a75842aaf3b3c1d624e,JBQ8XV65NUJK,expedition,2026-09-18 08:58:08.780674,14.156587,-16.0999,Grossiste Kaolack,grossisteRepartiteur,Kaolack,normal
2dd057e34a6140c9b7c541bbd1f0d29d,GMYCV8SR728G,reception,2026-09-18 09:08:00,14.682708,-16.255815,Officine off.diourbel1,officine,Diourbel,normal
e6440fb900b9440fbcca3e741ed213aa,TW63KSX7EHNS,reception,2026-09-18 09:08:06.402353,14.683798,-16.257046,Officine off.diourbel1,officine,Diourbel,normal
06d92e1483dd4d349765e9bb025c4d8f,PZK2CZUGYPRG,reception,2026-09-18 09:08:13.954867,14.681401,-16.25694,Officine off.diourbel1,officine,Diourbel,normal
21740223b182471db6e32f7efa2cc74b,E9ZCYYEY6QS6,reception,2026-09-18 09:08:28.839393,14.681489,-16.256542,Officine off.diourbel1,officine,Diourbel,normal
5b6b762cfe0e43f486d9427e489d0f79,EYRNJ3RW47D3,reception,2026-09-18 09:08:35.071596,14.68355,-16.257527,Officine off.diourbel1,officine,Diourbel,normal
fe423e62ad484cae9e243b70dc7c70e1,GM5HH72ESDEN,reception,2026-09-18 09:08:44.948136,14.683446,-16.257372,Officine off.diourbel1,officine,Diourbel,normal
a732f5465d8a49cc8f30adc86710173d,SRYFP2AFFBEU,reception,2026-09-18 09:08:52.694103,14.682544,-16.256497,Officine off.diourbel1,officine,Diourbel,normal
cc13349a5f3143cba8b89b4f3ea7920e,4HAAKFGCSK4R,expedition,2026-09-18 09:11:00,14.158533,-16.099349,Grossiste Kaolack,grossisteRepartiteur,Kaolack,normal
57d8f974577e43dfa08570e07a011e1c,934VMWHAN8TP,expedition,2026-09-18 09:11:08.182186,14.157972,-16.101499,Grossiste Kaolack,grossisteRepartiteur,Kaolack,normal
fbdb2fa1d1a14c02a1f75a0fd39a1b56,AZRYGXGKQH3Z,expedition,2026-09-18 09:11:16.901694,14.157126,-16.100773,Grossiste Kaolack,grossisteRepartiteur,Kaolack,normal
368903705ff64145a83febe4b1c4c136,7KCARAXVSZ7A,expedition,2026-09-18 09:11:24.232367,14.157361,-16.099091,Grossiste Kaolack,grossisteRepartiteur,Kaolack,normal
bf75abd3a56142ffae15e02d7d677072,5Q456UBPBYV5,expedition,2026-09-18 09:11:31.690960,14.157499,-16.099311,Grossiste Kaolack,grossisteRepartiteur,Kaolack,normal
e3e8b3188f834dd79919fa1499666e67,J639QGFH62A6,expedition,2026-09-18 09:14:00,15.625281,-16.24336,SR Louga,SR,Louga,normal
12ec04cd318b47e8ac4cbe4d8b6e94d8,J48NTCVBXCRN,expedition,2026-09-18 09:14:13.266220,15.627903,-16.241529,SR Louga,SR,Louga,normal
735d1c2c4adc467c931dfc28d9cb7103,XMKV72GN47UP,expedition,2026-09-18 09:14:23.332070,15.625498,-16.241258,SR Louga,SR,Louga,normal
2626ab995dc7416d944abb45e29565f8,UA238KDW9Y9E,expedition,2026-09-18 09:14:36.628854,15.628167,-16.24286,SR Louga,SR,Louga,normal
624317c234974e2a8af6d6bef1e0954c,KRF7Y2JE8PXZ,expedition,2026-09-18 09:14:51.231272,15.625622,-16.24107,SR Louga,SR,Louga,normal
ad8ebcbce1cd415c978f6ca99965d05d,E2J2GRVWWXNJ,expedition,2026-09-18 09:15:00.391476,15.62698,-16.243359,SR Louga,SR,Louga,normal
0de9284a458c4a268e0d7e41116a56c4,XF7K5MAXEZVB,expedition,2026-09-18 09:15:07.869135,15.62746,-16.24054,SR Louga,SR,Louga,normal
871b9238ad024daba445c1c07f80a22a,C5J424V9U3R4,expedition,2026-09-18 09:15:15.776193,15.62564,-16.241372,SR Louga,SR,Louga,normal
967b374f6ca9451da3a81149401d432c,ZH8N3FKKUTF5,expedition,2026-09-18 09:15:27.382116,15.626538,-16.242328,SR Louga,SR,Louga,normal
afa7cefc74ec4dec8b1c37d906b0746f,AGWFFM9JG94D,expedition,2026-09-18 09:15:39.412768,15.625948,-16.241227,SR Louga,SR,Louga,normal
96827f9ad70f40598a413b2761f3a72d,39DYXZDUP95K,reception,2026-09-18 09:28:00,14.15167,-16.042347,SR Kaolack,SR,Kaolack,normal
933b1e5c78cb4461b4cac6a889e304f0,2KWGQNEAE9NH,reception,2026-09-18 09:28:06.839141,14.152369,-16.043597,SR Kaolack,SR,Kaolack,normal
aea4857f88df4573aead1a8649b48194,32ZXQNDWUY82,reception,2026-09-18 09:28:16.167538,14.151079,-16.044098,SR Kaolack,SR,Kaolack,normal
95193263a1b4412294b0ee17972a643d,ZTY3S6MK9C3K,reception,2026-09-18 09:28:24.868783,14.153176,-16.043231,SR Kaolack,SR,Kaolack,normal
48c845cd0045452aa67c156b8fd8a42c,MRXU2UCM4UVD,reception,2026-09-18 09:28:39.629260,14.153108,-16.044655,SR Kaolack,SR,Kaolack,normal
f789ccacedfd4e9592da60bb21943a27,E6XTBBUPCHRX,reception,2026-09-18 09:28:47.565759,14.153018,-16.043124,SR Kaolack,SR,Kaolack,normal
b91b5eb1635f4749a343ef9843ba96e0,95RX8ZHN86T7,reception,2026-09-18 09:29:02.461351,14.151601,-16.043498,SR Kaolack,SR,Kaolack,normal
26892f67a2224a2292f17c379cec40a4,JCGBQGUU8UDY,reception,2026-09-18 09:29:14.749724,14.151096,-16.044942,SR Kaolack,SR,Kaolack,normal
cff744d98c0749f5879c68a6c04b7865,WGSJ9DJ2EHQK,dispensation,2026-09-18 10:32:13.617100,14.682576,-16.255179,Officine off.diourbel1,officine,Diourbel,normal
36d2b71c789c4d64bd7047702e3763fd,F8TXHHK3VNQQ,reception,2026-09-18 11:03:44.802386,14.699173,-17.466662,Officine off.dakar3,officine,Dakar,normal
d4b6b0ad29aa469f85c17688d65e879c,KAK3C8SNEMFT,reception,2026-09-18 11:03:58.140445,14.697228,-17.466942,Officine off.dakar3,officine,Dakar,normal
7c64432314934a0594465dcd687599d6,EMTPS93UFRV3,reception,2026-09-18 11:04:10.635721,14.699569,-17.464852,Officine off.dakar3,officine,Dakar,normal
8e4bf63ba9884d6f9e89f9710aeefc19,HQTXW7MEK6XE,reception,2026-09-18 11:04:23.767061,14.697189,-17.465727,Officine off.dakar3,officine,Dakar,normal
b17dbf317cd64f5989f6835b1b2c82e9,5HMW5H8KRJDE,reception,2026-09-18 11:04:35.657663,14.699405,-17.46691,Officine off.dakar3,officine,Dakar,normal
ea56823ebb6945c0b03f7ad6f2db23c7,FUHKNA3T5BBN,dispensation,2026-09-18 11:25:40.255300,15.610844,-16.251438,Officine off.louga1,officine,Louga,normal
1b18a7160134430dbd2e3c84a25affe6,UC7Y4EMVSU3T,reception,2026-09-18 12:24:33.076141,13.753771,-13.673426,Officine off.tamba1,officine,Tambacounda,normal
8e4cc302bb1d470f97635c98f3d91607,DHDVKAN4ZAK7,reception,2026-09-18 12:24:39.360217,13.756078,-13.674795,Officine off.tamba1,officine,Tambacounda,normal
de89bc9fb9e6497384d9ccf18411d880,DDQJ6NR3VSEJ,reception,2026-09-18 12:24:48.264372,13.755093,-13.674384,Officine off.tamba1,officine,Tambacounda,normal
8281d2eaa81445c3855c584dd43db139,4VU7SBFCHTCD,reception,2026-09-18 12:24:56.700361,13.754948,-13.675068,Officine off.tamba1,officine,Tambacounda,normal
9431f49793da417c8296a1870bf44bf5,AFERVM9FP2AR,reception,2026-09-18 12:25:11.013302,13.75379,-13.672495,Officine off.tamba1,officine,Tambacounda,normal
f7a3eb48a60b44da876cb9d28ef18c24,VSE5M82VJ9VR,reception,2026-09-18 12:25:18.726296,13.754999,-13.674649,Officine off.tamba1,officine,Tambacounda,normal
8cad86a834664159a3f92a1986d2fa5e,3ZPEKMKKSZHR,reception,2026-09-18 12:25:26.571991,13.75453,-13.675088,Officine off.tamba1,officine,Tambacounda,normal
5db94c7df1f54dcc8f278e39287ffd4f,6YYEEARVH9YY,reception,2026-09-18 12:25:40.260680,13.754097,-13.674279,Officine off.tamba1,officine,Tambacounda,normal
1f259ea3b8294b18b5985e9b216e58d9,T2STYP9M6Z7F,reception,2026-09-18 14:49:35.511158,14.801197,-16.925783,Officine off.thies1,officine,Thies,normal
6c67e0b6e9794023bd2879c35c505db2,U5CJ3H26Z2BH,reception,2026-09-18 14:49:45.438115,14.801559,-16.923171,Officine off.thies1,officine,Thies,normal
79cccf9d4bf74de9b6ea0f2685321c5c,6GYWAKRCUV3W,reception,2026-09-18 14:49:59.902801,14.801108,-16.925179,Officine off.thies1,officine,Thies,normal
27e3bfec227a4721bcf09b85dc90ae27,YG8QP962B9YM,dispensation,2026-09-18 15:42:41.486339,14.698015,-17.466479,Officine off.dakar3,officine,Dakar,normal
d089594f963f4c9397b7b0844f2b8487,ZE926M7ZMVKZ,dispensation,2026-09-18 15:44:15.302417,14.811508,-16.92635,Officine off.thies2,officine,Thies,normal
89676d94e23c46bd8e6463365f001908,NK4368G93MRP,expedition,2026-09-18 16:09:03.970890,14.157325,-16.100468,Grossiste Kaolack,grossisteRepartiteur,Kaolack,normal
d65c11c8febc41e6a23b7ee7739f43f1,A5NV8E8XBXHC,expedition,2026-09-18 16:09:17.020130,14.158922,-16.099457,Grossiste Kaolack,grossisteRepartiteur,Kaolack,normal
35c7ad99546b49f99330f045a4e88d7d,EJEFEYBM4KVF,expedition,2026-09-18 16:09:31.025335,14.156796,-16.099389,Grossiste Kaolack,grossisteRepartiteur,Kaolack,normal
bb54cfc3295a47cb80ab58b39fc63a70,BJZVTP7VEMBJ,expedition,2026-09-18 16:09:38.374622,14.157934,-16.101338,Grossiste Kaolack,grossisteRepartiteur,Kaolack,normal
f92aba820b5546688e611f37991cee7e,4HAAKFGCSK4R,reception,2026-09-19 08:05:00,12.608416,-16.271525,SR Ziguinchor,SR,Ziguinchor,normal
c06d22159f6a46f28e01133fd28bb078,934VMWHAN8TP,reception,2026-09-19 08:05:08.587591,12.606024,-16.270338,SR Ziguinchor,SR,Ziguinchor,normal
a1ac58aad7ff4af9953c1629de0b6bd7,AZRYGXGKQH3Z,reception,2026-09-19 08:05:19.710751,12.606864,-16.271459,SR Ziguinchor,SR,Ziguinchor,normal
8458f26db21044c19aebb6bbdb55a10a,7KCARAXVSZ7A,reception,2026-09-19 08:05:31.141183,12.608334,-16.270682,SR Ziguinchor,SR,Ziguinchor,normal
b7d816bde71f4208bbd6c4948d2e971e,5Q456UBPBYV5,reception,2026-09-19 08:05:37.783966,12.608088,-16.269837,SR Ziguinchor,SR,Ziguinchor,normal
12ae6e04346e42cc8257818fdd45ebb0,7Z7U6VMJTBRX,dispensation,2026-09-19 08:08:00,15.60864,-16.251374,Officine off.louga1,officine,Louga,normal
f2456da3a19e437989a4432ff8bebca0,J639QGFH62A6,reception,2026-09-19 08:21:00,15.608844,-16.253042,Officine off.louga1,officine,Louga,normal
676ad6f1c0b14d02b48481e54b84df48,J48NTCVBXCRN,reception,2026-09-19 08:21:10.319221,15.609686,-16.253489,Officine off.louga1,officine,Louga,normal
ecfaf5d09d8b4c0ea1e9ea67523a4df6,XMKV72GN47UP,reception,2026-09-19 08:21:21.232196,15.610945,-16.252661,Officine off.louga1,officine,Louga,normal
ab070514bfc944a9a10a31c74e65ad76,UA238KDW9Y9E,reception,2026-09-19 08:21:28.772576,15.61031,-16.252604,Officine off.louga1,officine,Louga,normal
387c0f9e97bb45f2ac823daf6b09ff90,KRF7Y2JE8PXZ,reception,2026-09-19 08:21:40.385457,15.608111,-16.251372,Officine off.louga1,officine,Louga,normal
ba6574e608154789990caeea0fe4ce6d,E2J2GRVWWXNJ,reception,2026-09-19 08:21:49.138660,15.609152,-16.251508,Officine off.louga1,officine,Louga,normal
73fe07bde06b4163828262ed6a64bac8,XF7K5MAXEZVB,reception,2026-09-19 08:21:56.035096,15.610875,-16.252842,Officine off.louga1,officine,Louga,normal
324e0a1a9b5b454c8344c340a012d22a,C5J424V9U3R4,reception,2026-09-19 08:22:02.046782,15.608675,-16.252286,Officine off.louga1,officine,Louga,normal
76d9edb1709a4ca68e5167b4b2bc7883,ZH8N3FKKUTF5,reception,2026-09-19 08:22:09.157166,15.609644,-16.253567,Officine off.louga1,officine,Louga,normal
55f40dbf12de4e23b29b8f670eef14fe,AGWFFM9JG94D,reception,2026-09-19 08:22:17.157802,15.60868,-16.250973,Officine off.louga1,officine,Louga,normal
96eca2424dd648218664d0e0fb2efc47,ZNB98D5VY4A2,dispensation,2026-09-19 08:40:00,14.81259,-16.926563,Officine off.thies2,officine,Thies,normal
f550f130f46747d89de1a5470ad170c4,4HQN9DKB8T6G,dispensation,2026-09-19 08:44:00,14.160841,-16.061845,Officine off.kaolack2,officine,Kaolack,normal
cd5fb07bb5e64524bbefcbb786c5039c,J48NTCVBXCRN,reception,2026-09-19 08:48:37.676354,13.755187,-13.674373,Officine off.tamba1,officine,Tambacounda,trajetInhabituel
e1748e7aa21b4083bcb86a29a742abdd,HHANSBYMXSF3,expedition,2026-09-19 08:51:00,14.156678,-16.098767,Grossiste Kaolack,grossisteRepartiteur,Kaolack,normal
eaede9a1e0df44f195dced4b4491a026,JMNZQZ5YDMAJ,expedition,2026-09-19 08:51:07.316682,14.156814,-16.101702,Grossiste Kaolack,grossisteRepartiteur,Kaolack,normal
77eb4df1a9eb47ac9de984ff67718b77,Y5T4UJT2GG7Q,expedition,2026-09-19 08:51:17.817777,14.158129,-16.099876,Grossiste Kaolack,grossisteRepartiteur,Kaolack,normal
4afec1115c4148ca83aa5400e8df2a5e,PP26KNUT625U,expedition,2026-09-19 08:51:28.555988,14.156403,-16.101131,Grossiste Kaolack,grossisteRepartiteur,Kaolack,normal
04bf2390df1b4889ac20c954eeae0d51,CZRZTYDWGVGS,expedition,2026-09-19 08:51:39.588255,14.15806,-16.099495,Grossiste Kaolack,grossisteRepartiteur,Kaolack,normal
9c2256f07fa744be973f061af8678729,CQFYFSMD2GGR,expedition,2026-09-19 08:51:53.792691,14.157653,-16.101122,Grossiste Kaolack,grossisteRepartiteur,Kaolack,normal
e93d9e1ddc3d42a28039380e25822ff9,VNVZA8DRXS3U,dispensation,2026-09-19 08:53:00,14.697558,-17.466778,Officine off.dakar3,officine,Dakar,normal
0f32bedf4d914144a68e7e1cda038207,NK4368G93MRP,reception,2026-09-19 08:58:00,13.759001,-13.679015,SR Tambacounda,SR,Tambacounda,normal
9ca89a6eeb834e8e9650427a939285c7,A5NV8E8XBXHC,reception,2026-09-19 08:58:12.367548,13.757173,-13.678945,SR Tambacounda,SR,Tambacounda,normal
f85906d3db3a4b568b9cac271a8ebd54,EJEFEYBM4KVF,reception,2026-09-19 08:58:20.806374,13.758235,-13.679214,SR Tambacounda,SR,Tambacounda,normal
a5f5703cb52d44acbc3c49250b8e12f6,BJZVTP7VEMBJ,reception,2026-09-19 08:58:31.416761,13.757069,-13.678268,SR Tambacounda,SR,Tambacounda,normal
b207b9bdbb48417db44600ee47ed5e8c,EZSCR2BDWTVZ,dispensation,2026-09-19 09:01:00,14.801201,-16.923757,Officine off.thies1,officine,Thies,normal
d3f257494fa1400aa3f25bcbb6d622ec,MPRCTK3REBXV,dispensation,2026-09-19 09:09:00,14.143452,-16.065546,Officine off.kaolack1,officine,Kaolack,normal
8fe11b7381e34dfd8103abb37e371a6c,229APBB3U3HE,expedition,2026-09-19 09:12:00,14.158128,-16.099613,Grossiste Kaolack,grossisteRepartiteur,Kaolack,normal
021253fa061b46178f9b8f816de3cfc2,AGKTEJUFRCUN,expedition,2026-09-19 09:12:13.229542,14.158224,-16.101219,Grossiste Kaolack,grossisteRepartiteur,Kaolack,normal
1a31113455ca4cb9a2d01f09c39ef3f3,KX3GMUVXJC8B,expedition,2026-09-19 09:12:25.676629,14.157767,-16.10014,Grossiste Kaolack,grossisteRepartiteur,Kaolack,normal
948a2352c9234d919e41477f367c45f2,C8F49EMS22SH,expedition,2026-09-19 09:12:36.184218,14.157083,-16.101093,Grossiste Kaolack,grossisteRepartiteur,Kaolack,normal
1ab3cae10f924516b9932909121c32df,ZADMZD6TJYGA,expedition,2026-09-19 09:12:48.232565,14.158331,-16.100331,Grossiste Kaolack,grossisteRepartiteur,Kaolack,normal
090280c966dc4db9bfba0cc054c72636,MDHK4J6VYBSW,expedition,2026-09-19 09:12:54.466008,14.157625,-16.100299,Grossiste Kaolack,grossisteRepartiteur,Kaolack,normal
0069b18796284b0e9ad42687cf7405c8,7CRUFDYRK3GH,expedition,2026-09-19 09:13:07.104383,14.158932,-16.099032,Grossiste Kaolack,grossisteRepartiteur,Kaolack,normal
fa12094cabca44018737537d79c2cd23,38WSB6UCGSBX,expedition,2026-09-19 09:13:15.074950,14.157147,-16.09943,Grossiste Kaolack,grossisteRepartiteur,Kaolack,normal
5f2865301d024cd0bdf6bb5d8f3b95e9,Y8J659RFKW9P,expedition,2026-09-19 09:13:26.700529,14.158774,-16.100927,Grossiste Kaolack,grossisteRepartiteur,Kaolack,normal
5398d0e38c364c8b8bd8fda146b78a90,39DYXZDUP95K,expedition,2026-09-19 09:18:00,14.151174,-16.043373,SR Kaolack,SR,Kaolack,normal
368d5b208ceb40058a72f369ecb5457b,2KWGQNEAE9NH,expedition,2026-09-19 09:18:07.110544,14.151055,-16.042641,SR Kaolack,SR,Kaolack,normal
1e5eadedd3024cdbb07cd443c576cbc1,32ZXQNDWUY82,expedition,2026-09-19 09:18:18.480161,14.151441,-16.043609,SR Kaolack,SR,Kaolack,normal
593f2007cd85420aa227ed97ac0f8b5f,ZTY3S6MK9C3K,expedition,2026-09-19 09:18:25.051818,14.152313,-16.043613,SR Kaolack,SR,Kaolack,normal
0ebd4710fdde4b499ccb9475ef92b9af,MRXU2UCM4UVD,expedition,2026-09-19 09:18:37.753398,14.152826,-16.044384,SR Kaolack,SR,Kaolack,normal
813ee803915943db9ea06b41b9e158df,DJ3CR5YBSVUE,dispensation,2026-09-19 09:22:00,14.698211,-17.465381,Officine off.dakar3,officine,Dakar,normal
4864733b1c904249a9d37c4a04f9f01c,9NQ62FHUEWPV,reception,2026-09-19 09:23:00,14.666136,-17.463068,SR Dakar,SR,Dakar,normal
6b260ca33f2c4f58b5e268d96070614a,58DD3UWHDD78,reception,2026-09-19 09:23:08.589336,14.666467,-17.464921,SR Dakar,SR,Dakar,normal
86fa937ffa6241a8a46c0abe7a622cda,M3B8QE4YV46D,reception,2026-09-19 09:23:22.996132,14.665809,-17.462571,SR Dakar,SR,Dakar,normal
a53bddf9511346e78a230a156b69dfdb,YGQHJFNXA6BV,reception,2026-09-19 09:23:32.605181,14.667651,-17.464464,SR Dakar,SR,Dakar,normal
922579ea20104c3eb99e56563b065413,HGU3HANKR4K2,reception,2026-09-19 09:23:45.174396,14.665849,-17.464009,SR Dakar,SR,Dakar,normal
33fe8b2a7486453a9f69adc2209c23e7,6S5HWZFXPBB7,reception,2026-09-19 09:23:54.554468,14.66665,-17.462109,SR Dakar,SR,Dakar,normal
fb7711a590ec4c98b5113bb2958bf8f0,9DHGUJCZU4Q4,expedition,2026-09-19 09:24:00,14.158022,-16.101546,Grossiste Kaolack,grossisteRepartiteur,Kaolack,normal
4dc58db30ac6477f8fac0b9d7d1ef5f0,XSZCSVAZ29S2,reception,2026-09-19 09:24:06.125874,14.667441,-17.462363,SR Dakar,SR,Dakar,normal
ed70b208b9974a7bb0d162ea0d2fad8d,MS3RJA5WVQ9Q,expedition,2026-09-19 09:24:12.815265,14.158171,-16.100004,Grossiste Kaolack,grossisteRepartiteur,Kaolack,normal
9ea70bf4b48e480e864ccdfbfdae4c38,BCZX4EV9Q4Z4,expedition,2026-09-19 09:24:21.900678,14.156908,-16.100939,Grossiste Kaolack,grossisteRepartiteur,Kaolack,normal
3859732d829a4c449bc8de37f24f1aae,6YM9FXSBA7QB,expedition,2026-09-19 09:24:33.933831,14.158711,-16.099362,Grossiste Kaolack,grossisteRepartiteur,Kaolack,normal
4cdf7a00efc547ee8f569d4699b24900,72SU29HRMQCM,expedition,2026-09-19 09:27:00,15.626691,-16.24299,SR Louga,SR,Louga,normal
d2bfe1e82e184f9ab261f902eb4f3c08,R5RK5J8TGB7S,expedition,2026-09-19 09:27:10.844007,15.627276,-16.243338,SR Louga,SR,Louga,normal
e174c12b6cc3467e9a0ee5d957ee5204,YDX6CSRNE8VZ,expedition,2026-09-19 09:27:19.436072,15.626686,-16.242523,SR Louga,SR,Louga,normal
605e90eb8b514bc5b117ee794141e447,8BX6HKMHGCS3,expedition,2026-09-19 09:27:30.135179,15.62712,-16.241767,SR Louga,SR,Louga,normal
24533cb5e9ad47c8bc386afbeb2be31d,Y9MYCHMSVW4G,expedition,2026-09-19 09:27:42.056385,15.625963,-16.241528,SR Louga,SR,Louga,normal
73ced0cc91634970bfe76b1a3fed3553,QNUV7A9EX2NR,expedition,2026-09-19 09:27:50.490422,15.627458,-16.243282,SR Louga,SR,Louga,normal
0bd2dcdf623b4c3a885aaf450ec76e2a,F83X36YG8E8R,expedition,2026-09-19 09:28:05.212544,15.625368,-16.24245,SR Louga,SR,Louga,normal
6e5bcada8f4245dcbbc4a9de68e76562,JQMUBEZS5ZQZ,expedition,2026-09-19 09:28:11.363258,15.626315,-16.241103,SR Louga,SR,Louga,normal
9887e3c67552402d92acf3169ba7adab,2GJCYEAXTNWE,expedition,2026-09-19 09:28:24.543543,15.627763,-16.243262,SR Louga,SR,Louga,normal
8510fdbe1ab54567b0e6b3edd9410eaa,V8TWCPAAD5FH,expedition,2026-09-19 09:28:36.676432,15.627153,-16.240722,SR Louga,SR,Louga,normal
79876a2f42664cff86ea80eb34c1cdcd,MZG3NFB9DGPF,expedition,2026-09-19 09:28:43.309729,15.62825,-16.241374,SR Louga,SR,Louga,normal
9d0afd0b1f47450289d8993a504352ed,DBB24ETMEY4D,expedition,2026-09-19 09:28:57.356890,15.627054,-16.240767,SR Louga,SR,Louga,normal
3d7a6930ca7e45e08648920e05385875,AQBEMZXUB293,expedition,2026-09-19 09:29:11.254266,15.625654,-16.243534,SR Louga,SR,Louga,normal
e0c40947cf52440c91c470897c8edec7,55H7T2FM7PYN,expedition,2026-09-19 09:29:18.099217,15.626353,-16.242111,SR Louga,SR,Louga,normal
ae179218f1f642ebb924801f796285c0,W4TADW4MSUCF,expedition,2026-09-19 09:29:28.978194,15.626043,-16.241126,SR Louga,SR,Louga,normal
a50a8fa129404a39bcfa20bab1d88e40,UQN7B89AMFXJ,expedition,2026-09-19 09:29:35.119861,15.625628,-16.242543,SR Louga,SR,Louga,normal
ac312b65a5284f1a877d45c627a22fee,ZXEWJNC9SB6E,expedition,2026-09-19 09:29:47.071650,15.625343,-16.242669,SR Louga,SR,Louga,normal
4d299f5db2be46abb6e5f853b4ad8921,3WGAVV54YE4C,expedition,2026-09-19 09:30:01.040029,15.626628,-16.242169,SR Louga,SR,Louga,normal
c735db0825a34b149a6c4ee56980257f,TDM5B632ZMED,expedition,2026-09-19 09:30:14.074451,15.627971,-16.242535,SR Louga,SR,Louga,normal
e758c1cf944b4aa39ab43e5a588d706e,78JZQJZDVW4V,expedition,2026-09-19 09:30:20.225972,15.626757,-16.240941,SR Louga,SR,Louga,normal
8d3fc9f18afe4d839fbefff0989ce4fd,UGX52KDF6RP4,expedition,2026-09-19 09:30:33.974272,15.628229,-16.242956,SR Louga,SR,Louga,normal
cf3d82191ad2437c81e44865b87bb372,2EK93FDHSVKU,expedition,2026-09-19 09:30:40.730967,15.627506,-16.242007,SR Louga,SR,Louga,normal
914c5a7526884c2b9a4c24deb07417d0,VZCQ2R7VFVUM,expedition,2026-09-19 09:30:47.801502,15.627252,-16.242742,SR Louga,SR,Louga,normal
c7c224632f1c4ffea87e8ea38af485bb,MQTFPWT7WEC3,expedition,2026-09-19 09:30:58.621153,15.626094,-16.241029,SR Louga,SR,Louga,normal
11c5032caa9e4cb397543b9b56c61327,9ZB73K22USGN,expedition,2026-09-19 09:31:11.172705,15.625647,-16.242883,SR Louga,SR,Louga,normal
39b4236db7244338b6e43087fd91cb2a,2DXSQXN9CXFB,expedition,2026-09-19 09:31:18.072205,15.627877,-16.24257,SR Louga,SR,Louga,normal
04560b89624b4fe59fda4c37bac1bf32,5QMRE9YZUB7A,expedition,2026-09-19 09:31:27.894440,15.626437,-16.241123,SR Louga,SR,Louga,normal
ca46dfc969a24fe58f6a00fd48aa6f53,TFWFPEX7E4NQ,expedition,2026-09-19 09:31:37.447372,15.628129,-16.242603,SR Louga,SR,Louga,normal
f3dd35a09d7149afbe90a7d8337feeec,76BD4HECHW5C,expedition,2026-09-19 09:31:46.228916,15.625697,-16.243377,SR Louga,SR,Louga,normal
37799654f5934b039fdca473f6b1d9e3,YG9PGV36Q9DN,expedition,2026-09-19 09:31:56.591056,15.626208,-16.242857,SR Louga,SR,Louga,normal
8c7f2f28e66d4c09af255f2eb6665d35,7HTZYP92H24M,expedition,2026-09-19 09:32:10.062444,15.627819,-16.242891,SR Louga,SR,Louga,normal
a1bb3d00f2e84731916efb66a71cc11d,GY9ES923RQMA,expedition,2026-09-19 09:32:16.811172,15.625677,-16.241067,SR Louga,SR,Louga,normal
d47e72199c44475daa25f32010bfbd5d,Y93AMPRXYRUZ,expedition,2026-09-19 09:32:25.620591,15.627985,-16.24186,SR Louga,SR,Louga,normal
e846b0153c3543c89c478c9c3ac5fba0,6BE793F2BEB4,expedition,2026-09-19 09:32:35.992132,15.627783,-16.242412,SR Louga,SR,Louga,normal
9e4ab9a30b8b4d08b228bffb2aedc557,TTGG2ETKECNR,expedition,2026-09-19 09:32:49.910325,15.628002,-16.243376,SR Louga,SR,Louga,normal
4e256427e3664f50ae0a3bfc786bda99,EX9EWVF3FKY6,expedition,2026-09-19 09:33:02.409479,15.62682,-16.242564,SR Louga,SR,Louga,normal
46746bc83dab4b149046fb3a0b5b3f99,CEA8VJ3WSQ4Y,expedition,2026-09-19 09:33:08.651679,15.627231,-16.241189,SR Louga,SR,Louga,normal
d8c0bf713bb0483ca37542d81b871890,RNRZJ3CB6JTV,expedition,2026-09-19 09:33:15.599126,15.626769,-16.24104,SR Louga,SR,Louga,normal
3ac80be757484ff09db1f3b51cc178d8,EH4FRVPNG6DF,expedition,2026-09-19 09:33:26.620357,15.627471,-16.2416,SR Louga,SR,Louga,normal
5e5ebb2c6a6e403da82b28c1cd0904eb,NBCAH6VGW9GQ,expedition,2026-09-19 09:33:39.650669,15.626826,-16.241578,SR Louga,SR,Louga,normal
a800aa659679410e9d04f09ae1d899a7,9UTNE7TA45J2,expedition,2026-09-19 09:33:47.199579,15.626335,-16.240697,SR Louga,SR,Louga,normal
1eb8391179b94d83b024afc7ca531f2d,HFQ5RBNPJTRX,expedition,2026-09-19 09:33:56.991420,15.627251,-16.242402,SR Louga,SR,Louga,normal
9acd26717849447e876847d863520d15,ZFJJ5CZ8UAMU,expedition,2026-09-19 09:34:11.893024,15.627115,-16.243595,SR Louga,SR,Louga,normal
afbe6780e19347b29faf08d82b115fe4,6KREDGSMKFCX,expedition,2026-09-19 09:34:24.021331,15.627465,-16.24203,SR Louga,SR,Louga,normal
e0490a24726f44b298b52f14d008f13c,2KCPK35KD39X,expedition,2026-09-19 09:34:37.441365,15.627822,-16.243253,SR Louga,SR,Louga,normal
9e3986895a2d4b8c9a7becf425c3d19d,7AZED9KC2SHM,expedition,2026-09-19 09:34:46.757327,15.626822,-16.242322,SR Louga,SR,Louga,normal
f64167ddd0fa469280d0aaab1dd4110d,NWV8WSJ5A95U,expedition,2026-09-19 09:34:57.138315,15.625413,-16.242,SR Louga,SR,Louga,normal
b4b8cbbad94f4c8abddf8554dc68be5a,SGHQHFGNF6MC,expedition,2026-09-19 09:35:09.552847,15.62778,-16.241251,SR Louga,SR,Louga,normal
61f981473b904628b78ff84fc14e7280,DFHHE9PDGGAR,expedition,2026-09-19 09:35:23.642214,15.628024,-16.241138,SR Louga,SR,Louga,normal
adaa415a927b4dd69d3e2560708421f8,HCWD6ZNY9WHA,expedition,2026-09-19 09:35:32.447417,15.626016,-16.242574,SR Louga,SR,Louga,normal
5b61d471d3174836b35e01b22eed587a,58MW5UZCVXTQ,expedition,2026-09-19 09:35:43.836781,15.626692,-16.241556,SR Louga,SR,Louga,normal
b7c79fb51fc1491089b55ab6d900fabd,BNVKRMVB6WRC,expedition,2026-09-19 09:35:52.275228,15.625887,-16.243163,SR Louga,SR,Louga,normal
8b335e52b4f741009eb55390f1745d7b,95GPT87QVVT6,expedition,2026-09-19 09:36:00.503480,15.62723,-16.243345,SR Louga,SR,Louga,normal
d5be301a6b594504913fd45af932c304,8VNB5VTG6YDQ,expedition,2026-09-19 09:36:12.992142,15.627094,-16.241233,SR Louga,SR,Louga,normal
01e4eb0b14b44d2e92041110a5c50f29,XU7ASHG4YGV4,expedition,2026-09-19 09:36:21.340557,15.626676,-16.242163,SR Louga,SR,Louga,normal
3130d0441f854568a7c020acb197e095,BYE8446ZMENS,expedition,2026-09-19 09:36:36.262437,15.625784,-16.240819,SR Louga,SR,Louga,normal
d2016b47c3f64744b93b245c96302e2a,TM38KQKEUJTE,expedition,2026-09-19 09:36:48.706732,15.627187,-16.241263,SR Louga,SR,Louga,normal
310adad8e818430d94c8a87a38eed44b,XV5MY8RKNBNQ,expedition,2026-09-19 09:36:56.958472,15.625401,-16.242213,SR Louga,SR,Louga,normal
a56e1ceac1634e7b8978231843ee3b48,75W3EHUPS5BK,expedition,2026-09-19 09:37:11.563501,15.627434,-16.243573,SR Louga,SR,Louga,normal
f26b8cb34d884d699539a3d4bcea893b,J2TZ2WPNCKYM,expedition,2026-09-19 09:37:21.497045,15.625887,-16.242291,SR Louga,SR,Louga,normal
99342ce28f604ea8a9fe9dd43a30b845,Y5CBP4Z4GZ4P,expedition,2026-09-19 09:37:30.880455,15.626094,-16.241902,SR Louga,SR,Louga,normal
6c0f0a8a13e34b028f8bb05ca08f06cc,QXZDHF9YTYG8,expedition,2026-09-19 09:37:44.548544,15.626576,-16.24256,SR Louga,SR,Louga,normal
afde76ce210b4d27bcc5bf3a937e2295,SKUVZY8TEER9,expedition,2026-09-19 09:37:52.405510,15.627359,-16.241602,SR Louga,SR,Louga,normal
95575092aaff44f1bf01dc5f63002b2e,4UPM3RP22ZUU,expedition,2026-09-19 09:38:02.818353,15.627808,-16.242008,SR Louga,SR,Louga,normal
32e1704952c04cb7be16930d0c9f22e3,CD7AXSET5C3H,expedition,2026-09-19 09:38:17.205411,15.626654,-16.241928,SR Louga,SR,Louga,normal
05a7a5fdd61249de8b706dbd7ca3ef9b,9QGMZTYVKQ24,expedition,2026-09-19 09:38:28.959349,15.628001,-16.242475,SR Louga,SR,Louga,normal
a61b31ed82d342499ba749caba973b74,HPTDJ8B6C2JZ,expedition,2026-09-19 09:38:42.684035,15.62786,-16.241445,SR Louga,SR,Louga,normal
dad9d93906bc4165a37ccef8c5dd82d2,QEHP4JDD4EFN,expedition,2026-09-19 09:38:53.284040,15.627697,-16.240863,SR Louga,SR,Louga,normal
afb3aa026652454f91f202d692360c64,V8WK5MAFTGMN,expedition,2026-09-19 09:39:07.295579,15.626228,-16.242645,SR Louga,SR,Louga,normal
925986a71dc34ac68cac37f80d2be080,82CS3XQJZRHU,expedition,2026-09-19 09:39:17.097060,15.626812,-16.243563,SR Louga,SR,Louga,normal
432850d3b67c4adc93ce03c608b88432,ASGGE2U2J7MH,expedition,2026-09-19 09:39:29.926085,15.625322,-16.243091,SR Louga,SR,Louga,normal
87d5f9ac01314e48b86458f3215a32ad,QWKXANH8UQXM,expedition,2026-09-19 09:39:37.879626,15.628035,-16.243474,SR Louga,SR,Louga,normal
4eb66587944747a7901bf8d42af1334f,BKXNSBDNQK2Q,expedition,2026-09-19 09:39:48.042012,15.626505,-16.240738,SR Louga,SR,Louga,normal
b204dbfaef5940f28eb9c89d9cdb63bc,SQC76TMH2DAN,expedition,2026-09-19 09:39:56.125253,15.627744,-16.243433,SR Louga,SR,Louga,normal
9f880ffd50b84053907079f48eaa8378,T9FWZG2YV77S,expedition,2026-09-19 09:40:02.646599,15.627425,-16.241696,SR Louga,SR,Louga,normal
6b79f5e65de842bcaa6ff3355759c539,4YHUBAEK7E8H,expedition,2026-09-19 09:40:10.295668,15.626544,-16.2423,SR Louga,SR,Louga,normal
a86eee0f40644843bbfe3bfae47720a3,WGB8XFWW2R7F,expedition,2026-09-19 09:40:16.861866,15.626592,-16.240743,SR Louga,SR,Louga,normal
f3d479d312684a2681672065d8a84580,EPBG62DZW3JG,expedition,2026-09-19 09:40:27.701695,15.627295,-16.242854,SR Louga,SR,Louga,normal
4875c01ac5a44e32a7d939e86613cee5,NTGTRYT3XQGP,expedition,2026-09-19 09:40:37.615430,15.625343,-16.242844,SR Louga,SR,Louga,normal
d41b93147b224cf79b3ef72b8c0d2122,GUHNB9PKHBFR,expedition,2026-09-19 09:40:46.209451,15.626125,-16.240922,SR Louga,SR,Louga,normal
c38870185cfc4c7b822460ab48ac449d,TJSSB8ZZPNA8,expedition,2026-09-19 09:40:57.394899,15.626495,-16.242577,SR Louga,SR,Louga,normal
7d872db04a1047bda83b4eea2187cca5,27EX853V5TUT,expedition,2026-09-19 09:41:12.177422,15.626673,-16.242504,SR Louga,SR,Louga,normal
6b09a577f46146268c3e4ca022cf7762,5DWQ2YU4828D,expedition,2026-09-19 09:41:19.390811,15.626112,-16.241615,SR Louga,SR,Louga,normal
b58faf74b9c34b689e4474cabb88fc6e,Q8CZ69BHW6D3,expedition,2026-09-19 09:41:30.070914,15.626301,-16.241478,SR Louga,SR,Louga,normal
4f225cf84e0941d3b357b943c4a83053,9KXVA8MXJ8M9,expedition,2026-09-19 09:41:37.043753,15.6266,-16.242149,SR Louga,SR,Louga,normal
b22e1a783ef348b6a240688646983694,MK8S7AB5B82T,expedition,2026-09-19 09:41:48.197882,15.626636,-16.241189,SR Louga,SR,Louga,normal
330c5c110d294926a6c0652e3c031851,7Z54H265CFHH,expedition,2026-09-19 09:42:01.171604,15.627037,-16.240753,SR Louga,SR,Louga,normal
c8dc283f88544e11961586b66b3203f0,UYQYW5ENSVCP,expedition,2026-09-19 09:42:10.381129,15.62824,-16.240875,SR Louga,SR,Louga,normal
d73a7b51d3254ed1884625b431e9e465,CNPUJDP9UYXF,expedition,2026-09-19 09:42:21.301301,15.62817,-16.241516,SR Louga,SR,Louga,normal
aa93cf94ec8042968ff203837b944b8c,HD4XKJP55EWT,expedition,2026-09-19 09:42:28.096276,15.627916,-16.241546,SR Louga,SR,Louga,normal
9927b8ab873b4bf3b834b281347fa5c5,NMVR2AKCJ3A8,expedition,2026-09-19 09:42:35.198993,15.626036,-16.242103,SR Louga,SR,Louga,normal
ee6620eb85314b38aa794ab6234e3e02,XXF2FUQ6Q7KG,expedition,2026-09-19 09:42:46.672939,15.625465,-16.24134,SR Louga,SR,Louga,normal
3f6fa09b925d4fd3b030e01b0948ea78,AVJ8JU5R4RP9,expedition,2026-09-19 09:42:59.723553,15.627978,-16.242249,SR Louga,SR,Louga,normal
9dc2e696167848b88e8212051da5055d,NGA2EZGUN5CZ,expedition,2026-09-19 09:43:06.695848,15.626536,-16.242649,SR Louga,SR,Louga,normal
5a5de117ed0543cdad92b7cf20dceac4,BV4M3BZE5SQP,expedition,2026-09-19 09:43:17.841861,15.627416,-16.240743,SR Louga,SR,Louga,normal
e4a10a1f57b6401c9dc97f880d258fb8,6ZUTXM39H8HQ,dispensation,2026-09-19 09:43:27.666597,14.69793,-17.464511,Officine off.dakar3,officine,Dakar,normal
3752a8d4df5f460992f8f23410699672,QCDW4UEJF5BJ,expedition,2026-09-19 09:43:28.709676,15.625978,-16.240661,SR Louga,SR,Louga,normal
fe68e258c1b54844b1efeb6807481769,UHAXUFQWWSRB,expedition,2026-09-19 09:43:35.313038,15.626656,-16.243116,SR Louga,SR,Louga,normal
33f585acff5e41caa8a25d3dec1184ad,F8B7F653J5WE,expedition,2026-09-19 09:43:44.077029,15.625957,-16.241546,SR Louga,SR,Louga,normal
36553b8eef4949b294dddbe09b4a00f0,U9MT8EDQRVWT,expedition,2026-09-19 09:43:51.101594,15.627409,-16.242229,SR Louga,SR,Louga,normal
15037eaa167e42fc815d8f2cd51dbcee,C4J32EPD9J2P,expedition,2026-09-19 09:44:05.948805,15.62671,-16.243242,SR Louga,SR,Louga,normal
26e57083fffb4ac884d566d68a77ceb0,K8XWDV6P5M5J,expedition,2026-09-19 09:44:19.163497,15.626109,-16.24203,SR Louga,SR,Louga,normal
2a046fd41ad7441e9c70f92eb6356187,UK76SV6TUJ7V,expedition,2026-09-19 09:44:27.438176,15.627478,-16.241407,SR Louga,SR,Louga,normal
8e2b95a4b8db4be29ba282efe76b3f4c,THYK7QYUDKW5,expedition,2026-09-19 09:44:41.640433,15.627131,-16.2421,SR Louga,SR,Louga,normal
822d05fb8f214ef8a032ca096991ad91,P6PNMMCFAXMT,expedition,2026-09-19 09:44:55.680727,15.627671,-16.243446,SR Louga,SR,Louga,normal
91eccddfcd27444ba4e195b5755c8589,VHFVZPJQ7ZKF,expedition,2026-09-19 09:45:03.015123,15.627023,-16.242583,SR Louga,SR,Louga,normal
c2f027eb519e4847b48875e7c56a00c9,YT9MQWKH7QYF,expedition,2026-09-19 09:45:09.214987,15.627103,-16.243128,SR Louga,SR,Louga,normal
17f0e2016f694a96b950bee9e02a111e,XFRQHZFJMDW3,expedition,2026-09-19 09:45:16.297437,15.627192,-16.242827,SR Louga,SR,Louga,normal
7577be18af2241e7ba2e1824e2c3526f,SWTG74DXJ34Z,expedition,2026-09-19 09:45:25.847607,15.62772,-16.240748,SR Louga,SR,Louga,normal
2c73e5bfb19e4eddb41dbc09bc6c0764,9WZCUDZB58QK,expedition,2026-09-19 09:45:32.479369,15.627898,-16.242084,SR Louga,SR,Louga,normal
403f226d9b8547b6805d546dd24e765f,BUPXU5FZJ7JJ,expedition,2026-09-19 09:45:43.679827,15.627046,-16.241376,SR Louga,SR,Louga,normal
f8751ba198674536820433192fc51675,UBJVS4TUYRMH,expedition,2026-09-19 09:45:57.168725,15.627932,-16.242258,SR Louga,SR,Louga,normal
066e3956689446c0874830b6c2184768,86ETM9A8UU9B,expedition,2026-09-19 09:46:11.431826,15.625593,-16.241088,SR Louga,SR,Louga,normal
dc0d76adefd34e3ba951a6189c075278,74BPCD2WNTJB,expedition,2026-09-19 09:46:26.328429,15.627838,-16.241475,SR Louga,SR,Louga,normal
f911c9b3956a446a96d5aa548603e16b,JU25RYP8F88A,expedition,2026-09-19 09:46:33.438025,15.627265,-16.242416,SR Louga,SR,Louga,normal
9d5c72a9e81044bfa351700e1c3f9a21,SNYRFCXPE478,expedition,2026-09-19 09:46:41.270007,15.628263,-16.242904,SR Louga,SR,Louga,normal
6603afb78da342808609fe8405e8c989,VWGNBYRA5KAY,expedition,2026-09-19 09:46:54.121369,15.627916,-16.241359,SR Louga,SR,Louga,normal
d333f74fab5b43419ae005573a3d6150,CSR3HY4MU26T,expedition,2026-09-19 09:47:05.478518,15.626086,-16.243234,SR Louga,SR,Louga,normal
9be095100f9444ae9d6179a3ebfcb0db,MVKCWRBK77ZP,expedition,2026-09-19 09:47:12.324070,15.62706,-16.242631,SR Louga,SR,Louga,normal
122a2338b61b48898f6f834ddccf61c1,PF3PQXFDR5QG,expedition,2026-09-19 09:47:19.773404,15.627546,-16.242893,SR Louga,SR,Louga,normal
ee1f2608e2dc47d686b8624db99922c6,SYJVZXQ82MZM,expedition,2026-09-19 09:47:26.516822,15.627686,-16.24194,SR Louga,SR,Louga,normal
3cf775efcd2544b09eb3ffef1734b4a4,SV8DQGXF4W3K,expedition,2026-09-19 09:47:39.041456,15.627413,-16.242758,SR Louga,SR,Louga,normal
cd61f7f3e1b54510b10f900f02b948a0,FTAGX7ANAD9J,expedition,2026-09-19 09:47:50.206286,15.626214,-16.243587,SR Louga,SR,Louga,normal
f6e95d3cbb9e45a9a13cf1f396a93b2a,XSDQFJCB5TZR,expedition,2026-09-19 09:47:56.254617,15.625591,-16.24266,SR Louga,SR,Louga,normal
93cbd2e1570346c8ac91c8c286c639b7,7DFREG3CDHWD,expedition,2026-09-19 09:48:02.451665,15.626134,-16.243283,SR Louga,SR,Louga,normal
4cc99f77e4b0439abae56a9539ec651a,ZXMS98TBMACQ,expedition,2026-09-19 09:48:10.825793,15.626797,-16.242718,SR Louga,SR,Louga,normal
b261c0cca3d54eb98328bd9ee5edfc63,3S482C3ZY7KM,expedition,2026-09-19 09:48:21.624396,15.6253,-16.242149,SR Louga,SR,Louga,normal
d8182bfecb3b4fd4a65bbce5a812e8d6,38A7C94WDHZG,expedition,2026-09-19 09:48:30.671148,15.625456,-16.240691,SR Louga,SR,Louga,normal
098b43ea290f48fd81b811238ca8a9f1,HYZRF2CPRQYQ,expedition,2026-09-19 09:48:43.653608,15.626337,-16.241477,SR Louga,SR,Louga,normal
84d3c6b634784d0fadc5f8cd7b72e69d,N35JWH596RAF,expedition,2026-09-19 09:48:56.478609,15.627544,-16.243164,SR Louga,SR,Louga,normal
3f7c47b7ac9d42949e1b5c8d346c7da1,KBDFRXQKPSSQ,expedition,2026-09-19 09:49:08.005757,15.626634,-16.242094,SR Louga,SR,Louga,normal
fa58c44628b443f18e7dbfd190ee1ac7,8BXUBBWN996Q,expedition,2026-09-19 09:49:14.193307,15.627709,-16.241288,SR Louga,SR,Louga,normal
45db4b61a87945dfbd33899c873a834c,GQ7TUR52CG4X,expedition,2026-09-19 09:49:28.548555,15.625646,-16.241012,SR Louga,SR,Louga,normal
b50e8be6a6b440be9a4e8a07ee4e8822,E4XHS8V28AFZ,expedition,2026-09-19 09:49:40.984792,15.628166,-16.242443,SR Louga,SR,Louga,normal
cd1b2a5cb28549b7adce2c2e3ef38b01,7AWNC8KUJ6NU,expedition,2026-09-19 09:49:53.943258,15.62775,-16.242851,SR Louga,SR,Louga,normal
4284a01c1e5948d79129869b555f3dd6,ZJHZXW3PDA9Z,expedition,2026-09-19 09:50:06.555352,15.62623,-16.241695,SR Louga,SR,Louga,normal
758acd1639954a08ab04a9882acd7553,VVAF9HRS3VY9,expedition,2026-09-19 09:50:13.093171,15.627185,-16.240766,SR Louga,SR,Louga,normal
8e108a041b574d2db2a9054f7d38bf38,3E25V3MMDUDP,expedition,2026-09-19 09:50:25.018152,15.627895,-16.241325,SR Louga,SR,Louga,normal
92c384b1517e4096a799828bb6e90e7b,BU98XJRGDTFD,expedition,2026-09-19 09:50:31.602709,15.627475,-16.241845,SR Louga,SR,Louga,normal
647d1bd7f6324738826c0609bd1bb962,V3CN64N5TGBN,expedition,2026-09-19 09:50:43.262649,15.627275,-16.24304,SR Louga,SR,Louga,normal
f53321dd444b418983ef51c4b9973244,8M7TD7UNEC6D,expedition,2026-09-19 09:50:57.521503,15.625701,-16.242787,SR Louga,SR,Louga,normal
df32254ff64e42cdb09649c2a4bc7d26,K8BNBH7X94S7,expedition,2026-09-19 09:51:10.022691,15.625335,-16.243358,SR Louga,SR,Louga,normal
09baa495424d430796b4ddc9315e512a,SD5PEGMV8GAW,expedition,2026-09-19 09:51:18.505598,15.626387,-16.24112,SR Louga,SR,Louga,normal
d0125a94411b48ef93716e05c00e1442,ZSEU2WPGJ78U,expedition,2026-09-19 09:51:28.610870,15.626314,-16.242826,SR Louga,SR,Louga,normal
119f6daf4ed346d6a38eae01b7bff3b4,PZSJA8HHA54B,expedition,2026-09-19 09:51:43.354235,15.625723,-16.243268,SR Louga,SR,Louga,normal
6b48e6f231b14297a2d03ffe6df823aa,UBNG2MGHA7VX,expedition,2026-09-19 09:51:58.153218,15.628028,-16.242533,SR Louga,SR,Louga,normal
aab629966a884458b3a8d6ed22ca490f,J2GVJMAJ57XQ,expedition,2026-09-19 09:52:05.633187,15.627605,-16.242506,SR Louga,SR,Louga,normal
c2e759b631514c20bc4a3bf66848ba08,W2HD6YYH358V,expedition,2026-09-19 09:52:17.076266,15.625654,-16.242868,SR Louga,SR,Louga,normal
d17e18aa42c84c6bb25c3ebc8d378a8b,GWMNVURWV8YD,expedition,2026-09-19 09:52:29.054409,15.626478,-16.242854,SR Louga,SR,Louga,normal
5402fd2dcac04e4baee8fc6eb9d14331,QTNQ5WBVRAUN,expedition,2026-09-19 09:52:36.011965,15.626158,-16.240925,SR Louga,SR,Louga,normal
c9a93fcc11bb4bcaafc3a4578476082d,EU3BUKZGX8VC,expedition,2026-09-19 09:52:47.191490,15.626665,-16.241272,SR Louga,SR,Louga,normal
02534db8f1ef4992b0b205f6798770e8,HPZY39Y73YN2,reception,2026-09-19 10:13:28.368567,12.588186,-16.266241,Officine off.ziguinchor1,officine,Ziguinchor,normal
bd04c09f59b14bdfadfe15c67806d043,7S3XWZ57F2KH,reception,2026-09-19 10:13:37.907897,12.589937,-16.265504,Officine off.ziguinchor1,officine,Ziguinchor,normal
2f8c419c0dd649bdab7b336338731b2b,J3MGY93G2VMX,reception,2026-09-19 10:13:47.602153,12.589005,-16.26645,Officine off.ziguinchor1,officine,Ziguinchor,normal
f3a1a4f3d5b141d9bd2c8134d3ff58f5,C7Q93P9UZUBT,reception,2026-09-19 10:14:00.722606,12.588589,-16.266722,Officine off.ziguinchor1,officine,Ziguinchor,normal
451d04dce4904b8b9f0bab2be6ba06e7,GN38E56QA85P,dispensation,2026-09-19 12:03:01.967343,14.683127,-16.255151,Officine off.diourbel1,officine,Diourbel,normal
c4f80149e2a548fd9a6e8d8e35fc267e,E6XTBBUPCHRX,expedition,2026-09-19 12:22:29.618424,14.151517,-16.042254,SR Kaolack,SR,Kaolack,normal
6eabb1659aba4f22b25b6949d09b9a6c,95RX8ZHN86T7,expedition,2026-09-19 12:22:44.264390,14.152627,-16.042956,SR Kaolack,SR,Kaolack,normal
f2ba7de8c4934ed9ba72fd04642d78be,JCGBQGUU8UDY,expedition,2026-09-19 12:22:51.694083,14.153222,-16.044237,SR Kaolack,SR,Kaolack,normal
47926e9661034449b19a278894db3bb0,AFKC4TB4VA8G,reception,2026-09-19 13:51:53.598037,15.626134,-16.243422,SR Louga,SR,Louga,normal
9dc303f8e2ca4c3ebf7f8d88b23f4746,KGHYYE4EC54Y,reception,2026-09-19 13:52:08.014964,15.62722,-16.241273,SR Louga,SR,Louga,normal
be3848e696194b59ba929685f1edffe5,MJJMGYB4E2FD,reception,2026-09-19 13:52:17.949318,15.626379,-16.242583,SR Louga,SR,Louga,normal
ec541f7073784f9891cd083d9d0b8d53,3XYQ72CQ3FVK,reception,2026-09-19 13:52:30.186056,15.626876,-16.241479,SR Louga,SR,Louga,normal
e578f4a28f4f4aa7a51a9c7843104520,VHQQUN4C923X,reception,2026-09-19 13:52:37.027453,15.625421,-16.240997,SR Louga,SR,Louga,normal
c830c03fda2e49649e3725526428eca5,E33DT4KC54N3,reception,2026-09-19 13:52:46.623354,15.625589,-16.242699,SR Louga,SR,Louga,normal
032a9666204f4993922627fb3d99fc0f,JBQ8XV65NUJK,reception,2026-09-19 13:52:56.500328,15.62779,-16.243246,SR Louga,SR,Louga,normal
f5361b460397472c80eacd5b00571247,XSZCSVAZ29S2,expedition,2026-09-20 08:10:00,14.667705,-17.464951,SR Dakar,SR,Dakar,normal
67912cd85e5947e8800210d8e2967409,FTESXZDWZYDN,dispensation,2026-09-20 08:17:00,14.68128,-16.25747,Officine off.diourbel1,officine,Diourbel,normal
96d167c8c5e44a1d9467bcd70b1c120d,39DYXZDUP95K,reception,2026-09-20 08:24:00,14.144606,-16.064449,Officine off.kaolack1,officine,Kaolack,normal
5c9b9fa0db6a4fba9b102783c794ed93,E6XTBBUPCHRX,reception,2026-09-20 08:24:00,14.161717,-16.062415,Officine off.kaolack2,officine,Kaolack,normal
3ad2a3111bb64e958a623e0435d35c12,2KWGQNEAE9NH,reception,2026-09-20 08:24:08.505309,14.143996,-16.063953,Officine off.kaolack1,officine,Kaolack,normal
d534bdfd693746989085aa9ffdf4a564,95RX8ZHN86T7,reception,2026-09-20 08:24:12.596070,14.162245,-16.063803,Officine off.kaolack2,officine,Kaolack,normal
3a171e82bf384d38814e3c60add8e779,JCGBQGUU8UDY,reception,2026-09-20 08:24:19.690355,14.161557,-16.063084,Officine off.kaolack2,officine,Kaolack,normal
cfb0675603f64493afdf4fe0f5347ab1,32ZXQNDWUY82,reception,2026-09-20 08:24:21.955998,14.144792,-16.065191,Officine off.kaolack1,officine,Kaolack,normal
4677c3c8f9624f20b0eb9616f0516428,ZTY3S6MK9C3K,reception,2026-09-20 08:24:36.838569,14.143201,-16.064102,Officine off.kaolack1,officine,Kaolack,normal
4e89e7faf13a43d3afea7e5de15bc91d,MRXU2UCM4UVD,reception,2026-09-20 08:24:45.369174,14.144888,-16.065898,Officine off.kaolack1,officine,Kaolack,normal
4fc4eb6ae9654640804f7702d73fa6c9,6D62EYCJVQT5,dispensation,2026-09-20 08:31:00,14.144974,-16.063414,Officine off.kaolack1,officine,Kaolack,normal
84e163075b41430ca22e94904ec73c98,229APBB3U3HE,reception,2026-09-20 08:44:00,14.682641,-16.242781,SR Diourbel,SR,Diourbel,normal
eef893aa1dcc4b65a9a336b764e0c39b,AGKTEJUFRCUN,reception,2026-09-20 08:44:12.601749,14.683337,-16.243039,SR Diourbel,SR,Diourbel,normal
3e08b2f5b9654eca932baa6c04f4484b,KX3GMUVXJC8B,reception,2026-09-20 08:44:24.552232,14.684891,-16.244137,SR Diourbel,SR,Diourbel,normal
e819e509cfa14b29ab1f9f35a6df2445,C8F49EMS22SH,reception,2026-09-20 08:44:37.511421,14.684727,-16.244751,SR Diourbel,SR,Diourbel,normal
19a8db9890e2495d9f172f9dea24f93d,ZADMZD6TJYGA,reception,2026-09-20 08:44:44.486295,14.683939,-16.243654,SR Diourbel,SR,Diourbel,normal
ba43bd15e7924ef986b0822995c8e224,MDHK4J6VYBSW,reception,2026-09-20 08:44:51.867041,14.68415,-16.242713,SR Diourbel,SR,Diourbel,normal
5722454f47fc4f23aa19c425e13cdd68,7CRUFDYRK3GH,reception,2026-09-20 08:44:59.904096,14.684254,-16.242552,SR Diourbel,SR,Diourbel,normal
dab4e36105b64773836ac932901efc1f,9NQ62FHUEWPV,expedition,2026-09-20 08:45:00,14.667156,-17.464091,SR Dakar,SR,Dakar,normal
f7fbf81492be4bafbc0b2c80a4c37a72,58DD3UWHDD78,expedition,2026-09-20 08:45:06.687868,14.668226,-17.463336,SR Dakar,SR,Dakar,normal
e9287d48dfed4a948327d6a61c598283,38WSB6UCGSBX,reception,2026-09-20 08:45:13.191126,14.685253,-16.243138,SR Diourbel,SR,Diourbel,normal
fdfa9fb1fc2d4df8b5c567ef172ac8ce,M3B8QE4YV46D,expedition,2026-09-20 08:45:19.002674,14.667581,-17.46386,SR Dakar,SR,Dakar,normal
fa954edac1eb4672ae67147738ec357d,Y8J659RFKW9P,reception,2026-09-20 08:45:22.788482,14.682947,-16.244709,SR Diourbel,SR,Diourbel,normal
373ed63c8c1548479f571f26407a70f6,YGQHJFNXA6BV,expedition,2026-09-20 08:45:33.644713,14.667918,-17.464229,SR Dakar,SR,Dakar,normal
422b30ede3ca475b954fdc15431a3fc0,P4BXH3MDXN9M,dispensation,2026-09-20 09:01:00,16.008739,-16.516225,Officine off.saintlouis1,officine,Saint-Louis,normal
35e09ca44e6d41f481b05c9f710f5feb,5DMJKP6KS9UR,dispensation,2026-09-20 09:14:00,13.754053,-13.6742,Officine off.tamba1,officine,Tambacounda,normal
12f98d672e61475796114a1184a50a5d,HGU3HANKR4K2,expedition,2026-09-20 09:15:00,14.667818,-17.462942,SR Dakar,SR,Dakar,normal
5eed7d019ad642afb0a64afcfa7b65cd,6S5HWZFXPBB7,expedition,2026-09-20 09:15:07.481961,14.66677,-17.464417,SR Dakar,SR,Dakar,normal
286c82dc23374c50adc24ac95a000f0f,72SU29HRMQCM,reception,2026-09-20 09:20:00,15.608194,-16.252041,Officine off.louga1,officine,Louga,concentrationInhabituelle
052864a002dd49f986140123cb93108e,R5RK5J8TGB7S,reception,2026-09-20 09:20:07.391602,15.608993,-16.251419,Officine off.louga1,officine,Louga,concentrationInhabituelle
5c974b30172640f2b827e505ae67e821,YDX6CSRNE8VZ,reception,2026-09-20 09:20:16.827182,15.608273,-16.252445,Officine off.louga1,officine,Louga,concentrationInhabituelle
64bc2c6e0b0f4717af15ae99d76c87db,8BX6HKMHGCS3,reception,2026-09-20 09:20:26.698490,15.60949,-16.251051,Officine off.louga1,officine,Louga,concentrationInhabituelle
9be3237a69ed49928582d8bf97a8ee01,Y9MYCHMSVW4G,reception,2026-09-20 09:20:34.355349,15.610205,-16.250751,Officine off.louga1,officine,Louga,concentrationInhabituelle
cf11c1a6e54c46d286fb7a44514a69b0,QNUV7A9EX2NR,reception,2026-09-20 09:20:41.340810,15.608563,-16.250754,Officine off.louga1,officine,Louga,concentrationInhabituelle
d1139b98b5ea44d2a9fcda44c46577a0,F83X36YG8E8R,reception,2026-09-20 09:20:47.553023,15.608967,-16.252768,Officine off.louga1,officine,Louga,concentrationInhabituelle
8aed069de73c470d9801d70224a0ded8,JQMUBEZS5ZQZ,reception,2026-09-20 09:20:55.915058,15.610359,-16.252835,Officine off.louga1,officine,Louga,concentrationInhabituelle
933d16763a264d5bb63cd9837e46ac8d,2GJCYEAXTNWE,reception,2026-09-20 09:21:06.673488,15.610756,-16.251701,Officine off.louga1,officine,Louga,concentrationInhabituelle
54a28886e2594755a468cbd7fbf70e12,V8TWCPAAD5FH,reception,2026-09-20 09:21:21.645877,15.610817,-16.253441,Officine off.louga1,officine,Louga,concentrationInhabituelle
ba981fd4cd6d49d6bf02889cd76119bd,MZG3NFB9DGPF,reception,2026-09-20 09:21:34.712832,15.609336,-16.251936,Officine off.louga1,officine,Louga,concentrationInhabituelle
c6223749ef05415691c515e88e8be9ef,DBB24ETMEY4D,reception,2026-09-20 09:21:41.910811,15.608357,-16.252654,Officine off.louga1,officine,Louga,concentrationInhabituelle
5aed59563ea0447bb467b7246f9618dd,AQBEMZXUB293,reception,2026-09-20 09:21:55.025098,15.609427,-16.251234,Officine off.louga1,officine,Louga,concentrationInhabituelle
b0d9b70a13b841e292418187ffd930c7,55H7T2FM7PYN,reception,2026-09-20 09:22:07.350064,15.609857,-16.251712,Officine off.louga1,officine,Louga,concentrationInhabituelle
0dc60e6cb6f14bf080424a4eef072040,W4TADW4MSUCF,reception,2026-09-20 09:22:21.948345,15.6109,-16.252291,Officine off.louga1,officine,Louga,concentrationInhabituelle
743440e823b04dd39716e6caecee4f96,UQN7B89AMFXJ,reception,2026-09-20 09:22:31.007909,15.609485,-16.250877,Officine off.louga1,officine,Louga,concentrationInhabituelle
e1fa714c6d4145bbbf8333141bd6d9a0,ZXEWJNC9SB6E,reception,2026-09-20 09:22:37.296207,15.610359,-16.252776,Officine off.louga1,officine,Louga,concentrationInhabituelle
85cba20717584690b9f0c21757b2726e,3WGAVV54YE4C,reception,2026-09-20 09:22:51.190890,15.610782,-16.251737,Officine off.louga1,officine,Louga,concentrationInhabituelle
8c2b51fb47064aea82f37cb89b75c4e6,TDM5B632ZMED,reception,2026-09-20 09:22:59.843486,15.609046,-16.250661,Officine off.louga1,officine,Louga,concentrationInhabituelle
8ab3430450f84de09827dd4bdf836a25,4HAAKFGCSK4R,expedition,2026-09-20 09:23:00,12.607898,-16.271587,SR Ziguinchor,SR,Ziguinchor,normal
c656ab9f31234569b91f99265e1499a0,78JZQJZDVW4V,reception,2026-09-20 09:23:07.176824,15.610359,-16.251223,Officine off.louga1,officine,Louga,concentrationInhabituelle
daf59540ee7f4977af3b0f41a053450c,934VMWHAN8TP,expedition,2026-09-20 09:23:11.221264,12.605961,-16.271657,SR Ziguinchor,SR,Ziguinchor,normal
3d7b0e6681db496b883d2065e4b5492f,UGX52KDF6RP4,reception,2026-09-20 09:23:19.762814,15.608273,-16.252077,Officine off.louga1,officine,Louga,concentrationInhabituelle
42c6159a0cef440dbf03127cfec85501,AZRYGXGKQH3Z,expedition,2026-09-20 09:23:22.473424,12.607517,-16.271022,SR Ziguinchor,SR,Ziguinchor,normal
a096b22b610a40ca939cf5edadcb5b23,2EK93FDHSVKU,reception,2026-09-20 09:23:28.699684,15.610689,-16.253123,Officine off.louga1,officine,Louga,concentrationInhabituelle
0920b93c533c4b59bc76f6ce81b181ae,7KCARAXVSZ7A,expedition,2026-09-20 09:23:35.249151,12.606836,-16.270547,SR Ziguinchor,SR,Ziguinchor,normal
691f24084f0a4a6da23b44af5a2f459d,VZCQ2R7VFVUM,reception,2026-09-20 09:23:36.312237,15.610079,-16.25249,Officine off.louga1,officine,Louga,concentrationInhabituelle
ae1151b422cc48f0be3c7a4453d92116,5Q456UBPBYV5,expedition,2026-09-20 09:23:44.948481,12.607184,-16.272078,SR Ziguinchor,SR,Ziguinchor,normal
26eb42b0277b4629bc75be9076475956,MQTFPWT7WEC3,reception,2026-09-20 09:23:46.194253,15.608601,-16.252817,Officine off.louga1,officine,Louga,concentrationInhabituelle
6397a7d3ad0549ff99f478f87975c98e,9ZB73K22USGN,reception,2026-09-20 09:23:56.341780,15.610514,-16.251071,Officine off.louga1,officine,Louga,concentrationInhabituelle
31923f3eaf0043f6b928c0693e693b7a,2DXSQXN9CXFB,reception,2026-09-20 09:24:07.897779,15.610154,-16.252854,Officine off.louga1,officine,Louga,concentrationInhabituelle
00ad64bd470c4e228cf12de228e882e0,5QMRE9YZUB7A,reception,2026-09-20 09:24:15.251117,15.609834,-16.253077,Officine off.louga1,officine,Louga,concentrationInhabituelle
2efbeac27e70484bb033d87fc02913c0,TFWFPEX7E4NQ,reception,2026-09-20 09:24:21.651509,15.608307,-16.251197,Officine off.louga1,officine,Louga,concentrationInhabituelle
d72584cd5e754e6497ae124e6342cbca,76BD4HECHW5C,reception,2026-09-20 09:24:28.852643,15.610258,-16.25148,Officine off.louga1,officine,Louga,concentrationInhabituelle
76db915e5ce64960b9799f2c40a60ecf,YG9PGV36Q9DN,reception,2026-09-20 09:24:38.086492,15.609476,-16.250909,Officine off.louga1,officine,Louga,concentrationInhabituelle
c28dae9a8c01430882a7328050a014bf,7HTZYP92H24M,reception,2026-09-20 09:24:45.367885,15.610771,-16.250761,Officine off.louga1,officine,Louga,concentrationInhabituelle
946d9df1bf4f4aed81d48b3592f76ad5,GY9ES923RQMA,reception,2026-09-20 09:24:52.236192,15.608056,-16.251752,Officine off.louga1,officine,Louga,concentrationInhabituelle
9d7735f8502b4c1190e8b7dbe8ebc208,Y93AMPRXYRUZ,reception,2026-09-20 09:24:58.705579,15.608788,-16.251851,Officine off.louga1,officine,Louga,concentrationInhabituelle
4b3785fe73b64902b72107dd2d0fd58d,6BE793F2BEB4,reception,2026-09-20 09:25:11.185225,15.609175,-16.251688,Officine off.louga1,officine,Louga,concentrationInhabituelle
5a217e89ec064d52abae6f835b4192aa,TTGG2ETKECNR,reception,2026-09-20 09:25:21.487762,15.610577,-16.251828,Officine off.louga1,officine,Louga,concentrationInhabituelle
76542b7cd50f4b1294c7a79c8d69ee0a,EX9EWVF3FKY6,reception,2026-09-20 09:25:30.705787,15.609922,-16.250886,Officine off.louga1,officine,Louga,concentrationInhabituelle
4adfe7de7ea24d48b62a183296c5253d,CEA8VJ3WSQ4Y,reception,2026-09-20 09:25:45.243979,15.609592,-16.252031,Officine off.louga1,officine,Louga,concentrationInhabituelle
0f214e979c4b45359319ed36a8fbfc5a,RNRZJ3CB6JTV,reception,2026-09-20 09:25:51.854451,15.610846,-16.251149,Officine off.louga1,officine,Louga,concentrationInhabituelle
4682273a2da941b4a58872b0b4076ab7,EH4FRVPNG6DF,reception,2026-09-20 09:26:00.779566,15.60915,-16.253562,Officine off.louga1,officine,Louga,concentrationInhabituelle
13517a68368d4fef97cbb62fe33c2df4,NBCAH6VGW9GQ,reception,2026-09-20 09:26:09.176670,15.609467,-16.25238,Officine off.louga1,officine,Louga,concentrationInhabituelle
9606477bb0f948cb84292a8832b8090b,9UTNE7TA45J2,reception,2026-09-20 09:26:23.001894,15.610628,-16.252543,Officine off.louga1,officine,Louga,concentrationInhabituelle
f19b13dd090e4035bce3775d9f6c413f,HFQ5RBNPJTRX,reception,2026-09-20 09:26:31.475582,15.610699,-16.251896,Officine off.louga1,officine,Louga,concentrationInhabituelle
67e7a7cfb514413cb7efbe84c26b528e,ZFJJ5CZ8UAMU,reception,2026-09-20 09:26:43.828634,15.608375,-16.250729,Officine off.louga1,officine,Louga,concentrationInhabituelle
4b841c39081944a7a616327b44d18ef5,6KREDGSMKFCX,reception,2026-09-20 09:26:57.539522,15.609263,-16.251725,Officine off.louga1,officine,Louga,concentrationInhabituelle
6d9abe0b50754bfab608cdf4d332e0ed,2KCPK35KD39X,reception,2026-09-20 09:27:11.549210,15.609977,-16.252627,Officine off.louga1,officine,Louga,concentrationInhabituelle
59a761e9ba514b1794063394a3678b39,7AZED9KC2SHM,reception,2026-09-20 09:27:17.708616,15.610845,-16.252682,Officine off.louga1,officine,Louga,concentrationInhabituelle
5b3feb43e9dd462c90b055a0a959a17c,NWV8WSJ5A95U,reception,2026-09-20 09:27:26.179478,15.607973,-16.250642,Officine off.louga1,officine,Louga,concentrationInhabituelle
dae34717bcf54610af4213a345a8a7b7,SGHQHFGNF6MC,reception,2026-09-20 09:27:38.304075,15.610096,-16.252282,Officine off.louga1,officine,Louga,concentrationInhabituelle
23a622c6500b41129237caf6dcd95070,DFHHE9PDGGAR,reception,2026-09-20 09:27:51.553757,15.608713,-16.252527,Officine off.louga1,officine,Louga,concentrationInhabituelle
d693e6cd2db1465e87d42ec00faa821d,HCWD6ZNY9WHA,reception,2026-09-20 09:28:05.667416,15.608797,-16.252973,Officine off.louga1,officine,Louga,concentrationInhabituelle
c1b5f3ce0b7d40bbba0d5fee3d08d5e8,58MW5UZCVXTQ,reception,2026-09-20 09:28:13.073174,15.608063,-16.251505,Officine off.louga1,officine,Louga,concentrationInhabituelle
9779499d87ba433b92a45c9ca9e4abc1,BNVKRMVB6WRC,reception,2026-09-20 09:28:27.304279,15.608919,-16.252001,Officine off.louga1,officine,Louga,concentrationInhabituelle
f23270380cf34a09adf31b011848b00d,95GPT87QVVT6,reception,2026-09-20 09:28:36.960630,15.608769,-16.251377,Officine off.louga1,officine,Louga,concentrationInhabituelle
040ee4c0a44946da8371923cb2570000,8VNB5VTG6YDQ,reception,2026-09-20 09:28:47.053316,15.609414,-16.252822,Officine off.louga1,officine,Louga,concentrationInhabituelle
ca388705e03645898ab421b3cc49f049,XU7ASHG4YGV4,reception,2026-09-20 09:28:53.375697,15.608767,-16.252785,Officine off.louga1,officine,Louga,concentrationInhabituelle
ca2210f211a6465491601d9c22c8f441,HHANSBYMXSF3,reception,2026-09-20 09:29:00,14.763158,-16.915052,SR Thies,SR,Thies,normal
c37f03a172434b89be71ef5ddd31c10e,BYE8446ZMENS,reception,2026-09-20 09:29:03.391457,15.610542,-16.251369,Officine off.louga1,officine,Louga,concentrationInhabituelle
2c0ad6f7eb074466b25da6600c6c2b49,JMNZQZ5YDMAJ,reception,2026-09-20 09:29:07.610885,14.761435,-16.916754,SR Thies,SR,Thies,normal
898fd668900a4a2d9c32c9f9da79f487,Y5T4UJT2GG7Q,reception,2026-09-20 09:29:15.509203,14.761068,-16.914931,SR Thies,SR,Thies,normal
00cb553736514da6ad8d743dd8871fb7,TM38KQKEUJTE,reception,2026-09-20 09:29:15.869330,15.609831,-16.252641,Officine off.louga1,officine,Louga,concentrationInhabituelle
0f34b2eaab2e4fa6908d274b975350bc,XV5MY8RKNBNQ,reception,2026-09-20 09:29:23.300965,15.609487,-16.252573,Officine off.louga1,officine,Louga,concentrationInhabituelle
8e6de81ee0004edf9cedfeb858209d76,PP26KNUT625U,reception,2026-09-20 09:29:24.760130,14.762877,-16.914274,SR Thies,SR,Thies,normal
d65f999856534b1dacf4747b12327fd0,CZRZTYDWGVGS,reception,2026-09-20 09:29:32.297734,14.761554,-16.914757,SR Thies,SR,Thies,normal
0a9334769fad4b1b917890e21a210a7a,75W3EHUPS5BK,reception,2026-09-20 09:29:32.767396,15.610283,-16.252871,Officine off.louga1,officine,Louga,concentrationInhabituelle
b620b6c9f5c3466eae19118ef5bde883,J2TZ2WPNCKYM,reception,2026-09-20 09:29:41.160225,15.610033,-16.25118,Officine off.louga1,officine,Louga,concentrationInhabituelle
a43c93276a2049c38d4ec77d7bcc1b73,CQFYFSMD2GGR,reception,2026-09-20 09:29:46.102876,14.76251,-16.915576,SR Thies,SR,Thies,normal
2bf38b6968ac4e14b42a2f2668391e47,Y5CBP4Z4GZ4P,reception,2026-09-20 09:29:52.915647,15.610649,-16.252355,Officine off.louga1,officine,Louga,concentrationInhabituelle
9c8b59da53e3450983432bc5f69747b7,QXZDHF9YTYG8,reception,2026-09-20 09:30:05.211946,15.609202,-16.251327,Officine off.louga1,officine,Louga,concentrationInhabituelle
b4b28f89c8d042a68e74d69d279b139b,SKUVZY8TEER9,reception,2026-09-20 09:30:13.930768,15.610683,-16.253393,Officine off.louga1,officine,Louga,concentrationInhabituelle
9b19e6c478eb47f485cf21f7148c669a,4UPM3RP22ZUU,reception,2026-09-20 09:30:27.473333,15.608423,-16.251234,Officine off.louga1,officine,Louga,concentrationInhabituelle
572906e4c8804810912df093549e6053,CD7AXSET5C3H,reception,2026-09-20 09:30:42.425332,15.610658,-16.250861,Officine off.louga1,officine,Louga,concentrationInhabituelle
dced211d64fb4ac9936b5ba03098170d,9QGMZTYVKQ24,reception,2026-09-20 09:30:49.719540,15.607993,-16.252592,Officine off.louga1,officine,Louga,concentrationInhabituelle
b7818a163239430b9ece0ddd28882b72,HPTDJ8B6C2JZ,reception,2026-09-20 09:31:00.084744,15.608112,-16.25247,Officine off.louga1,officine,Louga,concentrationInhabituelle
c46b64bc79b34a41bf1f08991e4595e7,QEHP4JDD4EFN,reception,2026-09-20 09:31:11.166827,15.609398,-16.252506,Officine off.louga1,officine,Louga,concentrationInhabituelle
5e127a36c9744d63ad7d266baa296253,V8WK5MAFTGMN,reception,2026-09-20 09:31:17.995240,15.610253,-16.251078,Officine off.louga1,officine,Louga,concentrationInhabituelle
860e06fe7e294c22b2353f5bec6f5bab,82CS3XQJZRHU,reception,2026-09-20 09:31:31.058950,15.609897,-16.252347,Officine off.louga1,officine,Louga,concentrationInhabituelle
202fd53ee93941379caddaf02bd8da32,ASGGE2U2J7MH,reception,2026-09-20 09:31:43.792686,15.609787,-16.253406,Officine off.louga1,officine,Louga,concentrationInhabituelle
eaef5c1c41604722b8747d67924961d3,QWKXANH8UQXM,reception,2026-09-20 09:31:58.486062,15.609765,-16.251662,Officine off.louga1,officine,Louga,concentrationInhabituelle
2cdf74c0d73d410995a885ae5296dabe,BKXNSBDNQK2Q,reception,2026-09-20 09:32:05.553469,15.609685,-16.252897,Officine off.louga1,officine,Louga,concentrationInhabituelle
fd02706ed77b406296144a4f6008d1e0,SQC76TMH2DAN,reception,2026-09-20 09:32:19.996575,15.608999,-16.252109,Officine off.louga1,officine,Louga,concentrationInhabituelle
de2a5ebb6662451da46c3d25bd89d59f,T9FWZG2YV77S,reception,2026-09-20 09:32:29.169742,15.61088,-16.253613,Officine off.louga1,officine,Louga,concentrationInhabituelle
f671dc7846744af28ad2a1e52a8e711f,4YHUBAEK7E8H,reception,2026-09-20 09:32:39.002922,15.608047,-16.250763,Officine off.louga1,officine,Louga,concentrationInhabituelle
8911e6bcf66148499f76ef2e22fd2591,WGB8XFWW2R7F,reception,2026-09-20 09:32:47.924382,15.608502,-16.253087,Officine off.louga1,officine,Louga,concentrationInhabituelle
86613c602b07491e81db2e59981f6c9d,EPBG62DZW3JG,reception,2026-09-20 09:32:58.100884,15.610743,-16.2524,Officine off.louga1,officine,Louga,concentrationInhabituelle
88016a0c755a4a7abd452c97133d1e8b,NTGTRYT3XQGP,reception,2026-09-20 09:33:10.177572,15.609935,-16.252641,Officine off.louga1,officine,Louga,concentrationInhabituelle
fc76059fc22043b9b949a09c23300157,GUHNB9PKHBFR,reception,2026-09-20 09:33:23.900079,15.609756,-16.251143,Officine off.louga1,officine,Louga,concentrationInhabituelle
2371e9906fd2483694da44cecbe52963,TJSSB8ZZPNA8,reception,2026-09-20 09:33:32.623433,15.609129,-16.252134,Officine off.louga1,officine,Louga,concentrationInhabituelle
03f05b30e91d482fb73936611a830af0,27EX853V5TUT,reception,2026-09-20 09:33:46.570137,15.610409,-16.251124,Officine off.louga1,officine,Louga,concentrationInhabituelle
31d481b0020d45ffb7bba390a9b1194a,5DWQ2YU4828D,reception,2026-09-20 09:34:00.628734,15.610203,-16.25198,Officine off.louga1,officine,Louga,concentrationInhabituelle
70475b8c7cef47d2b95b20fb1573f5c3,Q8CZ69BHW6D3,reception,2026-09-20 09:34:13.964212,15.609906,-16.253271,Officine off.louga1,officine,Louga,concentrationInhabituelle
a99bcc9891bb46f1bd678b62eb4191a9,9KXVA8MXJ8M9,reception,2026-09-20 09:34:26.261319,15.610701,-16.253355,Officine off.louga1,officine,Louga,concentrationInhabituelle
33453800a6754350a0034941ab1e0ad7,MK8S7AB5B82T,reception,2026-09-20 09:34:40.464928,15.609311,-16.250746,Officine off.louga1,officine,Louga,concentrationInhabituelle
40da561ec26a4c32b8eab35a1bd5a2f6,7Z54H265CFHH,reception,2026-09-20 09:34:53.273823,15.608368,-16.252364,Officine off.louga1,officine,Louga,concentrationInhabituelle
888a1ff8292046b2a843f9813f519140,UYQYW5ENSVCP,reception,2026-09-20 09:35:04.861196,15.609741,-16.252275,Officine off.louga1,officine,Louga,concentrationInhabituelle
be5a129ad24048f9bfb95010f37f42b2,CNPUJDP9UYXF,reception,2026-09-20 09:35:16.258815,15.609702,-16.252539,Officine off.louga1,officine,Louga,concentrationInhabituelle
0d1a4e9007ec4710974fccbcc7bb2eda,HD4XKJP55EWT,reception,2026-09-20 09:35:22.655912,15.609015,-16.252204,Officine off.louga1,officine,Louga,concentrationInhabituelle
a6cfbc17fc6445baa5e6c424c7bd843a,NMVR2AKCJ3A8,reception,2026-09-20 09:35:36.273781,15.609656,-16.250873,Officine off.louga1,officine,Louga,concentrationInhabituelle
a8cb902333f940d598ac33f185cecea7,XXF2FUQ6Q7KG,reception,2026-09-20 09:35:44.925019,15.609306,-16.250641,Officine off.louga1,officine,Louga,concentrationInhabituelle
9123f714c2d941f9835152ce15103f49,AVJ8JU5R4RP9,reception,2026-09-20 09:35:55.951349,15.60892,-16.251307,Officine off.louga1,officine,Louga,concentrationInhabituelle
bae85f0673014d89a9b05aefbc799910,NGA2EZGUN5CZ,reception,2026-09-20 09:36:08.164806,15.610071,-16.252517,Officine off.louga1,officine,Louga,concentrationInhabituelle
3ebefb2727b541f0b15b220ef5695ba7,BV4M3BZE5SQP,reception,2026-09-20 09:36:19.964594,15.60845,-16.25173,Officine off.louga1,officine,Louga,concentrationInhabituelle
f08a604041e74f2aa8257276991b0923,QCDW4UEJF5BJ,reception,2026-09-20 09:36:31.501421,15.610368,-16.252109,Officine off.louga1,officine,Louga,concentrationInhabituelle
59926832b73b49b8a22b1322dac1acde,UHAXUFQWWSRB,reception,2026-09-20 09:36:41.490869,15.61081,-16.252005,Officine off.louga1,officine,Louga,concentrationInhabituelle
46597aa77380414cb2bd124b70e1e5de,F8B7F653J5WE,reception,2026-09-20 09:36:53.117402,15.610348,-16.251062,Officine off.louga1,officine,Louga,concentrationInhabituelle
5c7ceee5dd1342c7b2153d7bcd894e84,U9MT8EDQRVWT,reception,2026-09-20 09:37:06.376906,15.610216,-16.253554,Officine off.louga1,officine,Louga,concentrationInhabituelle
2fca772da4d24694bb3ed8b80bd20fde,C4J32EPD9J2P,reception,2026-09-20 09:37:15.663308,15.609674,-16.251692,Officine off.louga1,officine,Louga,concentrationInhabituelle
15075aeae80442e586377281192c2bbc,K8XWDV6P5M5J,reception,2026-09-20 09:37:29.517066,15.608388,-16.25272,Officine off.louga1,officine,Louga,concentrationInhabituelle
70d25cbfb5a4433e8c3ae449df6da54c,UK76SV6TUJ7V,reception,2026-09-20 09:37:40.895655,15.610589,-16.252208,Officine off.louga1,officine,Louga,concentrationInhabituelle
3362ea59707e43e1ad7f14a570345e90,THYK7QYUDKW5,reception,2026-09-20 09:37:50.132889,15.609648,-16.251266,Officine off.louga1,officine,Louga,concentrationInhabituelle
5ededb24197c4d4dbbb95eaef194be31,P6PNMMCFAXMT,reception,2026-09-20 09:38:01.087069,15.608313,-16.251277,Officine off.louga1,officine,Louga,concentrationInhabituelle
358208e48ed4403c99123e55cb96ef1c,VHFVZPJQ7ZKF,reception,2026-09-20 09:38:12.283340,15.608101,-16.250899,Officine off.louga1,officine,Louga,concentrationInhabituelle
79a855edd8ec41ca8adfc3e8da654424,YT9MQWKH7QYF,reception,2026-09-20 09:38:23.880815,15.608074,-16.251123,Officine off.louga1,officine,Louga,concentrationInhabituelle
cb286b46400c4fe095f9de1a351a28de,XFRQHZFJMDW3,reception,2026-09-20 09:38:35.699008,15.608812,-16.252598,Officine off.louga1,officine,Louga,concentrationInhabituelle
f95d9fb0d73e4a5bad90a7864e0221b9,SWTG74DXJ34Z,reception,2026-09-20 09:38:42.242307,15.608637,-16.252643,Officine off.louga1,officine,Louga,concentrationInhabituelle
2a2dd83bd56d4562a31812bd15f8a5be,9WZCUDZB58QK,reception,2026-09-20 09:38:54.616603,15.608595,-16.252466,Officine off.louga1,officine,Louga,concentrationInhabituelle
f843008f47f0469ea220a7c3c0a3bb34,BUPXU5FZJ7JJ,reception,2026-09-20 09:39:02.843209,15.608395,-16.252071,Officine off.louga1,officine,Louga,concentrationInhabituelle
b70d5e6f4bd94f9f8614449c1b858566,UBJVS4TUYRMH,reception,2026-09-20 09:39:09.784852,15.608032,-16.252744,Officine off.louga1,officine,Louga,concentrationInhabituelle
15df46c282754f799b507d97b6a16ac7,86ETM9A8UU9B,reception,2026-09-20 09:39:21.897925,15.608131,-16.25071,Officine off.louga1,officine,Louga,concentrationInhabituelle
f26cb0403ecf4afab729c748046a0fc6,74BPCD2WNTJB,reception,2026-09-20 09:39:35.158183,15.608668,-16.252678,Officine off.louga1,officine,Louga,concentrationInhabituelle
6ab631c84fc54c0dbf41df998ea86158,JU25RYP8F88A,reception,2026-09-20 09:39:41.510173,15.608576,-16.251824,Officine off.louga1,officine,Louga,concentrationInhabituelle
b729c53f27044bfab318bfb50dcbed28,SNYRFCXPE478,reception,2026-09-20 09:39:54.419266,15.609471,-16.251443,Officine off.louga1,officine,Louga,concentrationInhabituelle
a227b39b74c141dba9881f2dc9f8de91,VWGNBYRA5KAY,reception,2026-09-20 09:40:07.102350,15.609481,-16.253469,Officine off.louga1,officine,Louga,concentrationInhabituelle
fff9e66727db49ecbde83f2fd86e71be,CSR3HY4MU26T,reception,2026-09-20 09:40:13.279883,15.61001,-16.251469,Officine off.louga1,officine,Louga,concentrationInhabituelle
4b244b6ecc82488bb96472980957b9eb,MVKCWRBK77ZP,reception,2026-09-20 09:40:23.520365,15.609675,-16.25063,Officine off.louga1,officine,Louga,concentrationInhabituelle
3fe4c0fe6bb044528d9f5b7ea11cfa4e,PF3PQXFDR5QG,reception,2026-09-20 09:40:32.902475,15.609092,-16.250984,Officine off.louga1,officine,Louga,concentrationInhabituelle
218c3fe6e740419d83d4219a8cece0af,SYJVZXQ82MZM,reception,2026-09-20 09:40:47.561808,15.610314,-16.25253,Officine off.louga1,officine,Louga,concentrationInhabituelle
77d9a428590747baa9af1f1e0706112b,SV8DQGXF4W3K,reception,2026-09-20 09:40:56.370359,15.608664,-16.252623,Officine off.louga1,officine,Louga,concentrationInhabituelle
aea94caf56a045ec987dbc5c5713f918,FTAGX7ANAD9J,reception,2026-09-20 09:41:09.859486,15.610295,-16.252016,Officine off.louga1,officine,Louga,concentrationInhabituelle
fdc2fa9e734c4541bbb27fa81918aa7b,XSDQFJCB5TZR,reception,2026-09-20 09:41:19.421629,15.609021,-16.252911,Officine off.louga1,officine,Louga,concentrationInhabituelle
6b5a3cba388446dd839f51137bda6064,7DFREG3CDHWD,reception,2026-09-20 09:41:28.259660,15.610366,-16.251646,Officine off.louga1,officine,Louga,concentrationInhabituelle
bcef05e75c4b4f169a187de1f84227ab,ZXMS98TBMACQ,reception,2026-09-20 09:41:37.907355,15.609606,-16.251384,Officine off.louga1,officine,Louga,concentrationInhabituelle
17bd1047ca61491aabfc984aaf2962ec,3S482C3ZY7KM,reception,2026-09-20 09:41:44.786189,15.609555,-16.253275,Officine off.louga1,officine,Louga,concentrationInhabituelle
540e6a20167f4d50a945b867a33c469f,38A7C94WDHZG,reception,2026-09-20 09:41:53.407493,15.608888,-16.251154,Officine off.louga1,officine,Louga,concentrationInhabituelle
0fe433c9c8f44cb887f3c2bec176b69c,HYZRF2CPRQYQ,reception,2026-09-20 09:42:08.232786,15.609524,-16.252682,Officine off.louga1,officine,Louga,concentrationInhabituelle
2fac8d8b01ed43b19e91132122bda850,N35JWH596RAF,reception,2026-09-20 09:42:14.727247,15.610324,-16.252398,Officine off.louga1,officine,Louga,concentrationInhabituelle
7d8c8f22a3754efeb47f5748bf87b06d,KBDFRXQKPSSQ,reception,2026-09-20 09:42:25.917437,15.6097,-16.251648,Officine off.louga1,officine,Louga,concentrationInhabituelle
d858bffa5f8c4d6c9ebba30727671d45,8BXUBBWN996Q,reception,2026-09-20 09:42:36.140650,15.609927,-16.251474,Officine off.louga1,officine,Louga,concentrationInhabituelle
278524831b47496fa8d03e3ab808fed2,GQ7TUR52CG4X,reception,2026-09-20 09:42:49.576884,15.608941,-16.252533,Officine off.louga1,officine,Louga,concentrationInhabituelle
d9ee93b1440a466089f41db969497804,E4XHS8V28AFZ,reception,2026-09-20 09:43:02.671425,15.609844,-16.253087,Officine off.louga1,officine,Louga,concentrationInhabituelle
e0ac541a10c04aa098834dccca48b967,7AWNC8KUJ6NU,reception,2026-09-20 09:43:10.251513,15.610231,-16.252986,Officine off.louga1,officine,Louga,concentrationInhabituelle
242805968e7849dc841d2219156c9068,ZJHZXW3PDA9Z,reception,2026-09-20 09:43:21.809631,15.609211,-16.251102,Officine off.louga1,officine,Louga,concentrationInhabituelle
d7f1fb9cd37a4d39967c9fedc1e7eb8c,VVAF9HRS3VY9,reception,2026-09-20 09:43:33.952751,15.608906,-16.253161,Officine off.louga1,officine,Louga,concentrationInhabituelle
5b2b6bf6c1514447ae2e8e5ef92687f7,3E25V3MMDUDP,reception,2026-09-20 09:43:42.099239,15.607972,-16.251719,Officine off.louga1,officine,Louga,concentrationInhabituelle
75fff9009a354d92a75d1725d68aa82f,BU98XJRGDTFD,reception,2026-09-20 09:43:49.521077,15.609479,-16.251307,Officine off.louga1,officine,Louga,concentrationInhabituelle
11a2f03a42a1404293ba04113122db70,V3CN64N5TGBN,reception,2026-09-20 09:44:00.425419,15.609466,-16.25271,Officine off.louga1,officine,Louga,concentrationInhabituelle
6d80950e4292402b8e29f44871c3b3c5,8M7TD7UNEC6D,reception,2026-09-20 09:44:08.079304,15.608481,-16.251515,Officine off.louga1,officine,Louga,concentrationInhabituelle
a28d6d6a67d0419eb1bc85c4755ea718,K8BNBH7X94S7,reception,2026-09-20 09:44:22.712327,15.609163,-16.250646,Officine off.louga1,officine,Louga,concentrationInhabituelle
e26fddf3ae1e440aa800eeac91bb7355,SD5PEGMV8GAW,reception,2026-09-20 09:44:35.872305,15.60887,-16.251325,Officine off.louga1,officine,Louga,concentrationInhabituelle
52308de98087499c8a070d5829964b47,ZSEU2WPGJ78U,reception,2026-09-20 09:44:46.474092,15.608028,-16.25228,Officine off.louga1,officine,Louga,concentrationInhabituelle
5bdfb75940f8483fb0fadf0fd77207c2,PZSJA8HHA54B,reception,2026-09-20 09:44:57.897249,15.609359,-16.25179,Officine off.louga1,officine,Louga,concentrationInhabituelle
cb0e9fe036e34284a60073d2a583d6dc,UBNG2MGHA7VX,reception,2026-09-20 09:45:07.428672,15.610625,-16.253072,Officine off.louga1,officine,Louga,concentrationInhabituelle
1f374dfc9979478b9de13b259face8ef,J2GVJMAJ57XQ,reception,2026-09-20 09:45:18.308590,15.608727,-16.250907,Officine off.louga1,officine,Louga,concentrationInhabituelle
3fceba0e928e43a3a721216416606881,W2HD6YYH358V,reception,2026-09-20 09:45:32.973054,15.610073,-16.253291,Officine off.louga1,officine,Louga,concentrationInhabituelle
5dd5f37107d7457d8c839edf9bd2a9af,GWMNVURWV8YD,reception,2026-09-20 09:45:43.060193,15.609395,-16.250754,Officine off.louga1,officine,Louga,concentrationInhabituelle
0d45772e78d245f5b4c5eb5067e870dd,QTNQ5WBVRAUN,reception,2026-09-20 09:45:56.092112,15.610184,-16.252004,Officine off.louga1,officine,Louga,concentrationInhabituelle
659d25e3cdf049a29c029840faf30664,EU3BUKZGX8VC,reception,2026-09-20 09:46:02.978363,15.60928,-16.253589,Officine off.louga1,officine,Louga,concentrationInhabituelle
af13dc50f61a4e2ea7b5169e3b6c88b1,7DUA6KNRC3DB,dispensation,2026-09-20 10:38:46.827127,12.590444,-16.264863,Officine off.ziguinchor1,officine,Ziguinchor,normal
9df561e7a5554634a0895f656de1cbc2,HXTTSVQ7APYX,dispensation,2026-09-20 14:12:20.744792,15.609456,-16.252967,Officine off.louga1,officine,Louga,normal
2f0d9eeadd6a4b57b87c929cdc5c62d0,XMKV72GN47UP,dispensation,2026-09-20 15:29:42.263709,15.609767,-16.252974,Officine off.louga1,officine,Louga,normal
44d15e812a604201a6a69bc26ad0e193,VVAXDJ4VCCJU,dispensation,2026-09-20 15:29:51.207370,14.681048,-16.2553,Officine off.diourbel1,officine,Diourbel,ruptureSequence
0490061068d144d0ad0ee5faf69ec208,AFKC4TB4VA8G,expedition,2026-09-20 15:50:26.771973,15.628185,-16.242242,SR Louga,SR,Louga,normal
acb2f4e813c943e58b57d49f1ea1617e,KGHYYE4EC54Y,expedition,2026-09-20 15:50:33.175949,15.626214,-16.241208,SR Louga,SR,Louga,normal
d1803c41d37240cfb74c25234965c754,MJJMGYB4E2FD,expedition,2026-09-20 15:50:48.166724,15.628057,-16.241706,SR Louga,SR,Louga,normal
498d84438fe841b3814a5f9db4d7d7b2,3XYQ72CQ3FVK,expedition,2026-09-20 15:50:55.841573,15.626794,-16.241595,SR Louga,SR,Louga,normal
cb8c90aa61024b9fa5cdf6c0b49c8fd5,VHQQUN4C923X,expedition,2026-09-20 15:51:05.960495,15.627522,-16.242107,SR Louga,SR,Louga,normal
3a269e2357e64ef0b5df0b3ff4c45838,E33DT4KC54N3,expedition,2026-09-20 15:51:15.038558,15.62558,-16.242968,SR Louga,SR,Louga,normal
b870a049a89d4eff85e52c2c346b830c,JBQ8XV65NUJK,expedition,2026-09-20 15:51:29.758554,15.628027,-16.242114,SR Louga,SR,Louga,normal
f7d3a76f8ae34191b0ce96e2ceae8ca5,3WJ5PWCC5MCQ,dispensation,2026-09-20 16:50:04.568869,13.755104,-13.673766,Officine off.tamba1,officine,Tambacounda,normal
2738e67d72d1410d91b42e35604df003,9NQ62FHUEWPV,reception,2026-09-20 17:20:40.389081,14.703746,-17.415928,Officine off.dakar2,officine,Dakar,normal
e82f7df655f0484c90cc8fa5beb2e9d2,58DD3UWHDD78,reception,2026-09-20 17:20:51.686558,14.702357,-17.413678,Officine off.dakar2,officine,Dakar,normal
96846bdaa92643ffbd1d641fd4f01897,M3B8QE4YV46D,reception,2026-09-20 17:21:01.354219,14.704342,-17.413019,Officine off.dakar2,officine,Dakar,normal
484fa42f82b64d24929845834258e885,YGQHJFNXA6BV,reception,2026-09-20 17:21:15.573466,14.702908,-17.415312,Officine off.dakar2,officine,Dakar,normal
5e4ca49929e24bb28f2531e2c6f55e44,B5H8VBB2W5Q2,reception,2026-09-21 08:03:00,15.609047,-16.251816,Officine off.louga1,officine,Louga,reutilisationIdentifiant
17914136692a4ac2965379d74d7f8ebc,YQ562UUNB4MG,dispensation,2026-09-21 08:04:00,14.701986,-17.438512,Officine off.dakar1,officine,Dakar,normal
56e0c7b7a3a34ebf91f775e34292f021,C5J424V9U3R4,dispensation,2026-09-21 08:07:00,15.60825,-16.253447,Officine off.louga1,officine,Louga,normal
4e9396e1385149f39543573560695e20,NK4368G93MRP,expedition,2026-09-21 08:12:00,13.757975,-13.678451,SR Tambacounda,SR,Tambacounda,normal
4c4f7e997a46400fa4e39f370b26c2bc,A5NV8E8XBXHC,expedition,2026-09-21 08:12:13.067239,13.756669,-13.680545,SR Tambacounda,SR,Tambacounda,normal
c1d7d6b16f8e4f5086484906bb7cffa4,EJEFEYBM4KVF,expedition,2026-09-21 08:12:26.967266,13.757808,-13.680045,SR Tambacounda,SR,Tambacounda,normal
fa46a9a601d74cd7a0171fd81784e5e2,BJZVTP7VEMBJ,expedition,2026-09-21 08:12:41.952773,13.757868,-13.679083,SR Tambacounda,SR,Tambacounda,normal
d75a67d45a0244a49f250d096251ae2d,5SW2Q98RR3GG,dispensation,2026-09-21 08:22:00,14.681841,-16.257781,Officine off.diourbel1,officine,Diourbel,normal
6ee2add75c794749b0f2ea6452d1289a,Z4K5GFES57VN,dispensation,2026-09-21 08:22:00,14.803025,-16.92421,Officine off.thies1,officine,Thies,normal
92b2e28a8d9248f08ffde7cc2393a0d1,ZW9QG4H3XDJZ,dispensation,2026-09-21 08:34:00,16.007842,-16.517937,Officine off.saintlouis1,officine,Saint-Louis,normal
8b67e117222a4314823d058291600bc3,3K3Q4QK8UJBW,dispensation,2026-09-21 08:35:54.356971,15.610342,-16.25156,Officine off.louga1,officine,Louga,normal
b5306878407645f18bba67fb05d5e8f6,D3B4JRUKR9V5,dispensation,2026-09-21 08:36:00,14.681914,-16.256511,Officine off.diourbel1,officine,Diourbel,normal
966a2949cc39485a99bcc8f0757b7426,CFTK8JAT2GD3,dispensation,2026-09-21 08:38:00,12.590005,-16.266117,Officine off.ziguinchor1,officine,Ziguinchor,normal
b01999877b5e49538510ed89be617233,PP26KNUT625U,expedition,2026-09-21 08:49:00,14.762032,-16.914954,SR Thies,SR,Thies,normal
b5c70c163c02432a891faefe9549c54f,CZRZTYDWGVGS,expedition,2026-09-21 08:49:09.834330,14.761841,-16.915828,SR Thies,SR,Thies,normal
dd3c0c380b4d485d897f98272254c667,CQFYFSMD2GGR,expedition,2026-09-21 08:49:19.833289,14.761038,-16.914522,SR Thies,SR,Thies,normal
7ac926f28cbd4f73b943941111ebc008,9DHGUJCZU4Q4,reception,2026-09-21 09:02:00,16.013246,-16.51191,SR Saint-Louis,SR,Saint-Louis,normal
7f03c302406d4f93bc955c50aea1c636,MS3RJA5WVQ9Q,reception,2026-09-21 09:02:07.538471,16.012657,-16.513447,SR Saint-Louis,SR,Saint-Louis,normal
800b6b89f6464f35ac0732b4718ab93e,BCZX4EV9Q4Z4,reception,2026-09-21 09:02:18.086285,16.014476,-16.513042,SR Saint-Louis,SR,Saint-Louis,normal
373d6814ac644051ba57aaa71a53e173,6YM9FXSBA7QB,reception,2026-09-21 09:02:26.357831,16.014101,-16.512752,SR Saint-Louis,SR,Saint-Louis,normal
e0191cd14fdd44eb895dcd03104b6393,4X2F3X2MKJ8W,dispensation,2026-09-21 09:12:00,14.160893,-16.061015,Officine off.kaolack2,officine,Kaolack,normal
812966afc460430daf9f8aa2b62e4fd5,229APBB3U3HE,expedition,2026-09-21 09:13:00,14.683928,-16.244453,SR Diourbel,SR,Diourbel,normal
d4a6cca822884b808329c5fc77fb95f1,AGKTEJUFRCUN,expedition,2026-09-21 09:13:10.239502,14.684325,-16.243244,SR Diourbel,SR,Diourbel,normal
07cc8c4226db4889abe76ba8858756b9,KX3GMUVXJC8B,expedition,2026-09-21 09:13:22.309470,14.682555,-16.244349,SR Diourbel,SR,Diourbel,normal
6708d002594b4c1f87d01e0ed5549bc4,C8F49EMS22SH,expedition,2026-09-21 09:13:29.256823,14.684674,-16.242599,SR Diourbel,SR,Diourbel,normal
133261d917e746e8855d10a3439fedbc,ZADMZD6TJYGA,expedition,2026-09-21 09:13:39.431046,14.683497,-16.242786,SR Diourbel,SR,Diourbel,normal
d75308e5a98441c79a3be203d5b94b88,MDHK4J6VYBSW,expedition,2026-09-21 09:13:51.416251,14.682695,-16.243183,SR Diourbel,SR,Diourbel,normal
2cbbf5731ff04d1897f9065571ab16ec,7CRUFDYRK3GH,expedition,2026-09-21 09:14:04.031808,14.68289,-16.244605,SR Diourbel,SR,Diourbel,normal
95358e1b1dc04432bf84680bb0ebdcaa,38WSB6UCGSBX,expedition,2026-09-21 09:14:14.204956,14.683727,-16.243911,SR Diourbel,SR,Diourbel,normal
e2920e00e18644bca41ac7bc0ae96f9c,Y8J659RFKW9P,expedition,2026-09-21 09:14:27.954845,14.685321,-16.24225,SR Diourbel,SR,Diourbel,normal
788a5822c9d64720ab8126ade4dd5152,YYAJUN9MJCSH,dispensation,2026-09-21 09:20:00,14.699131,-17.466358,Officine off.dakar3,officine,Dakar,normal
7d14de3801ca41869c32847b39ac9f17,4HAAKFGCSK4R,reception,2026-09-21 09:25:00,12.588056,-16.265668,Officine off.ziguinchor1,officine,Ziguinchor,normal
49c8d915bcad4a03bea6a60b908e773c,934VMWHAN8TP,reception,2026-09-21 09:25:11.670660,12.589529,-16.265058,Officine off.ziguinchor1,officine,Ziguinchor,normal
3bac085864e84a13b293715178cc1727,AZRYGXGKQH3Z,reception,2026-09-21 09:25:24.534333,12.588643,-16.266551,Officine off.ziguinchor1,officine,Ziguinchor,normal
46beac6714a344b898c813dfaa093f3f,7KCARAXVSZ7A,reception,2026-09-21 09:25:34.744780,12.589934,-16.264178,Officine off.ziguinchor1,officine,Ziguinchor,normal
2e84205b8728415aade7b30e04fbb100,5Q456UBPBYV5,reception,2026-09-21 09:25:49.076989,12.588387,-16.26682,Officine off.ziguinchor1,officine,Ziguinchor,normal
db26b78aacca40b08042fe29e2b8b6d1,XSZCSVAZ29S2,reception,2026-09-21 09:26:56.658055,14.702615,-17.439611,Officine off.dakar1,officine,Dakar,normal
0b3970a76e6e4dcb96706c523c9695eb,VHFVZPJQ7ZKF,dispensation,2026-09-21 10:37:13.747762,15.609501,-16.252422,Officine off.louga1,officine,Louga,normal
2421e8c6387745e09b9e182c92372b46,HGU3HANKR4K2,reception,2026-09-21 12:07:12.440296,14.698421,-17.465598,Officine off.dakar3,officine,Dakar,normal
32fa92bd4abb4ff583e5ef13b1472f33,6S5HWZFXPBB7,reception,2026-09-21 12:07:23.394178,14.698101,-17.466982,Officine off.dakar3,officine,Dakar,normal
23a4b20bad14477f83bc2d6fe909a370,HHANSBYMXSF3,expedition,2026-09-21 13:17:52.977566,14.76111,-16.916615,SR Thies,SR,Thies,normal
98ccedb2f50a4a30813e80792d3e250d,JMNZQZ5YDMAJ,expedition,2026-09-21 13:17:59.394253,14.763355,-16.916447,SR Thies,SR,Thies,normal
0ecb75a0aba6412194266cbef5da9613,Y5T4UJT2GG7Q,expedition,2026-09-21 13:18:08.613608,14.761636,-16.916825,SR Thies,SR,Thies,normal
3a5045773a3c48f0a2ca3bbdb45c1e1c,SGHQHFGNF6MC,dispensation,2026-09-21 14:04:36.553379,15.608943,-16.251398,Officine off.louga1,officine,Louga,normal
9d8fa6cc2ddf451a9fe8119395fcf544,UQBMMXHDBW55,dispensation,2026-09-21 14:13:11.284259,14.701684,-17.437119,Officine off.dakar1,officine,Dakar,normal
aa96e4c4036f4c5ea4d1f7b60506ce79,DDAWM8SFYK9X,dispensation,2026-09-21 16:31:04.556015,15.60855,-16.250801,Officine off.louga1,officine,Louga,normal
b5dfb10761b24da395967e104045e1b1,HHFGZNJ8VAC6,dispensation,2026-09-21 16:34:44.004003,14.682552,-16.256538,Officine off.diourbel1,officine,Diourbel,normal
6b4d2b0cb92b4537868bd496d72c7501,NC3RTG7B83SZ,dispensation,2026-09-22 08:08:00,13.753683,-13.672686,Officine off.tamba1,officine,Tambacounda,normal
3d36a3fbf6a048c598056e0a011ef78d,8A8W68DCMKHP,dispensation,2026-09-22 08:15:00,14.811311,-16.925418,Officine off.thies2,officine,Thies,normal
635f2ce9bf4142bab649a13162587941,229APBB3U3HE,reception,2026-09-22 08:20:00,14.681956,-16.257714,Officine off.diourbel1,officine,Diourbel,normal
a0744d7eeaa649a6b88fff33f852fbde,AGKTEJUFRCUN,reception,2026-09-22 08:20:10.081294,14.681689,-16.256204,Officine off.diourbel1,officine,Diourbel,normal
e14928fc21b744eabbc95b0b89907639,KX3GMUVXJC8B,reception,2026-09-22 08:20:18.050843,14.681854,-16.256634,Officine off.diourbel1,officine,Diourbel,normal
744c46f30371487cb9d994bb8313fd4f,C8F49EMS22SH,reception,2026-09-22 08:20:30.880358,14.681388,-16.255823,Officine off.diourbel1,officine,Diourbel,normal
fe5f059cd8cb4331be4f61d80b1cec9f,ZADMZD6TJYGA,reception,2026-09-22 08:20:40.320414,14.682129,-16.255552,Officine off.diourbel1,officine,Diourbel,normal
751acac4e7a849099c5045ad0579ca4d,MDHK4J6VYBSW,reception,2026-09-22 08:20:50.717798,14.682271,-16.255954,Officine off.diourbel1,officine,Diourbel,normal
d271440105494b6e8816e33c1eda2c3c,7CRUFDYRK3GH,reception,2026-09-22 08:20:56.968672,14.683393,-16.254956,Officine off.diourbel1,officine,Diourbel,normal
2f185fe0e2d540a881eee9f421174875,38WSB6UCGSBX,reception,2026-09-22 08:21:11.557841,14.681438,-16.256254,Officine off.diourbel1,officine,Diourbel,normal
2827a6da7420401eb6909f6f4429da84,Y8J659RFKW9P,reception,2026-09-22 08:21:22.255583,14.68135,-16.255171,Officine off.diourbel1,officine,Diourbel,normal
aabb0b33e0c44ba2a2ae20f1d534b73c,AFKC4TB4VA8G,reception,2026-09-22 08:42:00,15.608308,-16.25275,Officine off.louga1,officine,Louga,normal
8964f8832a5c40438d56ce5408538b34,KGHYYE4EC54Y,reception,2026-09-22 08:42:12.754139,15.61092,-16.251413,Officine off.louga1,officine,Louga,normal
aaef36bed31f43228b29e1fe3fd07115,MJJMGYB4E2FD,reception,2026-09-22 08:42:26.534851,15.609817,-16.250784,Officine off.louga1,officine,Louga,normal
e674e352f67744dd839569991e4eaf82,3XYQ72CQ3FVK,reception,2026-09-22 08:42:39.108496,15.609787,-16.251111,Officine off.louga1,officine,Louga,normal
fce9388c0d584bcb8f84cc41acbaf784,VHQQUN4C923X,reception,2026-09-22 08:42:49.536225,15.608307,-16.253094,Officine off.louga1,officine,Louga,normal
ed1f4d89a85a4ec2accb88e82293e2a6,E33DT4KC54N3,reception,2026-09-22 08:42:57.749092,15.610052,-16.250738,Officine off.louga1,officine,Louga,normal
0c236edee5c7431289082c178e3241b8,JBQ8XV65NUJK,reception,2026-09-22 08:43:11.479921,15.60994,-16.252601,Officine off.louga1,officine,Louga,normal
56312126e15f41d4af11d12c4d2edc7a,PP26KNUT625U,reception,2026-09-22 08:56:00,14.802809,-16.924311,Officine off.thies1,officine,Thies,normal
2401cbb95fb143e69e7fb3e64ee31e03,CZRZTYDWGVGS,reception,2026-09-22 08:56:07.929482,14.801091,-16.92399,Officine off.thies1,officine,Thies,normal
4aef9fb7b84b46098a49a0d95e5e11bf,CQFYFSMD2GGR,reception,2026-09-22 08:56:20.559054,14.801298,-16.925556,Officine off.thies1,officine,Thies,normal
2680c55dfc924565afedd2757c68f942,EMU989GSYNQ2,dispensation,2026-09-22 08:59:00,15.60802,-16.252195,Officine off.louga1,officine,Louga,normal
3dda9898e8a1429999ef84eb3dadfdb8,AGWFFM9JG94D,dispensation,2026-09-22 09:01:00,15.609357,-16.252913,Officine off.louga1,officine,Louga,normal
48cd340d6cbd4d31a7c96a815a518e26,G6WKPNVTA9CM,dispensation,2026-09-22 09:03:00,15.608663,-16.253575,Officine off.louga1,officine,Louga,normal
4e3124e896fc45f79d21acd39aa3c697,YKT25KGXTR9D,dispensation,2026-09-22 09:08:00,14.16161,-16.063723,Officine off.kaolack2,officine,Kaolack,normal
31497d2a24e24ff08ae6e4d503fcbb4b,9DHGUJCZU4Q4,expedition,2026-09-22 09:12:00,16.013537,-16.514771,SR Saint-Louis,SR,Saint-Louis,normal
a3bbaabf5ccf4857aaa7db723174c245,MS3RJA5WVQ9Q,expedition,2026-09-22 09:12:08.742608,16.014105,-16.51387,SR Saint-Louis,SR,Saint-Louis,normal
abae159c98174128bed84a088b628d2a,BCZX4EV9Q4Z4,expedition,2026-09-22 09:12:14.823319,16.013802,-16.514076,SR Saint-Louis,SR,Saint-Louis,normal
ed835d6040534d30b090503a4d7e5aa2,6YM9FXSBA7QB,expedition,2026-09-22 09:12:28.951307,16.01332,-16.512629,SR Saint-Louis,SR,Saint-Louis,normal
f8f181a5eab741e1beb319cfa0a776b5,FH5P66CFVSPN,dispensation,2026-09-22 09:28:00,15.609939,-16.250748,Officine off.louga1,officine,Louga,normal
6317d2a132ff4a48b7b75801afd96a41,NK4368G93MRP,reception,2026-09-22 09:30:16.818182,13.753509,-13.673622,Officine off.tamba1,officine,Tambacounda,normal
cf9a10e4554448f1883e81c387d27051,A5NV8E8XBXHC,reception,2026-09-22 09:30:29.688083,13.756043,-13.672865,Officine off.tamba1,officine,Tambacounda,normal
cb51fb85041341feb502bbe77ef03670,EJEFEYBM4KVF,reception,2026-09-22 09:30:37.458275,13.754438,-13.67292,Officine off.tamba1,officine,Tambacounda,normal
5f609f7c3a49444d8b06c0ee33dd7e08,BJZVTP7VEMBJ,reception,2026-09-22 09:30:48.958892,13.75342,-13.674998,Officine off.tamba1,officine,Tambacounda,normal
79d61aac94b54b9d8280b52bed085c8d,QPXTD7HC9XFY,dispensation,2026-09-22 12:40:16.113032,14.803103,-16.923285,Officine off.thies1,officine,Thies,normal
589db473060c46aa8d9f5c19a1be68fb,6KREDGSMKFCX,dispensation,2026-09-22 13:01:31.061421,15.61004,-16.252672,Officine off.louga1,officine,Louga,normal
f75cf8c7670e4c93bf525b6fe24863ad,ZYEMZCNT8K4Z,dispensation,2026-09-22 14:31:58.380820,15.610472,-16.251485,Officine off.louga1,officine,Louga,ruptureSequence
7ce838723c774fee9c2c701ed7b51892,YT9MQWKH7QYF,dispensation,2026-09-22 15:45:03.437771,15.608634,-16.251698,Officine off.louga1,officine,Louga,normal
836a09deb70e418fb56cc6ca5b133122,EASVD7VEE529,dispensation,2026-09-23 08:02:00,15.610829,-16.252953,Officine off.louga1,officine,Louga,normal
c47fc43f485b4d0fafd98a5e4ee9ba5c,VVTPVN8RNYNU,dispensation,2026-09-23 08:04:00,14.80219,-16.925939,Officine off.thies1,officine,Thies,normal
34801b640729444980c5310b7b2a20f6,BM5N48HA2UKG,dispensation,2026-09-23 08:12:00,15.610108,-16.251655,Officine off.louga1,officine,Louga,normal
ceba03bfb89c4eca84d7b21ac2575654,MN8WYD4FQC3V,dispensation,2026-09-23 08:16:00,14.702784,-17.437317,Officine off.dakar1,officine,Dakar,normal
7e3f1c801e2e4b59a2e5cb51a2a0fc62,Z62ECD8WC92U,dispensation,2026-09-23 08:20:00,12.588228,-16.266402,Officine off.ziguinchor1,officine,Ziguinchor,normal
f5abdc5016f14841a830656c2c85c415,HHANSBYMXSF3,reception,2026-09-23 08:26:00,14.811462,-16.9265,Officine off.thies2,officine,Thies,normal
6f0995143208413d806d02022c64101c,JMNZQZ5YDMAJ,reception,2026-09-23 08:26:11.006009,14.811826,-16.924787,Officine off.thies2,officine,Thies,normal
2706367eac064e4695d908df7cd19c93,Y5T4UJT2GG7Q,reception,2026-09-23 08:26:24.528436,14.811373,-16.925546,Officine off.thies2,officine,Thies,normal
18afbbb77fd7485d90681cb49aecc0fd,UC7Y4EMVSU3T,dispensation,2026-09-23 08:29:00,13.753501,-13.673271,Officine off.tamba1,officine,Tambacounda,normal
5c1445920ec741c8be3c4d83b7aea8e6,A9SBXERD8ZRG,dispensation,2026-09-23 08:31:00,15.610782,-16.25279,Officine off.louga1,officine,Louga,normal
76f65c03c3d6432e93aaa297b44a30b9,HFQ5RBNPJTRX,dispensation,2026-09-23 08:39:00,15.610703,-16.251646,Officine off.louga1,officine,Louga,normal
7c2e30eaa000489480560862ea013900,X6ZHHPED424K,dispensation,2026-09-23 08:41:00,14.682871,-16.256839,Officine off.diourbel1,officine,Diourbel,ruptureSequence
fee3bd6537924278ac33a483edb107e0,JMNZQZ5YDMAJ,reception,2026-09-23 08:43:40.459835,12.588821,-16.265022,Officine off.ziguinchor1,officine,Ziguinchor,trajetInhabituel
8045999ce3264c0c91d23570ab243651,QCDW4UEJF5BJ,dispensation,2026-09-23 08:51:00,15.610568,-16.252249,Officine off.louga1,officine,Louga,normal
d0704a556ec14572b56d2de7fc902adc,DWBPAQ3V3VPP,dispensation,2026-09-23 08:53:00,14.14452,-16.064597,Officine off.kaolack1,officine,Kaolack,normal
fb73090f1f6d4ab9855233c4e8c5f38a,PZSJA8HHA54B,dispensation,2026-09-23 08:55:00,15.608218,-16.251325,Officine off.louga1,officine,Louga,normal
dd20f06fb5cc4973b1787cd3065b0bd4,ZFJJ5CZ8UAMU,dispensation,2026-09-23 09:00:00,15.607999,-16.252081,Officine off.louga1,officine,Louga,normal
837ed494cfe14e67b2900c51be915378,ZJHZXW3PDA9Z,dispensation,2026-09-23 09:11:00,15.609569,-16.253254,Officine off.louga1,officine,Louga,normal
82c39e82020d41878f98165f5fc5b21f,9DHGUJCZU4Q4,reception,2026-09-23 09:17:00,16.00721,-16.516552,Officine off.saintlouis1,officine,Saint-Louis,normal
52fa444558944950a946b23dd255f64f,MS3RJA5WVQ9Q,reception,2026-09-23 09:17:14.334686,16.007569,-16.518285,Officine off.saintlouis1,officine,Saint-Louis,normal
8328ede70c2642b99b2849951a405e42,BCZX4EV9Q4Z4,reception,2026-09-23 09:17:26.538661,16.007239,-16.517896,Officine off.saintlouis1,officine,Saint-Louis,normal
20725f5c4a3b4d4999c69c9e8f067de0,6YM9FXSBA7QB,reception,2026-09-23 09:17:39.015662,16.006139,-16.518565,Officine off.saintlouis1,officine,Saint-Louis,normal
fe8ff1888f024b698168d5d6f6b6fc65,92C5B72MSP8Y,dispensation,2026-09-23 09:18:00,12.588936,-16.266156,Officine off.ziguinchor1,officine,Ziguinchor,normal
71ef3f8b93724dff8755b16be4b8f64c,2EK93FDHSVKU,dispensation,2026-09-23 09:21:00,15.609138,-16.253294,Officine off.louga1,officine,Louga,normal
9a6c7bd0b0e14d8ba30bea2259d2cb69,AF2U5WGZFW9Y,dispensation,2026-09-23 09:23:10.112450,14.161233,-16.062611,Officine off.kaolack2,officine,Kaolack,normal
2c32ab748a06423190b601c11e7187ec,KKVMKNDTU94V,dispensation,2026-09-23 09:28:00,12.590107,-16.266102,Officine off.ziguinchor1,officine,Ziguinchor,normal
0b6242ec1eeb4cae9868e9986a62aeb6,9DHGUJCZU4Q4,reception,2026-09-23 09:39:50.307339,13.753309,-13.674314,Officine off.tamba1,officine,Tambacounda,trajetInhabituel
40dd54b35dbd4571b1d65653dbef3442,9PBJE2CV8SAN,dispensation,2026-09-23 10:21:24.940738,14.159926,-16.061863,Officine off.kaolack2,officine,Kaolack,normal
d5b1690be84f4bc4b82e142e02cf3e30,PQZKZCBTFQF3,dispensation,2026-09-23 11:25:10.939358,14.16072,-16.063504,Officine off.kaolack2,officine,Kaolack,normal
6eb90c0611ad4315b846fe8f58098201,FTAGX7ANAD9J,dispensation,2026-09-23 12:04:31.571210,15.6087,-16.251163,Officine off.louga1,officine,Louga,normal
f8b6ce76080d4f8abd387a68ce627da1,76BD4HECHW5C,dispensation,2026-09-23 13:08:48.729357,15.610699,-16.252579,Officine off.louga1,officine,Louga,normal
cb259cd2e2f842c38c1f20d684156fff,95RX8ZHN86T7,dispensation,2026-09-23 17:53:23.044065,14.160604,-16.061699,Officine off.kaolack2,officine,Kaolack,normal
aed816f893b34c4c9a137d6b89a76d10,8BX6HKMHGCS3,dispensation,2026-09-24 08:00:00,15.608779,-16.252688,Officine off.louga1,officine,Louga,normal
c2af94a413094962b95b3e9e4e3d70d6,F8B7F653J5WE,dispensation,2026-09-24 08:01:00,15.610755,-16.252514,Officine off.louga1,officine,Louga,normal
72a4e79b66b54223895c0f436071a73e,72SU29HRMQCM,dispensation,2026-09-24 08:10:00,15.608683,-16.251488,Officine off.louga1,officine,Louga,normal
d999e385699642da9205ad3f631cd052,DS9VPAUGXPJB,dispensation,2026-09-24 08:15:00,12.590298,-16.26613,Officine off.ziguinchor1,officine,Ziguinchor,normal
6419fdfabf8a4330983f46257ca6dbf1,9UTNE7TA45J2,dispensation,2026-09-24 08:15:00,15.608225,-16.25188,Officine off.louga1,officine,Louga,normal
2a2bbb73f38b469294460b8d13f50e77,F5F522U7MWRQ,dispensation,2026-09-24 08:19:00,14.144004,-16.064123,Officine off.kaolack1,officine,Kaolack,normal
8161486363a0470ba05715e236fae500,5DWQ2YU4828D,dispensation,2026-09-24 08:21:00,15.608332,-16.251269,Officine off.louga1,officine,Louga,normal
512d28f9d405414993a46c912aaedf9a,VH9QGUQMYH8V,dispensation,2026-09-24 08:31:00,14.702349,-17.41316,Officine off.dakar2,officine,Dakar,normal
a6ee35dd5c104cf5b881502142674351,44YUWK3AQCDS,dispensation,2026-09-24 08:35:00,13.754163,-13.674913,Officine off.tamba1,officine,Tambacounda,normal
3901cda31ddb4cc38b7b2fea85e6e8cb,HQTXW7MEK6XE,dispensation,2026-09-24 08:35:00,14.698415,-17.464463,Officine off.dakar3,officine,Dakar,normal
8b5cd8b79263402ba7d6a4e1feba18e2,58DD3UWHDD78,dispensation,2026-09-24 08:39:00,14.703011,-17.415339,Officine off.dakar2,officine,Dakar,normal
5aaf4ef0a1fb442eb3ac489e55c4dca3,SD5PEGMV8GAW,dispensation,2026-09-24 08:49:00,15.609307,-16.252073,Officine off.louga1,officine,Louga,normal
06493568c7cb43ee9f88443c5f12275c,M4DVN7XAS66D,dispensation,2026-09-24 08:55:00,14.682574,-16.25631,Officine off.diourbel1,officine,Diourbel,normal
c2a403ace6b44b0a88a88c14541e7416,EU3BUKZGX8VC,dispensation,2026-09-24 08:55:00,15.610356,-16.251741,Officine off.louga1,officine,Louga,normal
019578645b3745f2a7c15052fa34ab74,K6M3HQCQNF2K,dispensation,2026-09-24 08:58:00,14.683388,-16.257696,Officine off.diourbel1,officine,Diourbel,normal
540f81a3f74a48cf8fb68d87438cf1a6,5QMRE9YZUB7A,dispensation,2026-09-24 09:04:00,15.610913,-16.250868,Officine off.louga1,officine,Louga,normal
ac81ae375afe4f879c5484940932ea4f,Q7MZ96BJTSMF,dispensation,2026-09-24 09:14:00,14.143332,-16.065902,Officine off.kaolack1,officine,Kaolack,normal
fa660feff75e4c0a99feff4615a0d8ef,FAC6JXSA82UB,dispensation,2026-09-24 09:16:00,16.006156,-16.517503,Officine off.saintlouis1,officine,Saint-Louis,normal
d9844bccc60e49c285e0adf0c1ebc222,XU7ASHG4YGV4,dispensation,2026-09-24 09:24:00,15.610193,-16.251434,Officine off.louga1,officine,Louga,normal
5f1af3c6c06246bfb57d66b9cadfe9f9,AFKC4TB4VA8G,dispensation,2026-09-24 11:27:00.326048,15.608003,-16.25171,Officine off.louga1,officine,Louga,normal
7c59a00e5c984a348ae16e807f4c1a89,DDQJ6NR3VSEJ,dispensation,2026-09-24 13:00:34.410826,13.7552,-13.67326,Officine off.tamba1,officine,Tambacounda,normal
692cb1078ded483cb2836652e3a62189,C4MRH5857K2X,dispensation,2026-09-24 14:20:02.496302,14.683473,-16.255817,Officine off.diourbel1,officine,Diourbel,ruptureSequence
d930debcc74f42a7ab509c4d3c4b8eac,6BD86B6443PC,dispensation,2026-09-24 15:11:05.593169,14.8026,-16.925164,Officine off.thies1,officine,Thies,normal
c0f258099f77431d8313d228c33b5ab3,GM5HH72ESDEN,dispensation,2026-09-24 15:38:36.514443,14.682888,-16.255087,Officine off.diourbel1,officine,Diourbel,normal
18a386097c77415c8426897a46f04a1b,MQTFPWT7WEC3,dispensation,2026-09-24 16:22:17.394402,15.610462,-16.251567,Officine off.louga1,officine,Louga,normal
c7c897843bac46ea88783136c43cc2e5,MPRCTK3REBXV,reception,2026-09-25 08:07:00,14.811952,-16.923765,Officine off.thies2,officine,Thies,reutilisationIdentifiant
df8fa72f699d4835baafff5c40439ad7,EMTPS93UFRV3,dispensation,2026-09-25 08:09:00,14.69926,-17.465439,Officine off.dakar3,officine,Dakar,normal
2ebdbd457ca44a03a5ac013a4a006efd,JU25RYP8F88A,dispensation,2026-09-25 08:15:00,15.609446,-16.253098,Officine off.louga1,officine,Louga,normal
0c8ce36b497142959bac5f5cb7c601b6,Q8CZ69BHW6D3,dispensation,2026-09-25 08:27:00,15.609961,-16.251789,Officine off.louga1,officine,Louga,normal
3689fe428de342ff8a10d2fc0d5f0407,HPTDJ8B6C2JZ,dispensation,2026-09-25 08:40:52.473053,15.609018,-16.253416,Officine off.louga1,officine,Louga,normal
871d0021d0c04103a0e3a7516920ad76,JA2V5SMGX284,dispensation,2026-09-25 08:51:00,14.683352,-16.256626,Officine off.diourbel1,officine,Diourbel,normal
c0a5e7f04a3444c48961f02816e2b7df,3XYQ72CQ3FVK,dispensation,2026-09-25 09:09:00,15.610661,-16.252868,Officine off.louga1,officine,Louga,normal
6670e57381ec4042b1d50d4df405672e,C8F49EMS22SH,dispensation,2026-09-25 09:11:00,14.681918,-16.257066,Officine off.diourbel1,officine,Diourbel,normal
90f182f99a5145ae8dfa207688480ecd,KAK3C8SNEMFT,dispensation,2026-09-25 09:27:00,14.699321,-17.466112,Officine off.dakar3,officine,Dakar,normal
bdb216a305c04466a3abe1df568125fa,3332PXN649FF,dispensation,2026-09-25 09:28:00,12.590474,-16.264541,Officine off.ziguinchor1,officine,Ziguinchor,normal
df63e222c3094523b430677e6b1eb880,4HZ32F39Z5KX,dispensation,2026-09-25 09:28:00,12.589689,-16.265157,Officine off.ziguinchor1,officine,Ziguinchor,normal
2906e3a25a114ae39394f8ee7af88b46,Z8BCVWDF3HJB,dispensation,2026-09-25 10:18:50.444841,15.610051,-16.251061,Officine off.louga1,officine,Louga,normal
f9d697824ada4e09ba23ddea9eac8795,T3M5ZT25MHT9,dispensation,2026-09-25 14:57:09.699285,14.143143,-16.06472,Officine off.kaolack1,officine,Kaolack,normal
6e0ee34570e143bf9fcde159e118408f,4KD847TCZJ2H,dispensation,2026-09-25 16:25:02.449302,14.801175,-16.924275,Officine off.thies1,officine,Thies,normal
ee567daaaa9d449bac53106688466f7c,RUGYEN26PTHK,dispensation,2026-09-26 08:02:00,12.589676,-16.264407,Officine off.ziguinchor1,officine,Ziguinchor,normal
19c770f4563e43ca95713d36774347b6,7M9V7RT4P47R,dispensation,2026-09-26 08:08:00,15.609703,-16.252426,Officine off.louga1,officine,Louga,normal
d576d865d7f14cd49f76ba58c528ce69,MNYJTVDGVKMF,dispensation,2026-09-26 08:13:00,14.681019,-16.256925,Officine off.diourbel1,officine,Diourbel,normal
9db14fa9d8c449cbba04bb1ca3b870ac,36984YPRZK82,dispensation,2026-09-26 08:48:05.459422,14.704129,-17.414824,Officine off.dakar2,officine,Dakar,normal
6f4d31bb51c74988be5c8676ae7aac99,BNG5G655JCUG,dispensation,2026-09-26 08:49:00,15.610505,-16.253194,Officine off.louga1,officine,Louga,normal
2c9c04b5eb184ffb96c4fbb8be4af33d,HFUF7W2Y74R5,dispensation,2026-09-26 08:57:00,14.801272,-16.923701,Officine off.thies1,officine,Thies,normal
f04f837314db4cdc97e470312fa97232,WDYBBW7PY8MR,dispensation,2026-09-26 08:58:00,14.144623,-16.066325,Officine off.kaolack1,officine,Kaolack,normal
e7318bd21acb4728b260998da7aee2c8,NBCAH6VGW9GQ,dispensation,2026-09-26 09:04:00,15.608607,-16.251352,Officine off.louga1,officine,Louga,normal
4651c08070f644c0b5439fb053a17c2a,EJEFEYBM4KVF,dispensation,2026-09-26 09:07:00,13.754858,-13.672269,Officine off.tamba1,officine,Tambacounda,normal
938d3cf2253f49c0ab59e6dce2089e88,EPBG62DZW3JG,dispensation,2026-09-26 09:14:00,15.608923,-16.25123,Officine off.louga1,officine,Louga,normal
e8ac767394cb4036be778a1edb110116,UBNG2MGHA7VX,dispensation,2026-09-26 09:20:00,15.610008,-16.253515,Officine off.louga1,officine,Louga,normal
dadc3e2739ef4ae9873e44a8bc1e1347,ABKPG2TYVKNE,dispensation,2026-09-26 10:03:50.659147,14.160306,-16.06135,Officine off.kaolack2,officine,Kaolack,normal
d7e199b14ddd4aff9699f38c50d8e8c8,JQMUBEZS5ZQZ,dispensation,2026-09-26 10:32:00.637004,15.610883,-16.251664,Officine off.louga1,officine,Louga,normal
b5d1fc02088b4487bc13857ed6c699fe,J9UND3PSAN25,dispensation,2026-09-26 12:18:57.946186,14.161562,-16.060852,Officine off.kaolack2,officine,Kaolack,normal
2f86e7ba3b27432084834065e400f34e,95GPT87QVVT6,dispensation,2026-09-26 13:08:39.528804,15.610814,-16.251161,Officine off.louga1,officine,Louga,normal
a9989820ff23471b8866381dc3659785,Y8J659RFKW9P,dispensation,2026-09-26 14:43:53.744781,16.007154,-16.516779,Officine off.saintlouis1,officine,Saint-Louis,ruptureSequence
59dedaec127c4a10848d61bb433fa5c7,YGQHJFNXA6BV,dispensation,2026-09-26 15:02:15.531112,14.161705,-16.062159,Officine off.kaolack2,officine,Kaolack,ruptureSequence
53e699884a7444e7ba73049016902960,6BE793F2BEB4,dispensation,2026-09-26 17:19:08.405414,15.608395,-16.251954,Officine off.louga1,officine,Louga,normal
f4fa678a66b144edb1b9bd0f60c100dc,TFWFPEX7E4NQ,dispensation,2026-09-27 08:20:00,15.609071,-16.250784,Officine off.louga1,officine,Louga,normal
ace8f37d8ab746bd8ff99d17d5056c50,GY2EN4C5KHMQ,dispensation,2026-09-27 08:25:00,12.588026,-16.265228,Officine off.ziguinchor1,officine,Ziguinchor,normal
f03821bec81a4198bc9b0e97c95f16ee,YE6HADB3UGFN,dispensation,2026-09-27 08:32:00,13.755093,-13.673653,Officine off.tamba1,officine,Tambacounda,normal
0fa5300a52924938a813b09a936c3d06,P6PNMMCFAXMT,dispensation,2026-09-27 08:47:00,15.610876,-16.253342,Officine off.louga1,officine,Louga,normal
430163fc333f48ad8029de0d7a2620dc,E33DT4KC54N3,dispensation,2026-09-27 08:56:00,15.60989,-16.253197,Officine off.louga1,officine,Louga,normal
72486d2b96be4146b71fb7e4fe4b99dd,MCU6R3EM58W6,dispensation,2026-09-27 09:03:00,12.587971,-16.265109,Officine off.ziguinchor1,officine,Ziguinchor,normal
3e48a719575d464c94990635b2eef130,8VNB5VTG6YDQ,dispensation,2026-09-27 09:04:00,15.609085,-16.252546,Officine off.louga1,officine,Louga,normal
c13a0a2d0b914ee28cdcd056e27ee94e,Y5T4UJT2GG7Q,dispensation,2026-09-27 12:59:21.811146,14.813078,-16.924029,Officine off.thies2,officine,Thies,normal
59c33a0705a84a2cbfa1c7b3b997c8c2,7CRUFDYRK3GH,dispensation,2026-09-27 13:16:49.950864,14.16123,-16.061531,Officine off.kaolack2,officine,Kaolack,ruptureSequence
614901d743f643778e44982eb212dc73,PXZ3Y7VGYFA7,dispensation,2026-09-27 14:01:48.808660,14.161472,-16.06106,Officine off.kaolack2,officine,Kaolack,normal
7c482de6dc8f440f9182d7754a1be093,BNVKRMVB6WRC,dispensation,2026-09-27 15:45:10.053891,15.60955,-16.251035,Officine off.louga1,officine,Louga,normal
34ec48db46c34299bb30cf2a8e75c8b6,2GJCYEAXTNWE,dispensation,2026-09-27 16:31:30.066600,15.609084,-16.25331,Officine off.louga1,officine,Louga,normal
026a0db1e3cb424497a086f98903661a,6GYWAKRCUV3W,dispensation,2026-09-27 16:33:49.637234,14.802377,-16.92572,Officine off.thies1,officine,Thies,normal
9cb71a6b16a249b6abab6c4af5f7f58d,4RXGECUVCTA8,dispensation,2026-09-27 16:55:30.841279,14.682502,-16.256603,Officine off.diourbel1,officine,Diourbel,normal
349c2788ea124ced84ea92a2c0b6563d,MTWJUZNN8CNP,dispensation,2026-09-27 18:02:23.655905,14.70363,-17.413617,Officine off.dakar2,officine,Dakar,normal
3a8816b394d84f75b2ae76825ce078d0,R5VZQKQ9N3C6,dispensation,2026-09-28 08:03:00,12.588866,-16.266005,Officine off.ziguinchor1,officine,Ziguinchor,normal
214c7f5e41ef442494f95d86d49ece69,KRMUP47FHWHY,dispensation,2026-09-28 08:09:00,15.608221,-16.250852,Officine off.louga1,officine,Louga,normal
9c2fa9a9a7924cccb968a4e16ebf7f25,BG24PXFCUD84,dispensation,2026-09-28 08:39:00,14.812663,-16.925015,Officine off.thies2,officine,Thies,normal
d4c94fb3919e4b609e77da96bc1ea37e,UBJVS4TUYRMH,dispensation,2026-09-28 08:45:00,15.610897,-16.253364,Officine off.louga1,officine,Louga,normal
803e1dabdc984a1b883d984bb4f5946e,CCK2TYRZN8NN,dispensation,2026-09-28 08:46:13.848382,14.702263,-17.439046,Officine off.dakar1,officine,Dakar,normal
d54d8f700fe74d7e9d3cf19b47185090,HGU3HANKR4K2,dispensation,2026-09-28 08:50:00,14.697449,-17.464883,Officine off.dakar3,officine,Dakar,normal
45d9c8ea699849ecac098cadfdf8ffe8,PP26KNUT625U,dispensation,2026-09-28 12:03:19.233036,14.803586,-16.925018,Officine off.thies1,officine,Thies,normal
cfd59f7e3d4c4b21ba6253fb93711f24,QWKXANH8UQXM,dispensation,2026-09-28 12:49:26.786719,15.608391,-16.251973,Officine off.louga1,officine,Louga,normal
832a152265df4114b405967a6bcabcfa,QBJ6FMNBE4DH,dispensation,2026-09-28 14:34:21.486053,15.610588,-16.251586,Officine off.louga1,officine,Louga,normal
04837e8916dd4d8f9641d36a5d4e3f39,HYZRF2CPRQYQ,dispensation,2026-09-28 16:06:05.304385,15.609201,-16.250637,Officine off.louga1,officine,Louga,normal
3a965b25af6c4c5b972fbadc903bf436,AVJ8JU5R4RP9,dispensation,2026-09-29 08:02:00,15.609402,-16.253365,Officine off.louga1,officine,Louga,normal
ea7b8622963f490a8364748f7eb8a1a6,7NNN8PMH3E9P,dispensation,2026-09-29 08:08:00,15.609474,-16.253108,Officine off.louga1,officine,Louga,normal
80e4ad1a3715482fbac750be013420d3,J2GVJMAJ57XQ,dispensation,2026-09-29 08:15:00,15.610073,-16.252454,Officine off.louga1,officine,Louga,normal
e054045cf36a44319980f5f9cf4a99d7,A5NV8E8XBXHC,dispensation,2026-09-29 08:17:00,13.755639,-13.673636,Officine off.tamba1,officine,Tambacounda,normal
bcbdd85318a545c0ad996321b3634e03,K4FFER3HSDDY,dispensation,2026-09-29 08:23:00,16.007659,-16.517694,Officine off.saintlouis1,officine,Saint-Louis,normal
804d73858a80402292db1cbff9862415,E9ZCYYEY6QS6,dispensation,2026-09-29 08:27:00,14.68101,-16.256732,Officine off.diourbel1,officine,Diourbel,normal
a3ebf92eaf9e4eb9bda608a08cdd2921,T2STYP9M6Z7F,dispensation,2026-09-29 09:25:00,14.802715,-16.925259,Officine off.thies1,officine,Thies,normal
e97e5e766bbe4fd581a4b493aee2d8d5,F83X36YG8E8R,dispensation,2026-09-29 09:35:08.308616,15.608596,-16.253391,Officine off.louga1,officine,Louga,normal
0be149e5641043dba722e20cb6562e6e,QEHP4JDD4EFN,dispensation,2026-09-29 11:11:17.109084,15.60906,-16.253065,Officine off.louga1,officine,Louga,normal
ca1addb224c140c9bcb96c7b657c5f40,CWY2SJZZ98BP,dispensation,2026-09-29 11:30:51.816447,16.007052,-16.517561,Officine off.saintlouis1,officine,Saint-Louis,normal
ce8538e55f65423a92b81c877d120658,HW6Z6Y6ZKWS5,dispensation,2026-09-29 14:21:58.945814,14.161449,-16.061243,Officine off.kaolack2,officine,Kaolack,normal
a9d547fdea8141a8a6b15fd2766f4f2d,3ZPEKMKKSZHR,dispensation,2026-09-29 16:45:38.212585,13.753396,-13.67323,Officine off.tamba1,officine,Tambacounda,normal
eba35962340544cdafa7bdb5a6702332,UYQYW5ENSVCP,dispensation,2026-09-29 16:57:13.578754,15.608565,-16.252785,Officine off.louga1,officine,Louga,normal
43e24425769c4f54b5848eaa3e74c309,UCEDUT79S22J,dispensation,2026-09-29 17:46:46.614384,12.588305,-16.265895,Officine off.ziguinchor1,officine,Ziguinchor,normal
42c4fb06f77e4f7e9857207af8d90da6,SRYFP2AFFBEU,dispensation,2026-09-30 08:03:00,14.683571,-16.255737,Officine off.diourbel1,officine,Diourbel,normal
a0c908a568af40a99659134039cb728e,NPWXE6KXDY89,dispensation,2026-09-30 08:04:00,14.703739,-17.413077,Officine off.dakar2,officine,Dakar,normal
bf6b9a0741204fceb46309e3ce0dd2b4,WS7MECA7T63V,dispensation,2026-09-30 08:21:00,14.161046,-16.063013,Officine off.kaolack2,officine,Kaolack,normal
1b099ac68dad43daa4f94183dbaf559c,NK4368G93MRP,dispensation,2026-09-30 08:24:00,13.755555,-13.672863,Officine off.tamba1,officine,Tambacounda,normal
89e1012fe20c41c1856a48117a885683,3VKTZFRNT7A6,dispensation,2026-09-30 08:31:00,14.160893,-16.062289,Officine off.kaolack2,officine,Kaolack,normal
f84b4015ee9c4dacb20da7c541fab4b0,VN6KTD5AUDYG,dispensation,2026-09-30 08:57:00,14.702769,-17.437725,Officine off.dakar1,officine,Dakar,normal
c39de306836d495f9acb0dc6a8435430,U5CJ3H26Z2BH,dispensation,2026-09-30 08:57:00,14.801757,-16.923297,Officine off.thies1,officine,Thies,normal
1bfa224386244647bd39b6a615f16cd1,JCGBQGUU8UDY,dispensation,2026-09-30 09:07:00,14.16121,-16.061639,Officine off.kaolack2,officine,Kaolack,normal
e8333cfe0fbb44c7b5c2d660ed488a88,ARVAUTGXB8CU,dispensation,2026-09-30 09:09:00,14.703686,-17.414091,Officine off.dakar2,officine,Dakar,normal
e9c0bf71f33c44058562fb891611d205,R62RD4G7CBTJ,dispensation,2026-09-30 09:25:00,13.75448,-13.673924,Officine off.tamba1,officine,Tambacounda,normal
72ae8c07ccef45d68db3d6848b291295,AJYWT3H58VPM,dispensation,2026-09-30 09:28:00,14.703924,-17.415138,Officine off.dakar2,officine,Dakar,normal
04a3d8f17e9e41b3a8f8c494a9d250cb,DFHHE9PDGGAR,dispensation,2026-09-30 14:15:53.357022,15.609958,-16.251562,Officine off.louga1,officine,Louga,normal
a04d61526fa74d68a4ab3dff5065e826,ASGGE2U2J7MH,dispensation,2026-09-30 15:00:23.114495,15.608065,-16.252841,Officine off.louga1,officine,Louga,normal
719e102716c64bfa9489d58310fa3589,Q6KEB77F376G,dispensation,2026-09-30 16:00:18.066517,14.683291,-16.255524,Officine off.diourbel1,officine,Diourbel,normal
f802517bf258436e9bfc488eb0b72ed9,UHAXUFQWWSRB,dispensation,2026-09-30 16:21:23.975371,15.608466,-16.250951,Officine off.louga1,officine,Louga,normal
307d9f96d9f449949f5fea250fb973c6,Y93AMPRXYRUZ,dispensation,2026-09-30 17:10:32.057900,15.610701,-16.253175,Officine off.louga1,officine,Louga,normal
2bf3c9166b12406b9f9a05fa17b2adc8,E2J2GRVWWXNJ,dispensation,2026-10-01 08:53:00,15.608393,-16.25259,Officine off.louga1,officine,Louga,normal
3cb9e3c42f9b45dc8b504f244dcc738c,KX3GMUVXJC8B,dispensation,2026-10-01 09:05:00,14.683133,-16.257099,Officine off.diourbel1,officine,Diourbel,normal
26b11291e9dc4d4e96b2af5345eb93fe,45XKREDHY3XH,dispensation,2026-10-01 09:23:00,12.588184,-16.264464,Officine off.ziguinchor1,officine,Ziguinchor,normal
d9787e225fce4c51aa68f9e5b499edc2,BUKR4X4W2NYD,dispensation,2026-10-01 14:03:49.544055,14.681866,-16.255115,Officine off.diourbel1,officine,Diourbel,normal
61daaba4bb164740bbadf35988ca1e66,6S5HWZFXPBB7,dispensation,2026-10-01 14:55:17.392686,14.696931,-17.46528,Officine off.dakar3,officine,Dakar,normal
3f6f071a672b4173b842d1d2cd1e3857,CSR3HY4MU26T,dispensation,2026-10-02 08:07:00,15.610835,-16.251572,Officine off.louga1,officine,Louga,normal
394caa0669744fd6abfa86102a49cfbc,DBB24ETMEY4D,dispensation,2026-10-02 08:12:00,15.608881,-16.252876,Officine off.louga1,officine,Louga,normal
bfbd9467f1894c52bb5730dd2429898f,CQFYFSMD2GGR,dispensation,2026-10-02 08:19:00,14.802762,-16.924105,Officine off.thies1,officine,Thies,normal
936c3257f327480582a34dabfbc3cf9d,YPUVP7BGHMR9,dispensation,2026-10-02 08:26:00,16.006495,-16.516301,Officine off.saintlouis1,officine,Saint-Louis,normal
f36bc4a9722e4898859d69e830936dca,Y7X3NRB8852X,dispensation,2026-10-02 08:32:00,14.70095,-17.438153,Officine off.dakar1,officine,Dakar,normal
cb7188b3ca004ba5b2aad52dd1aeed63,THYK7QYUDKW5,dispensation,2026-10-02 08:33:00,15.608318,-16.25235,Officine off.louga1,officine,Louga,normal
5d7c8edf31344a78bfd789e65432de68,CP7MDBUBBP4R,dispensation,2026-10-02 08:37:00,15.610941,-16.25255,Officine off.louga1,officine,Louga,normal
981dfabe75834365a3073758dc6dd523,86ETM9A8UU9B,dispensation,2026-10-02 08:47:00,15.608642,-16.2511,Officine off.louga1,officine,Louga,normal
981879492b8b41f1b1154d6a7c94ae46,UGX52KDF6RP4,dispensation,2026-10-02 09:09:33.373651,15.61028,-16.251635,Officine off.louga1,officine,Louga,normal
9a72a4c9acc0499ea105363ccfb30a4b,78CH5GHDD4DG,dispensation,2026-10-02 09:10:00,12.588485,-16.26539,Officine off.ziguinchor1,officine,Ziguinchor,normal
fdfe3246f54c43b686f9479c46da83d9,AAS8Q9WE7CWU,dispensation,2026-10-02 09:10:33.451839,13.755525,-13.673502,Officine off.tamba1,officine,Tambacounda,normal
df39971576514143b63ed400856ceff8,KGHYYE4EC54Y,dispensation,2026-10-02 09:15:00,15.609292,-16.251131,Officine off.louga1,officine,Louga,normal
c472f33b63ab498ba0e1244dbb60d249,Y9MYCHMSVW4G,dispensation,2026-10-02 09:15:00,15.610207,-16.252231,Officine off.louga1,officine,Louga,normal
e8c12748dd37482e9ca34b5a87a53943,AFERVM9FP2AR,dispensation,2026-10-02 11:54:40.735447,13.754918,-13.673471,Officine off.tamba1,officine,Tambacounda,normal
b8e5ceecb825444683f190879c8a97a8,V8TWCPAAD5FH,dispensation,2026-10-02 14:16:58.020110,15.610205,-16.252351,Officine off.louga1,officine,Louga,normal
fdc70e50e10b45b292633d8a9ac1244f,C4J32EPD9J2P,dispensation,2026-10-02 14:23:35.224032,15.608164,-16.251472,Officine off.louga1,officine,Louga,normal
15bbce3d86f34fb8a39c9bb2acac41f0,U9MT8EDQRVWT,dispensation,2026-10-02 15:57:27.439572,15.609263,-16.252521,Officine off.louga1,officine,Louga,normal
4aa457284604472eacc444f45a26989d,KRF7Y2JE8PXZ,dispensation,2026-10-02 16:13:20.677264,15.608999,-16.252132,Officine off.louga1,officine,Louga,normal
cc261ab734cd47d8adfc3e05a2695d96,TUSFHUKV4WR5,dispensation,2026-10-02 16:23:36.384889,12.589127,-16.265711,Officine off.ziguinchor1,officine,Ziguinchor,normal
92de64c335184c98abd9bd9b30d42f28,78JZQJZDVW4V,dispensation,2026-10-02 18:16:57.149722,15.609028,-16.253558,Officine off.louga1,officine,Louga,normal
5ef7a0b645ae4ba48f9da163b6c87f33,DHDVKAN4ZAK7,dispensation,2026-10-03 08:04:00,13.754742,-13.672541,Officine off.tamba1,officine,Tambacounda,normal
a5210b1771394396b11613acfabb4f2b,7Z54H265CFHH,dispensation,2026-10-03 08:04:00,15.610132,-16.252279,Officine off.louga1,officine,Louga,normal
5f324b91bd2a47eb9dac6d87d7a47d51,82CS3XQJZRHU,dispensation,2026-10-03 08:05:00,15.609637,-16.251731,Officine off.louga1,officine,Louga,normal
ffa063d65b7f4d9caed4f9da11afe588,SQC76TMH2DAN,dispensation,2026-10-03 08:38:00,15.609356,-16.252744,Officine off.louga1,officine,Louga,normal
4064ec80a3a94a8594abcd75ac84ae6a,WJMG37VFHE9U,dispensation,2026-10-03 08:39:00,14.803707,-16.925507,Officine off.thies1,officine,Thies,normal
dad4996958ba417785c0f50191abceb1,74BPCD2WNTJB,dispensation,2026-10-03 08:39:00,15.607991,-16.2529,Officine off.louga1,officine,Louga,normal
efadd8d51a8542bba81fb74fffe41332,GQ7TUR52CG4X,dispensation,2026-10-03 08:51:00,15.609089,-16.251158,Officine off.louga1,officine,Louga,normal
9b8378d2b02e4c1591b2bbaa4b6c80f7,W2HD6YYH358V,dispensation,2026-10-03 08:56:00,15.609835,-16.253469,Officine off.louga1,officine,Louga,normal
0e1f8b2ee81b4fa3949ffb14027aaf25,92C5B72MSP8Y,reception,2026-10-03 09:02:44.532098,14.144161,-16.065971,Officine off.kaolack1,officine,Kaolack,reutilisationIdentifiant
4441ad69a9214e87a499e28eed45a00a,4HAAKFGCSK4R,dispensation,2026-10-03 09:13:00,12.588399,-16.264726,Officine off.ziguinchor1,officine,Ziguinchor,normal
eb6d994399a24841b44dbd998328de22,75W3EHUPS5BK,dispensation,2026-10-03 09:14:00,15.609069,-16.251377,Officine off.louga1,officine,Louga,normal
1adc6942414b490aaa9ba4494e22768c,BS2J743GDKXX,dispensation,2026-10-03 16:37:30.014902,14.683513,-16.25654,Officine off.diourbel1,officine,Diourbel,normal
ab6e392de3564db7bad7825eb8a5edab,2579SPCSBE96,dispensation,2026-10-04 08:13:00,16.007036,-16.516984,Officine off.saintlouis1,officine,Saint-Louis,normal
97891b3a1e8b47958bc0f6fc26c73603,3S482C3ZY7KM,dispensation,2026-10-04 08:39:00,15.608663,-16.252718,Officine off.louga1,officine,Louga,normal
f550178caaa84e9bb01fb0cc44dea464,27EX853V5TUT,dispensation,2026-10-04 08:47:00,15.609304,-16.252438,Officine off.louga1,officine,Louga,normal
329b0b692a174e408b3febab308d9e7e,MDHK4J6VYBSW,dispensation,2026-10-04 08:49:00,14.681025,-16.256526,Officine off.diourbel1,officine,Diourbel,normal
06e3bbe97694473b9e5c588fb0dd550a,VVAF9HRS3VY9,dispensation,2026-10-04 09:15:00,15.610306,-16.251114,Officine off.louga1,officine,Louga,normal
0574f28dc101441680292ccd87511cd7,2KWGQNEAE9NH,dispensation,2026-10-04 09:17:00,14.144539,-16.065086,Officine off.kaolack1,officine,Kaolack,normal
ae13f07cf0b749f6892783b6ada7c0dd,8S9M3Q4MSDW8,dispensation,2026-10-04 09:20:00,12.588599,-16.264287,Officine off.ziguinchor1,officine,Ziguinchor,normal
7b373c871ef94e978701d3e2f715cc2e,PZK2CZUGYPRG,dispensation,2026-10-04 09:26:00,14.682994,-16.25489,Officine off.diourbel1,officine,Diourbel,normal
0080983c60074d38a6d64b232bd15b92,5GHH9EMGCGY6,dispensation,2026-10-04 10:16:31.846683,14.682012,-16.256089,Officine off.diourbel1,officine,Diourbel,normal
6446dc0fb1a24270a3c930497ef97e29,GUHNB9PKHBFR,dispensation,2026-10-04 14:24:13.701450,15.608968,-16.252676,Officine off.louga1,officine,Louga,normal
b9d8ab021e744a4c8d79b4849aac5403,229APBB3U3HE,dispensation,2026-10-04 17:33:31.510200,14.682905,-16.255115,Officine off.diourbel1,officine,Diourbel,normal
9b9f4a9726324fb0addd6084e03e5c8d,2T74J44TEKH6,dispensation,2026-10-05 08:04:00,14.683895,-16.256558,Officine off.diourbel1,officine,Diourbel,normal
9f7540cf73a24f08af9665e5742de2b4,Y5T4UJT2GG7Q,reception,2026-10-05 08:06:00,14.681722,-16.255462,Officine off.diourbel1,officine,Diourbel,reutilisationIdentifiant
ed09376451cb466d8c9bf655a108258a,MS3RJA5WVQ9Q,dispensation,2026-10-05 08:19:00,16.006906,-16.515777,Officine off.saintlouis1,officine,Saint-Louis,normal
5b69f9ca694746648ef2b293675880b9,HCWD6ZNY9WHA,dispensation,2026-10-05 08:23:00,15.610207,-16.252463,Officine off.louga1,officine,Louga,normal
17e360a243404e0fa7a5649bbc40fe48,8M7TD7UNEC6D,dispensation,2026-10-05 08:27:00,15.609753,-16.252714,Officine off.louga1,officine,Louga,normal
d91ec95939ff41199e3e83f256e5a7ad,AQBEMZXUB293,dispensation,2026-10-05 08:28:00,15.608886,-16.251527,Officine off.louga1,officine,Louga,normal
aa5ab6149b76405caa23083555cd71a9,9ZB73K22USGN,dispensation,2026-10-05 08:35:00,15.608335,-16.252165,Officine off.louga1,officine,Louga,normal
dd6289af7bde46ceab73a4083dfb61b3,6YM9FXSBA7QB,dispensation,2026-10-05 09:17:00,16.007621,-16.515743,Officine off.saintlouis1,officine,Saint-Louis,normal
90821c5eead846318ffaeba956236cf1,ZTY3S6MK9C3K,dispensation,2026-10-05 09:27:00,14.142831,-16.0663,Officine off.kaolack1,officine,Kaolack,normal
aae28a1f399c41c2b6827a6d657b3bed,PXZ3Y7VGYFA7,reception,2026-10-05 10:46:44.742223,14.699471,-17.464664,Officine off.dakar3,officine,Dakar,reutilisationIdentifiant
9d6122cb70974a4b908f182eb4831244,QJ32P5GRDR6S,dispensation,2026-10-05 10:58:50.055393,14.812405,-16.923754,Officine off.thies2,officine,Thies,normal
2d36acd26c39421997613a4a145dfe25,SWTG74DXJ34Z,dispensation,2026-10-05 17:04:08.073333,15.608463,-16.251414,Officine off.louga1,officine,Louga,normal
