fichier,numeroSerie,contenuAttendu,produit,gtin,lot,source,degradation,niveau,x,y,largeur,hauteur,largeurImage,hauteurImage,parametre
propres/24P7NWVJQSYX.png,24P7NWVJQSYX,(01)03760000001038(17)280630(10)JD-003(21)24P7NWVJQSYX,Ibuprofene 400 mg,03760000001038,JD-003,synthetique,aucune,0,127,175,303,144,800,600,
propres/273ZQTW7PBNS.png,273ZQTW7PBNS,(01)03760000001021(17)280630(10)JD-002(21)273ZQTW7PBNS,Amoxicilline 500 mg,03760000001021,JD-002,synthetique,aucune,0,207,282,277,131,800,600,
propres/44VBUM847WY8.png,44VBUM847WY8,(01)03760000001021(17)280630(10)JD-002(21)44VBUM847WY8,Amoxicilline 500 mg,03760000001021,JD-002,synthetique,aucune,0,234,345,209,99,800,600,
propres/47Z4RKFRXWGN.png,47Z4RKFRXWGN,(01)03760000001038(17)280630(10)JD-003(21)47Z4RKFRXWGN,Ibuprofene 400 mg,03760000001038,JD-003,synthetique,aucune,0,424,372,242,115,800,600,
propres/4PYHFWDCS98N.png,4PYHFWDCS98N,(01)03760000001045(17)280630(10)JD-004(21)4PYHFWDCS98N,Metformine 850 mg,03760000001045,JD-004,synthetique,aucune,0,418,340,285,135,800,600,
propres/4ZUG8PC7F2DQ.png,4ZUG8PC7F2DQ,(01)03760000001038(17)280630(10)JD-003(21)4ZUG8PC7F2DQ,Ibuprofene 400 mg,03760000001038,JD-003,synthetique,aucune,0,454,267,221,221,800,600,
propres/54JRS6SF2HM2.png,54JRS6SF2HM2,(01)03760000001021(17)280630(10)JD-002(21)54JRS6SF2HM2,Amoxicilline 500 mg,03760000001021,JD-002,synthetique,aucune,0,200,214,211,100,800,600,
propres/59F6Q6UDCNZJ.png,59F6Q6UDCNZJ,(01)03760000001038(17)280630(10)JD-003(21)59F6Q6UDCNZJ,Ibuprofene 400 mg,03760000001038,JD-003,synthetique,aucune,0,324,373,317,150,800,600,
propres/5DSN8SK9VW9C.png,5DSN8SK9VW9C,(01)03760000001014(17)280630(10)JD-001(21)5DSN8SK9VW9C,Paracetamol 500 mg,03760000001014,JD-001,synthetique,aucune,0,344,252,234,234,800,600,
propres/5K647N99HV29.png,5K647N99HV29,(01)03760000001021(17)280630(10)JD-002(21)5K647N99HV29,Amoxicilline 500 mg,03760000001021,JD-002,synthetique,aucune,0,106,211,291,291,800,600,
propres/5SDT2XUTBUTJ.png,5SDT2XUTBUTJ,(01)03760000001045(17)280630(10)JD-004(21)5SDT2XUTBUTJ,Metformine 850 mg,03760000001045,JD-004,synthetique,aucune,0,393,231,277,277,800,600,
propres/5WST9SDRBM7H.png,5WST9SDRBM7H,(01)03760000001014(17)280630(10)JD-001(21)5WST9SDRBM7H,Paracetamol 500 mg,03760000001014,JD-001,synthetique,aucune,0,256,209,254,254,800,600,
propres/62XE5E9T8WS3.png,62XE5E9T8WS3,(01)03760000001038(17)280630(10)JD-003(21)62XE5E9T8WS3,Ibuprofene 400 mg,03760000001038,JD-003,synthetique,aucune,0,188,209,219,104,800,600,
propres/67B85JRMC752.png,67B85JRMC752,(01)03760000001021(17)280630(10)JD-002(21)67B85JRMC752,Amoxicilline 500 mg,03760000001021,JD-002,synthetique,aucune,0,447,245,227,227,800,600,
propres/6FFVWQE9FPF4.png,6FFVWQE9FPF4,(01)03760000001014(17)280630(10)JD-001(21)6FFVWQE9FPF4,Paracetamol 500 mg,03760000001014,JD-001,synthetique,aucune,0,262,213,211,211,800,600,
propres/6M39XNCN9CBX.png,6M39XNCN9CBX,(01)03760000001014(17)280630(10)JD-001(21)6M39XNCN9CBX,Paracetamol 500 mg,03760000001014,JD-001,synthetique,aucune,0,392,171,280,280,800,600,
propres/6PJS7JW9JXZ3.png,6PJS7JW9JXZ3,(01)03760000001045(17)280630(10)JD-004(21)6PJS7JW9JXZ3,Metformine 850 mg,03760000001045,JD-004,synthetique,aucune,0,250,283,256,256,800,600,
propres/6SA8B95VKUSZ.png,6SA8B95VKUSZ,(01)03760000001038(17)280630(10)JD-003(21)6SA8B95VKUSZ,Ibuprofene 400 mg,03760000001038,JD-003,synthetique,aucune,0,132,194,244,244,800,600,
propres/7286S9BXWRUA.png,7286S9BXWRUA,(01)03760000001021(17)280630(10)JD-002(21)7286S9BXWRUA,Amoxicilline 500 mg,03760000001021,JD-002,synthetique,aucune,0,312,207,257,257,800,600,
propres/7348WR7PD5RW.png,7348WR7PD5RW,(01)03760000001021(17)280630(10)JD-002(21)7348WR7PD5RW,Amoxicilline 500 mg,03760000001021,JD-002,synthetique,aucune,0,344,205,252,252,800,600,
propres/7DA7QD4PBY7W.png,7DA7QD4PBY7W,(01)03760000001014(17)280630(10)JD-001(21)7DA7QD4PBY7W,Paracetamol 500 mg,03760000001014,JD-001,synthetique,aucune,0,136,221,316,316,800,600,
propres/7WDEGGKNADCF.png,7WDEGGKNADCF,(01)03760000001021(17)280630(10)JD-002(21)7WDEGGKNADCF,Amoxicilline 500 mg,03760000001021,JD-002,synthetique,aucune,0,419,222,305,305,800,600,
propres/7WJ3T5YX683X.png,7WJ3T5YX683X,(01)03760000001014(17)280630(10)JD-001(21)7WJ3T5YX683X,Paracetamol 500 mg,03760000001014,JD-001,synthetique,aucune,0,313,220,263,125,800,600,
propres/87Q4GGZ9PC34.png,87Q4GGZ9PC34,(01)03760000001014(17)280630(10)JD-001(21)87Q4GGZ9PC34,Paracetamol 500 mg,03760000001014,JD-001,synthetique,aucune,0,263,293,241,241,800,600,
propres/9FWWBGMGJEDJ.png,9FWWBGMGJEDJ,(01)03760000001038(17)280630(10)JD-003(21)9FWWBGMGJEDJ,Ibuprofene 400 mg,03760000001038,JD-003,synthetique,aucune,0,276,214,296,296,800,600,
propres/9RFVUR2XJUG7.png,9RFVUR2XJUG7,(01)03760000001038(17)280630(10)JD-003(21)9RFVUR2XJUG7,Ibuprofene 400 mg,03760000001038,JD-003,synthetique,aucune,0,239,277,252,252,800,600,
propres/9SDKR85UG4YX.png,9SDKR85UG4YX,(01)03760000001038(17)280630(10)JD-003(21)9SDKR85UG4YX,Ibuprofene 400 mg,03760000001038,JD-003,synthetique,aucune,0,213,239,200,200,800,600,
propres/A4WV3V7CNZF5.png,A4WV3V7CNZF5,(01)03760000001021(17)280630(10)JD-002(21)A4WV3V7CNZF5,Amoxicilline 500 mg,03760000001021,JD-002,synthetique,aucune,0,223,197,284,284,800,600,
propres/AX9DY6DWCU6A.png,AX9DY6DWCU6A,(01)03760000001045(17)280630(10)JD-004(21)AX9DY6DWCU6A,Metformine 850 mg,03760000001045,JD-004,synthetique,aucune,0,183,187,209,209,800,600,
propres/B22BUXF7NPSD.png,B22BUXF7NPSD,(01)03760000001021(17)280630(10)JD-002(21)B22BUXF7NPSD,Amoxicilline 500 mg,03760000001021,JD-002,synthetique,aucune,0,229,223,284,135,800,600,
propres/B45TWQRYGWZ3.png,B45TWQRYGWZ3,(01)03760000001014(17)280630(10)JD-001(21)B45TWQRYGWZ3,Paracetamol 500 mg,03760000001014,JD-001,synthetique,aucune,0,265,285,265,126,800,600,
propres/BSZAJXR9ZP6M.png,BSZAJXR9ZP6M,(01)03760000001014(17)280630(10)JD-001(21)BSZAJXR9ZP6M,Paracetamol 500 mg,03760000001014,JD-001,synthetique,aucune,0,317,189,270,270,800,600,
propres/BYMVU78WJK4N.png,BYMVU78WJK4N,(01)03760000001045(17)280630(10)JD-004(21)BYMVU78WJK4N,Metformine 850 mg,03760000001045,JD-004,synthetique,aucune,0,398,318,218,218,800,600,
propres/CAU4D9NCJGDS.png,CAU4D9NCJGDS,(01)03760000001038(17)280630(10)JD-003(21)CAU4D9NCJGDS,Ibuprofene 400 mg,03760000001038,JD-003,synthetique,aucune,0,247,235,266,266,800,600,
propres/CBV4W4999GA2.png,CBV4W4999GA2,(01)03760000001038(17)280630(10)JD-003(21)CBV4W4999GA2,Ibuprofene 400 mg,03760000001038,JD-003,synthetique,aucune,0,237,268,204,97,800,600,
propres/CCCVXFKDCGKN.png,CCCVXFKDCGKN,(01)03760000001038(17)280630(10)JD-003(21)CCCVXFKDCGKN,Ibuprofene 400 mg,03760000001038,JD-003,synthetique,aucune,0,380,229,250,250,800,600,
propres/CFJKTJ93C33J.png,CFJKTJ93C33J,(01)03760000001045(17)280630(10)JD-004(21)CFJKTJ93C33J,Metformine 850 mg,03760000001045,JD-004,synthetique,aucune,0,237,177,303,144,800,600,
propres/CXGGG6QJ4HP8.png,CXGGG6QJ4HP8,(01)03760000001021(17)280630(10)JD-002(21)CXGGG6QJ4HP8,Amoxicilline 500 mg,03760000001021,JD-002,synthetique,aucune,0,379,221,281,281,800,600,
propres/DDTC76YYH86B.png,DDTC76YYH86B,(01)03760000001014(17)280630(10)JD-001(21)DDTC76YYH86B,Paracetamol 500 mg,03760000001014,JD-001,synthetique,aucune,0,213,347,313,148,800,600,
propres/DUYA58ATYFNA.png,DUYA58ATYFNA,(01)03760000001045(17)280630(10)JD-004(21)DUYA58ATYFNA,Metformine 850 mg,03760000001045,JD-004,synthetique,aucune,0,78,305,200,200,800,600,
propres/DVY9Y3D5Y9H9.png,DVY9Y3D5Y9H9,(01)03760000001045(17)280630(10)JD-004(21)DVY9Y3D5Y9H9,Metformine 850 mg,03760000001045,JD-004,synthetique,aucune,0,255,219,305,305,800,600,
propres/E2VC7KN5WYSE.png,E2VC7KN5WYSE,(01)03760000001038(17)280630(10)JD-003(21)E2VC7KN5WYSE,Ibuprofene 400 mg,03760000001038,JD-003,synthetique,aucune,0,381,235,239,239,800,600,
propres/FJYM8CXPNDN3.png,FJYM8CXPNDN3,(01)03760000001038(17)280630(10)JD-003(21)FJYM8CXPNDN3,Ibuprofene 400 mg,03760000001038,JD-003,synthetique,aucune,0,101,193,236,236,800,600,
propres/GAZSGFJYV4R9.png,GAZSGFJYV4R9,(01)03760000001021(17)280630(10)JD-002(21)GAZSGFJYV4R9,Amoxicilline 500 mg,03760000001021,JD-002,synthetique,aucune,0,225,231,309,309,800,600,
propres/GEWG4F7P34C2.png,GEWG4F7P34C2,(01)03760000001045(17)280630(10)JD-004(21)GEWG4F7P34C2,Metformine 850 mg,03760000001045,JD-004,synthetique,aucune,0,85,203,242,242,800,600,
propres/GG6NW7WVPK8U.png,GG6NW7WVPK8U,(01)03760000001038(17)280630(10)JD-003(21)GG6NW7WVPK8U,Ibuprofene 400 mg,03760000001038,JD-003,synthetique,aucune,0,367,263,243,243,800,600,
propres/GK6AUJ3FNB2A.png,GK6AUJ3FNB2A,(01)03760000001014(17)280630(10)JD-001(21)GK6AUJ3FNB2A,Paracetamol 500 mg,03760000001014,JD-001,synthetique,aucune,0,183,201,289,289,800,600,
propres/GN53K2KR29EQ.png,GN53K2KR29EQ,(01)03760000001014(17)280630(10)JD-001(21)GN53K2KR29EQ,Paracetamol 500 mg,03760000001014,JD-001,synthetique,aucune,0,310,271,268,127,800,600,
propres/GNJP32BC6A27.png,GNJP32BC6A27,(01)03760000001014(17)280630(10)JD-001(21)GNJP32BC6A27,Paracetamol 500 mg,03760000001014,JD-001,synthetique,aucune,0,414,308,223,106,800,600,
propres/GSG77HV5P9YC.png,GSG77HV5P9YC,(01)03760000001014(17)280630(10)JD-001(21)GSG77HV5P9YC,Paracetamol 500 mg,03760000001014,JD-001,synthetique,aucune,0,406,219,315,315,800,600,
propres/GZEVRQX6C53B.png,GZEVRQX6C53B,(01)03760000001038(17)280630(10)JD-003(21)GZEVRQX6C53B,Ibuprofene 400 mg,03760000001038,JD-003,synthetique,aucune,0,286,235,316,150,800,600,
propres/H5GSTVP6AHZJ.png,H5GSTVP6AHZJ,(01)03760000001021(17)280630(10)JD-002(21)H5GSTVP6AHZJ,Amoxicilline 500 mg,03760000001021,JD-002,synthetique,aucune,0,108,313,219,219,800,600,
propres/H96SG6WPHHGF.png,H96SG6WPHHGF,(01)03760000001038(17)280630(10)JD-003(21)H96SG6WPHHGF,Ibuprofene 400 mg,03760000001038,JD-003,synthetique,aucune,0,70,179,232,110,800,600,
propres/HM2DT6QHGQTG.png,HM2DT6QHGQTG,(01)03760000001021(17)280630(10)JD-002(21)HM2DT6QHGQTG,Amoxicilline 500 mg,03760000001021,JD-002,synthetique,aucune,0,495,208,236,236,800,600,
propres/HX57EJ35CSE2.png,HX57EJ35CSE2,(01)03760000001021(17)280630(10)JD-002(21)HX57EJ35CSE2,Amoxicilline 500 mg,03760000001021,JD-002,synthetique,aucune,0,375,186,212,100,800,600,
propres/J65EVVKE9M8G.png,J65EVVKE9M8G,(01)03760000001014(17)280630(10)JD-001(21)J65EVVKE9M8G,Paracetamol 500 mg,03760000001014,JD-001,synthetique,aucune,0,96,193,258,122,800,600,
propres/J67PB2DDCXDR.png,J67PB2DDCXDR,(01)03760000001045(17)280630(10)JD-004(21)J67PB2DDCXDR,Metformine 850 mg,03760000001045,JD-004,synthetique,aucune,0,65,387,243,115,800,600,
propres/JAWD8EZPEMPH.png,JAWD8EZPEMPH,(01)03760000001021(17)280630(10)JD-002(21)JAWD8EZPEMPH,Amoxicilline 500 mg,03760000001021,JD-002,synthetique,aucune,0,440,218,273,273,800,600,
propres/JKVH5WPWFPFA.png,JKVH5WPWFPFA,(01)03760000001014(17)280630(10)JD-001(21)JKVH5WPWFPFA,Paracetamol 500 mg,03760000001014,JD-001,synthetique,aucune,0,308,218,267,267,800,600,
propres/JWN3KT2TG4ZE.png,JWN3KT2TG4ZE,(01)03760000001021(17)280630(10)JD-002(21)JWN3KT2TG4ZE,Amoxicilline 500 mg,03760000001021,JD-002,synthetique,aucune,0,296,261,268,268,800,600,
propres/JWYR4HHMJYST.png,JWYR4HHMJYST,(01)03760000001014(17)280630(10)JD-001(21)JWYR4HHMJYST,Paracetamol 500 mg,03760000001014,JD-001,synthetique,aucune,0,468,193,236,236,800,600,
propres/K5E268PN66YY.png,K5E268PN66YY,(01)03760000001038(17)280630(10)JD-003(21)K5E268PN66YY,Ibuprofene 400 mg,03760000001038,JD-003,synthetique,aucune,0,177,420,222,105,800,600,
propres/KDEPAJE8NQ59.png,KDEPAJE8NQ59,(01)03760000001014(17)280630(10)JD-001(21)KDEPAJE8NQ59,Paracetamol 500 mg,03760000001014,JD-001,synthetique,aucune,0,416,323,229,108,800,600,
propres/KHK2VWW7KZ4H.png,KHK2VWW7KZ4H,(01)03760000001045(17)280630(10)JD-004(21)KHK2VWW7KZ4H,Metformine 850 mg,03760000001045,JD-004,synthetique,aucune,0,91,232,277,277,800,600,
propres/KKX5JW6UFGYW.png,KKX5JW6UFGYW,(01)03760000001014(17)280630(10)JD-001(21)KKX5JW6UFGYW,Paracetamol 500 mg,03760000001014,JD-001,synthetique,aucune,0,318,298,208,208,800,600,
propres/KNSP8ZB63PQ7.png,KNSP8ZB63PQ7,(01)03760000001045(17)280630(10)JD-004(21)KNSP8ZB63PQ7,Metformine 850 mg,03760000001045,JD-004,synthetique,aucune,0,427,184,310,310,800,600,
propres/KWTW49SRYPSQ.png,KWTW49SRYPSQ,(01)03760000001045(17)280630(10)JD-004(21)KWTW49SRYPSQ,Metformine 850 mg,03760000001045,JD-004,synthetique,aucune,0,293,227,292,292,800,600,
propres/KZPA2E624F39.png,KZPA2E624F39,(01)03760000001038(17)280630(10)JD-003(21)KZPA2E624F39,Ibuprofene 400 mg,03760000001038,JD-003,synthetique,aucune,0,241,200,298,141,800,600,
propres/M5WGQJAJAQS5.png,M5WGQJAJAQS5,(01)03760000001014(17)280630(10)JD-001(21)M5WGQJAJAQS5,Paracetamol 500 mg,03760000001014,JD-001,synthetique,aucune,0,297,180,295,295,800,600,
propres/MYN3Z6KWTR55.png,MYN3Z6KWTR55,(01)03760000001014(17)280630(10)JD-001(21)MYN3Z6KWTR55,Paracetamol 500 mg,03760000001014,JD-001,synthetique,aucune,0,122,364,248,117,800,600,
propres/N4ZK3NTTHQVZ.png,N4ZK3NTTHQVZ,(01)03760000001021(17)280630(10)JD-002(21)N4ZK3NTTHQVZ,Amoxicilline 500 mg,03760000001021,JD-002,synthetique,aucune,0,89,207,240,240,800,600,
propres/NZ5XXFEBQVWQ.png,NZ5XXFEBQVWQ,(01)03760000001045(17)280630(10)JD-004(21)NZ5XXFEBQVWQ,Metformine 850 mg,03760000001045,JD-004,synthetique,aucune,0,301,253,273,273,800,600,
propres/P563G27CHA3T.png,P563G27CHA3T,(01)03760000001045(17)280630(10)JD-004(21)P563G27CHA3T,Metformine 850 mg,03760000001045,JD-004,synthetique,aucune,0,335,411,243,115,800,600,
propres/Q2K5G9UFZRUQ.png,Q2K5G9UFZRUQ,(01)03760000001045(17)280630(10)JD-004(21)Q2K5G9UFZRUQ,Metformine 850 mg,03760000001045,JD-004,synthetique,aucune,0,73,257,238,238,800,600,
propres/QQ8WP67NYAE9.png,QQ8WP67NYAE9,(01)03760000001045(17)280630(10)JD-004(21)QQ8WP67NYAE9,Metformine 850 mg,03760000001045,JD-004,synthetique,aucune,0,198,225,272,272,800,600,
propres/QXWQJHNVBCEF.png,QXWQJHNVBCEF,(01)03760000001038(17)280630(10)JD-003(21)QXWQJHNVBCEF,Ibuprofene 400 mg,03760000001038,JD-003,synthetique,aucune,0,388,181,280,280,800,600,
propres/R2BTMTRDB8K5.png,R2BTMTRDB8K5,(01)03760000001045(17)280630(10)JD-004(21)R2BTMTRDB8K5,Metformine 850 mg,03760000001045,JD-004,synthetique,aucune,0,178,208,257,257,800,600,
propres/SEU4AGGCGF9T.png,SEU4AGGCGF9T,(01)03760000001021(17)280630(10)JD-002(21)SEU4AGGCGF9T,Amoxicilline 500 mg,03760000001021,JD-002,synthetique,aucune,0,261,184,203,203,800,600,
propres/SGWJ2ZM59SG9.png,SGWJ2ZM59SG9,(01)03760000001021(17)280630(10)JD-002(21)SGWJ2ZM59SG9,Amoxicilline 500 mg,03760000001021,JD-002,synthetique,aucune,0,264,194,312,312,800,600,
propres/SRM7GEJZ9WVD.png,SRM7GEJZ9WVD,(01)03760000001021(17)280630(10)JD-002(21)SRM7GEJZ9WVD,Amoxicilline 500 mg,03760000001021,JD-002,synthetique,aucune,0,485,243,228,228,800,600,
propres/T8VEWN34PKXQ.png,T8VEWN34PKXQ,(01)03760000001014(17)280630(10)JD-001(21)T8VEWN34PKXQ,Paracetamol 500 mg,03760000001014,JD-001,synthetique,aucune,0,298,221,319,319,800,600,
propres/TCHDUCEHM3UZ.png,TCHDUCEHM3UZ,(01)03760000001021(17)280630(10)JD-002(21)TCHDUCEHM3UZ,Amoxicilline 500 mg,03760000001021,JD-002,synthetique,aucune,0,338,193,306,306,800,600,
propres/TWPZYC99YZFU.png,TWPZYC99YZFU,(01)03760000001045(17)280630(10)JD-004(21)TWPZYC99YZFU,Metformine 850 mg,03760000001045,JD-004,synthetique,aucune,0,183,236,294,294,800,600,
propres/U5VG3UQUYG39.png,U5VG3UQUYG39,(01)03760000001014(17)280630(10)JD-001(21)U5VG3UQUYG39,Paracetamol 500 mg,03760000001014,JD-001,synthetique,aucune,0,94,200,237,112,800,600,
propres/V6UZCQZJ8J9D.png,V6UZCQZJ8J9D,(01)03760000001021(17)280630(10)JD-002(21)V6UZCQZJ8J9D,Amoxicilline 500 mg,03760000001021,JD-002,synthetique,aucune,0,343,203,254,254,800,600,
propres/VGJZTGF24JT8.png,VGJZTGF24JT8,(01)03760000001045(17)280630(10)JD-004(21)VGJZTGF24JT8,Metformine 850 mg,03760000001045,JD-004,synthetique,aucune,0,157,204,299,299,800,600,
propres/WANUJWZPKFSZ.png,WANUJWZPKFSZ,(01)03760000001045(17)280630(10)JD-004(21)WANUJWZPKFSZ,Metformine 850 mg,03760000001045,JD-004,synthetique,aucune,0,306,194,240,240,800,600,
propres/WGWDQBDB3S4B.png,WGWDQBDB3S4B,(01)03760000001021(17)280630(10)JD-002(21)WGWDQBDB3S4B,Amoxicilline 500 mg,03760000001021,JD-002,synthetique,aucune,0,398,209,315,315,800,600,
propres/X42GVSWJMYTF.png,X42GVSWJMYTF,(01)03760000001038(17)280630(10)JD-003(21)X42GVSWJMYTF,Ibuprofene 400 mg,03760000001038,JD-003,synthetique,aucune,0,370,285,264,125,800,600,
propres/X5XH6MC35VU6.png,X5XH6MC35VU6,(01)03760000001038(17)280630(10)JD-003(21)X5XH6MC35VU6,Ibuprofene 400 mg,03760000001038,JD-003,synthetique,aucune,0,84,183,307,307,800,600,
propres/X8N7AP8MGDA5.png,X8N7AP8MGDA5,(01)03760000001045(17)280630(10)JD-004(21)X8N7AP8MGDA5,Metformine 850 mg,03760000001045,JD-004,synthetique,aucune,0,336,252,255,255,800,600,
propres/XAD8P577VQYB.png,XAD8P577VQYB,(01)03760000001038(17)280630(10)JD-003(21)XAD8P577VQYB,Ibuprofene 400 mg,03760000001038,JD-003,synthetique,aucune,0,431,241,286,286,800,600,
propres/XZZPNRVGURYZ.png,XZZPNRVGURYZ,(01)03760000001045(17)280630(10)JD-004(21)XZZPNRVGURYZ,Metformine 850 mg,03760000001045,JD-004,synthetique,aucune,0,187,212,310,310,800,600,
propres/YEU3QGNJZNU2.png,YEU3QGNJZNU2,(01)03760000001045(17)280630(10)JD-004(21)YEU3QGNJZNU2,Metformine 850 mg,03760000001045,JD-004,synthetique,aucune,0,300,223,283,283,800,600,
propres/YFMPEXF37RB5.png,YFMPEXF37RB5,(01)03760000001038(17)280630(10)JD-003(21)YFMPEXF37RB5,Ibuprofene 400 mg,03760000001038,JD-003,synthetique,aucune,0,231,184,263,263,800,600,
propres/YNXJ5BVB54E6.png,YNXJ5BVB54E6,(01)03760000001014(17)280630(10)JD-001(21)YNXJ5BVB54E6,Paracetamol 500 mg,03760000001014,JD-001,synthetique,aucune,0,61,226,212,212,800,600,
propres/Z8M8BY6DAC87.png,Z8M8BY6DAC87,(01)03760000001021(17)280630(10)JD-002(21)Z8M8BY6DAC87,Amoxicilline 500 mg,03760000001021,JD-002,synthetique,aucune,0,480,231,245,116,800,600,
propres/ZA2Y3GYAE4CP.png,ZA2Y3GYAE4CP,(01)03760000001014(17)280630(10)JD-001(21)ZA2Y3GYAE4CP,Paracetamol 500 mg,03760000001014,JD-001,synthetique,aucune,0,80,186,226,226,800,600,
propres/ZCSR2B2WDEXS.png,ZCSR2B2WDEXS,(01)03760000001045(17)280630(10)JD-004(21)ZCSR2B2WDEXS,Metformine 850 mg,03760000001045,JD-004,synthetique,aucune,0,207,226,279,279,800,600,
propres/ZX9TNQM4FMJA.png,ZX9TNQM4FMJA,(01)03760000001038(17)280630(10)JD-003(21)ZX9TNQM4FMJA,Ibuprofene 400 mg,03760000001038,JD-003,synthetique,aucune,0,417,212,212,212,800,600,
degradees/24P7NWVJQSYX_flou1.png,24P7NWVJQSYX,(01)03760000001038(17)280630(10)JD-003(21)24P7NWVJQSYX,Ibuprofene 400 mg,03760000001038,JD-003,synthetique,flou,1,127,175,303,144,800,600,3.0
degradees/24P7NWVJQSYX_flou2.png,24P7NWVJQSYX,(01)03760000001038(17)280630(10)JD-003(21)24P7NWVJQSYX,Ibuprofene 400 mg,03760000001038,JD-003,synthetique,flou,2,127,175,303,144,800,600,5.0
degradees/24P7NWVJQSYX_flou3.png,24P7NWVJQSYX,(01)03760000001038(17)280630(10)JD-003(21)24P7NWVJQSYX,Ibuprofene 400 mg,03760000001038,JD-003,synthetique,flou,3,127,175,303,144,800,600,6.0
degradees/24P7NWVJQSYX_occlusion1.png,24P7NWVJQSYX,(01)03760000001038(17)280630(10)JD-003(21)24P7NWVJQSYX,Ibuprofene 400 mg,03760000001038,JD-003,synthetique,occlusion,1,127,175,303,144,800,600,0.05
degradees/24P7NWVJQSYX_occlusion2.png,24P7NWVJQSYX,(01)03760000001038(17)280630(10)JD-003(21)24P7NWVJQSYX,Ibuprofene 400 mg,03760000001038,JD-003,synthetique,occlusion,2,127,175,303,144,800,600,0.1
degradees/24P7NWVJQSYX_occlusion3.png,24P7NWVJQSYX,(01)03760000001038(17)280630(10)JD-003(21)24P7NWVJQSYX,Ibuprofene 400 mg,03760000001038,JD-003,synthetique,occlusion,3,127,175,303,144,800,600,0.15
degradees/273ZQTW7PBNS_flou1.png,273ZQTW7PBNS,(01)03760000001021(17)280630(10)JD-002(21)273ZQTW7PBNS,Amoxicilline 500 mg,03760000001021,JD-002,synthetique,flou,1,207,282,277,131,800,600,3.0
degradees/273ZQTW7PBNS_flou2.png,273ZQTW7PBNS,(01)03760000001021(17)280630(10)JD-002(21)273ZQTW7PBNS,Amoxicilline 500 mg,03760000001021,JD-002,synthetique,flou,2,207,282,277,131,800,600,5.0
degradees/273ZQTW7PBNS_flou3.png,273ZQTW7PBNS,(01)03760000001021(17)280630(10)JD-002(21)273ZQTW7PBNS,Amoxicilline 500 mg,03760000001021,JD-002,synthetique,flou,3,207,282,277,131,800,600,6.0
degradees/273ZQTW7PBNS_occlusion1.png,273ZQTW7PBNS,(01)03760000001021(17)280630(10)JD-002(21)273ZQTW7PBNS,Amoxicilline 500 mg,03760000001021,JD-002,synthetique,occlusion,1,207,282,277,131,800,600,0.05
degradees/273ZQTW7PBNS_occlusion2.png,273ZQTW7PBNS,(01)03760000001021(17)280630(10)JD-002(21)273ZQTW7PBNS,Amoxicilline 500 mg,03760000001021,JD-002,synthetique,occlusion,2,207,282,277,131,800,600,0.1
degradees/273ZQTW7PBNS_occlusion3.png,273ZQTW7PBNS,(01)03760000001021(17)280630(10)JD-002(21)273ZQTW7PBNS,Amoxicilline 500 mg,03760000001021,JD-002,synthetique,occlusion,3,207,282,277,131,800,600,0.15
degradees/44VBUM847WY8_flou1.png,44VBUM847WY8,(01)03760000001021(17)280630(10)JD-002(21)44VBUM847WY8,Amoxicilline 500 mg,03760000001021,JD-002,synthetique,flou,1,234,345,209,99,800,600,3.0
degradees/44VBUM847WY8_flou2.png,44VBUM847WY8,(01)03760000001021(17)280630(10)JD-002(21)44VBUM847WY8,Amoxicilline 500 mg,03760000001021,JD-002,synthetique,flou,2,234,345,209,99,800,600,5.0
degradees/44VBUM847WY8_flou3.png,44VBUM847WY8,(01)03760000001021(17)280630(10)JD-002(21)44VBUM847WY8,Amoxicilline 500 mg,03760000001021,JD-002,synthetique,flou,3,234,345,209,99,800,600,6.0
degradees/44VBUM847WY8_occlusion1.png,44VBUM847WY8,(01)03760000001021(17)280630(10)JD-002(21)44VBUM847WY8,Amoxicilline 500 mg,03760000001021,JD-002,synthetique,occlusion,1,234,345,209,99,800,600,0.05
degradees/44VBUM847WY8_occlusion2.png,44VBUM847WY8,(01)03760000001021(17)280630(10)JD-002(21)44VBUM847WY8,Amoxicilline 500 mg,03760000001021,JD-002,synthetique,occlusion,2,234,345,209,99,800,600,0.1
degradees/44VBUM847WY8_occlusion3.png,44VBUM847WY8,(01)03760000001021(17)280630(10)JD-002(21)44VBUM847WY8,Amoxicilline 500 mg,03760000001021,JD-002,synthetique,occlusion,3,234,345,209,99,800,600,0.15
degradees/47Z4RKFRXWGN_flou1.png,47Z4RKFRXWGN,(01)03760000001038(17)280630(10)JD-003(21)47Z4RKFRXWGN,Ibuprofene 400 mg,03760000001038,JD-003,synthetique,flou,1,424,372,242,115,800,600,3.0
degradees/47Z4RKFRXWGN_flou2.png,47Z4RKFRXWGN,(01)03760000001038(17)280630(10)JD-003(21)47Z4RKFRXWGN,Ibuprofene 400 mg,03760000001038,JD-003,synthetique,flou,2,424,372,242,115,800,600,5.0
degradees/47Z4RKFRXWGN_flou3.png,47Z4RKFRXWGN,(01)03760000001038(17)280630(10)JD-003(21)47Z4RKFRXWGN,Ibuprofene 400 mg,03760000001038,JD-003,synthetique,flou,3,424,372,242,115,800,600,6.0
degradees/47Z4RKFRXWGN_occlusion1.png,47Z4RKFRXWGN,(01)03760000001038(17)280630(10)JD-003(21)47Z4RKFRXWGN,Ibuprofene 400 mg,03760000001038,JD-003,synthetique,occlusion,1,424,372,242,115,800,600,0.05
degradees/47Z4RKFRXWGN_occlusion2.png,47Z4RKFRXWGN,(01)03760000001038(17)280630(10)JD-003(21)47Z4RKFRXWGN,Ibuprofene 400 mg,03760000001038,JD-003,synthetique,occlusion,2,424,372,242,115,800,600,0.1
degradees/47Z4RKFRXWGN_occlusion3.png,47Z4RKFRXWGN,(01)03760000001038(17)280630(10)JD-003(21)47Z4RKFRXWGN,Ibuprofene 400 mg,03760000001038,JD-003,synthetique,occlusion,3,424,372,242,115,800,600,0.15
degradees/4PYHFWDCS98N_flou1.png,4PYHFWDCS98N,(01)03760000001045(17)280630(10)JD-004(21)4PYHFWDCS98N,Metformine 850 mg,03760000001045,JD-004,synthetique,flou,1,418,340,285,135,800,600,3.0
degradees/4PYHFWDCS98N_flou2.png,4PYHFWDCS98N,(01)03760000001045(17)280630(10)JD-004(21)4PYHFWDCS98N,Metformine 850 mg,03760000001045,JD-004,synthetique,flou,2,418,340,285,135,800,600,5.0
degradees/4PYHFWDCS98N_flou3.png,4PYHFWDCS98N,(01)03760000001045(17)280630(10)JD-004(21)4PYHFWDCS98N,Metformine 850 mg,03760000001045,JD-004,synthetique,flou,3,418,340,285,135,800,600,6.0
degradees/4PYHFWDCS98N_occlusion1.png,4PYHFWDCS98N,(01)03760000001045(17)280630(10)JD-004(21)4PYHFWDCS98N,Metformine 850 mg,03760000001045,JD-004,synthetique,occlusion,1,418,340,285,135,800,600,0.05
degradees/4PYHFWDCS98N_occlusion2.png,4PYHFWDCS98N,(01)03760000001045(17)280630(10)JD-004(21)4PYHFWDCS98N,Metformine 850 mg,03760000001045,JD-004,synthetique,occlusion,2,418,340,285,135,800,600,0.1
degradees/4PYHFWDCS98N_occlusion3.png,4PYHFWDCS98N,(01)03760000001045(17)280630(10)JD-004(21)4PYHFWDCS98N,Metformine 850 mg,03760000001045,JD-004,synthetique,occlusion,3,418,340,285,135,800,600,0.15
degradees/4ZUG8PC7F2DQ_flou1.png,4ZUG8PC7F2DQ,(01)03760000001038(17)280630(10)JD-003(21)4ZUG8PC7F2DQ,Ibuprofene 400 mg,03760000001038,JD-003,synthetique,flou,1,454,267,221,221,800,600,3.0
degradees/4ZUG8PC7F2DQ_flou2.png,4ZUG8PC7F2DQ,(01)03760000001038(17)280630(10)JD-003(21)4ZUG8PC7F2DQ,Ibuprofene 400 mg,03760000001038,JD-003,synthetique,flou,2,454,267,221,221,800,600,5.0
degradees/4ZUG8PC7F2DQ_flou3.png,4ZUG8PC7F2DQ,(01)03760000001038(17)280630(10)JD-003(21)4ZUG8PC7F2DQ,Ibuprofene 400 mg,03760000001038,JD-003,synthetique,flou,3,454,267,221,221,800,600,6.0
degradees/4ZUG8PC7F2DQ_occlusion1.png,4ZUG8PC7F2DQ,(01)03760000001038(17)280630(10)JD-003(21)4ZUG8PC7F2DQ,Ibuprofene 400 mg,03760000001038,JD-003,synthetique,occlusion,1,454,267,221,221,800,600,0.05
degradees/4ZUG8PC7F2DQ_occlusion2.png,4ZUG8PC7F2DQ,(01)03760000001038(17)280630(10)JD-003(21)4ZUG8PC7F2DQ,Ibuprofene 400 mg,03760000001038,JD-003,synthetique,occlusion,2,454,267,221,221,800,600,0.1
degradees/4ZUG8PC7F2DQ_occlusion3.png,4ZUG8PC7F2DQ,(01)03760000001038(17)280630(10)JD-003(21)4ZUG8PC7F2DQ,Ibuprofene 400 mg,03760000001038,JD-003,synthetique,occlusion,3,454,267,221,221,800,600,0.15
degradees/54JRS6SF2HM2_flou1.png,54JRS6SF2HM2,(01)03760000001021(17)280630(10)JD-002(21)54JRS6SF2HM2,Amoxicilline 500 mg,03760000001021,JD-002,synthetique,flou,1,200,214,211,100,800,600,3.0
degradees/54JRS6SF2HM2_flou2.png,54JRS6SF2HM2,(01)03760000001021(17)280630(10)JD-002(21)54JRS6SF2HM2,Amoxicilline 500 mg,03760000001021,JD-002,synthetique,flou,2,200,214,211,100,800,600,5.0
degradees/54JRS6SF2HM2_flou3.png,54JRS6SF2HM2,(01)03760000001021(17)280630(10)JD-002(21)54JRS6SF2HM2,Amoxicilline 500 mg,03760000001021,JD-002,synthetique,flou,3,200,214,211,100,800,600,6.0
degradees/54JRS6SF2HM2_occlusion1.png,54JRS6SF2HM2,(01)03760000001021(17)280630(10)JD-002(21)54JRS6SF2HM2,Amoxicilline 500 mg,03760000001021,JD-002,synthetique,occlusion,1,200,214,211,100,800,600,0.05
degradees/54JRS6SF2HM2_occlusion2.png,54JRS6SF2HM2,(01)03760000001021(17)280630(10)JD-002(21)54JRS6SF2HM2,Amoxicilline 500 mg,03760000001021,JD-002,synthetique,occlusion,2,200,214,211,100,800,600,0.1
degradees/54JRS6SF2HM2_occlusion3.png,54JRS6SF2HM2,(01)03760000001021(17)280630(10)JD-002(21)54JRS6SF2HM2,Amoxicilline 500 mg,03760000001021,JD-002,synthetique,occlusion,3,200,214,211,100,800,600,0.15
degradees/59F6Q6UDCNZJ_flou1.png,59F6Q6UDCNZJ,(01)03760000001038(17)280630(10)JD-003(21)59F6Q6UDCNZJ,Ibuprofene 400 mg,03760000001038,JD-003,synthetique,flou,1,324,373,317,150,800,600,3.0
degradees/59F6Q6UDCNZJ_flou2.png,59F6Q6UDCNZJ,(01)03760000001038(17)280630(10)JD-003(21)59F6Q6UDCNZJ,Ibuprofene 400 mg,03760000001038,JD-003,synthetique,flou,2,324,373,317,150,800,600,5.0
degradees/59F6Q6UDCNZJ_flou3.png,59F6Q6UDCNZJ,(01)03760000001038(17)280630(10)JD-003(21)59F6Q6UDCNZJ,Ibuprofene 400 mg,03760000001038,JD-003,synthetique,flou,3,324,373,317,150,800,600,6.0
degradees/59F6Q6UDCNZJ_occlusion1.png,59F6Q6UDCNZJ,(01)03760000001038(17)280630(10)JD-003(21)59F6Q6UDCNZJ,Ibuprofene 400 mg,03760000001038,JD-003,synthetique,occlusion,1,324,373,317,150,800,600,0.05
degradees/59F6Q6UDCNZJ_occlusion2.png,59F6Q6UDCNZJ,(01)03760000001038(17)280630(10)JD-003(21)59F6Q6UDCNZJ,Ibuprofene 400 mg,03760000001038,JD-003,synthetique,occlusion,2,324,373,317,150,800,600,0.1
degradees/59F6Q6UDCNZJ_occlusion3.png,59F6Q6UDCNZJ,(01)03760000001038(17)280630(10)JD-003(21)59F6Q6UDCNZJ,Ibuprofene 400 mg,03760000001038,JD-003,synthetique,occlusion,3,324,373,317,150,800,600,0.15
degradees/5DSN8SK9VW9C_flou1.png,5DSN8SK9VW9C,(01)03760000001014(17)280630(10)JD-001(21)5DSN8SK9VW9C,Paracetamol 500 mg,03760000001014,JD-001,synthetique,flou,1,344,252,234,234,800,600,3.0
degradees/5DSN8SK9VW9C_flou2.png,5DSN8SK9VW9C,(01)03760000001014(17)280630(10)JD-001(21)5DSN8SK9VW9C,Paracetamol 500 mg,03760000001014,JD-001,synthetique,flou,2,344,252,234,234,800,600,5.0
degradees/5DSN8SK9VW9C_flou3.png,5DSN8SK9VW9C,(01)03760000001014(17)280630(10)JD-001(21)5DSN8SK9VW9C,Paracetamol 500 mg,03760000001014,JD-001,synthetique,flou,3,344,252,234,234,800,600,6.0
degradees/5DSN8SK9VW9C_occlusion1.png,5DSN8SK9VW9C,(01)03760000001014(17)280630(10)JD-001(21)5DSN8SK9VW9C,Paracetamol 500 mg,03760000001014,JD-001,synthetique,occlusion,1,344,252,234,234,800,600,0.05
degradees/5DSN8SK9VW9C_occlusion2.png,5DSN8SK9VW9C,(01)03760000001014(17)280630(10)JD-001(21)5DSN8SK9VW9C,Paracetamol 500 mg,03760000001014,JD-001,synthetique,occlusion,2,344,252,234,234,800,600,0.1
degradees/5DSN8SK9VW9C_occlusion3.png,5DSN8SK9VW9C,(01)03760000001014(17)280630(10)JD-001(21)5DSN8SK9VW9C,Paracetamol 500 mg,03760000001014,JD-001,synthetique,occlusion,3,344,252,234,234,800,600,0.15
degradees/5K647N99HV29_flou1.png,5K647N99HV29,(01)03760000001021(17)280630(10)JD-002(21)5K647N99HV29,Amoxicilline 500 mg,03760000001021,JD-002,synthetique,flou,1,106,211,291,291,800,600,3.0
degradees/5K647N99HV29_flou2.png,5K647N99HV29,(01)03760000001021(17)280630(10)JD-002(21)5K647N99HV29,Amoxicilline 500 mg,03760000001021,JD-002,synthetique,flou,2,106,211,291,291,800,600,5.0
degradees/5K647N99HV29_flou3.png,5K647N99HV29,(01)03760000001021(17)280630(10)JD-002(21)5K647N99HV29,Amoxicilline 500 mg,03760000001021,JD-002,synthetique,flou,3,106,211,291,291,800,600,6.0
degradees/5K647N99HV29_occlusion1.png,5K647N99HV29,(01)03760000001021(17)280630(10)JD-002(21)5K647N99HV29,Amoxicilline 500 mg,03760000001021,JD-002,synthetique,occlusion,1,106,211,291,291,800,600,0.05
degradees/5K647N99HV29_occlusion2.png,5K647N99HV29,(01)03760000001021(17)280630(10)JD-002(21)5K647N99HV29,Amoxicilline 500 mg,03760000001021,JD-002,synthetique,occlusion,2,106,211,291,291,800,600,0.1
degradees/5K647N99HV29_occlusion3.png,5K647N99HV29,(01)03760000001021(17)280630(10)JD-002(21)5K647N99HV29,Amoxicilline 500 mg,03760000001021,JD-002,synthetique,occlusion,3,106,211,291,291,800,600,0.15
degradees/5SDT2XUTBUTJ_flou1.png,5SDT2XUTBUTJ,(01)03760000001045(17)280630(10)JD-004(21)5SDT2XUTBUTJ,Metformine 850 mg,03760000001045,JD-004,synthetique,flou,1,393,231,277,277,800,600,3.0
degradees/5SDT2XUTBUTJ_flou2.png,5SDT2XUTBUTJ,(01)03760000001045(17)280630(10)JD-004(21)5SDT2XUTBUTJ,Metformine 850 mg,03760000001045,JD-004,synthetique,flou,2,393,231,277,277,800,600,5.0
degradees/5SDT2XUTBUTJ_flou3.png,5SDT2XUTBUTJ,(01)03760000001045(17)280630(10)JD-004(21)5SDT2XUTBUTJ,Metformine 850 mg,03760000001045,JD-004,synthetique,flou,3,393,231,277,277,800,600,6.0
degradees/5SDT2XUTBUTJ_occlusion1.png,5SDT2XUTBUTJ,(01)03760000001045(17)280630(10)JD-004(21)5SDT2XUTBUTJ,Metformine 850 mg,03760000001045,JD-004,synthetique,occlusion,1,393,231,277,277,800,600,0.05
degradees/5SDT2XUTBUTJ_occlusion2.png,5SDT2XUTBUTJ,(01)03760000001045(17)280630(10)JD-004(21)5SDT2XUTBUTJ,Metformine 850 mg,03760000001045,JD-004,synthetique,occlusion,2,393,231,277,277,800,600,0.1
degradees/5SDT2XUTBUTJ_occlusion3.png,5SDT2XUTBUTJ,(01)03760000001045(17)280630(10)JD-004(21)5SDT2XUTBUTJ,Metformine 850 mg,03760000001045,JD-004,synthetique,occlusion,3,393,231,277,277,800,600,0.15
degradees/5WST9SDRBM7H_flou1.png,5WST9SDRBM7H,(01)03760000001014(17)280630(10)JD-001(21)5WST9SDRBM7H,Paracetamol 500 mg,03760000001014,JD-001,synthetique,flou,1,256,209,254,254,800,600,3.0
degradees/5WST9SDRBM7H_flou2.png,5WST9SDRBM7H,(01)03760000001014(17)280630(10)JD-001(21)5WST9SDRBM7H,Paracetamol 500 mg,03760000001014,JD-001,synthetique,flou,2,256,209,254,254,800,600,5.0
degradees/5WST9SDRBM7H_flou3.png,5WST9SDRBM7H,(01)03760000001014(17)280630(10)JD-001(21)5WST9SDRBM7H,Paracetamol 500 mg,03760000001014,JD-001,synthetique,flou,3,256,209,254,254,800,600,6.0
degradees/5WST9SDRBM7H_occlusion1.png,5WST9SDRBM7H,(01)03760000001014(17)280630(10)JD-001(21)5WST9SDRBM7H,Paracetamol 500 mg,03760000001014,JD-001,synthetique,occlusion,1,256,209,254,254,800,600,0.05
degradees/5WST9SDRBM7H_occlusion2.png,5WST9SDRBM7H,(01)03760000001014(17)280630(10)JD-001(21)5WST9SDRBM7H,Paracetamol 500 mg,03760000001014,JD-001,synthetique,occlusion,2,256,209,254,254,800,600,0.1
degradees/5WST9SDRBM7H_occlusion3.png,5WST9SDRBM7H,(01)03760000001014(17)280630(10)JD-001(21)5WST9SDRBM7H,Paracetamol 500 mg,03760000001014,JD-001,synthetique,occlusion,3,256,209,254,254,800,600,0.15
degradees/62XE5E9T8WS3_flou1.png,62XE5E9T8WS3,(01)03760000001038(17)280630(10)JD-003(21)62XE5E9T8WS3,Ibuprofene 400 mg,03760000001038,JD-003,synthetique,flou,1,188,209,219,104,800,600,3.0
degradees/62XE5E9T8WS3_flou2.png,62XE5E9T8WS3,(01)03760000001038(17)280630(10)JD-003(21)62XE5E9T8WS3,Ibuprofene 400 mg,03760000001038,JD-003,synthetique,flou,2,188,209,219,104,800,600,5.0
degradees/62XE5E9T8WS3_flou3.png,62XE5E9T8WS3,(01)03760000001038(17)280630(10)JD-003(21)62XE5E9T8WS3,Ibuprofene 400 mg,03760000001038,JD-003,synthetique,flou,3,188,209,219,104,800,600,6.0
degradees/62XE5E9T8WS3_occlusion1.png,62XE5E9T8WS3,(01)03760000001038(17)280630(10)JD-003(21)62XE5E9T8WS3,Ibuprofene 400 mg,03760000001038,JD-003,synthetique,occlusion,1,188,209,219,104,800,600,0.05
degradees/62XE5E9T8WS3_occlusion2.png,62XE5E9T8WS3,(01)03760000001038(17)280630(10)JD-003(21)62XE5E9T8WS3,Ibuprofene 400 mg,03760000001038,JD-003,synthetique,occlusion,2,188,209,219,104,800,600,0.1
degradees/62XE5E9T8WS3_occlusion3.png,62XE5E9T8WS3,(01)03760000001038(17)280630(10)JD-003(21)62XE5E9T8WS3,Ibuprofene 400 mg,03760000001038,JD-003,synthetique,occlusion,3,188,209,219,104,800,600,0.15
degradees/67B85JRMC752_flou1.png,67B85JRMC752,(01)03760000001021(17)280630(10)JD-002(21)67B85JRMC752,Amoxicilline 500 mg,03760000001021,JD-002,synthetique,flou,1,447,245,227,227,800,600,3.0
degradees/67B85JRMC752_flou2.png,67B85JRMC752,(01)03760000001021(17)280630(10)JD-002(21)67B85JRMC752,Amoxicilline 500 mg,03760000001021,JD-002,synthetique,flou,2,447,245,227,227,800,600,5.0
degradees/67B85JRMC752_flou3.png,67B85JRMC752,(01)03760000001021(17)280630(10)JD-002(21)67B85JRMC752,Amoxicilline 500 mg,03760000001021,JD-002,synthetique,flou,3,447,245,227,227,800,600,6.0
degradees/67B85JRMC752_occlusion1.png,67B85JRMC752,(01)03760000001021(17)280630(10)JD-002(21)67B85JRMC752,Amoxicilline 500 mg,03760000001021,JD-002,synthetique,occlusion,1,447,245,227,227,800,600,0.05
degradees/67B85JRMC752_occlusion2.png,67B85JRMC752,(01)03760000001021(17)280630(10)JD-002(21)67B85JRMC752,Amoxicilline 500 mg,03760000001021,JD-002,synthetique,occlusion,2,447,245,227,227,800,600,0.1
degradees/67B85JRMC752_occlusion3.png,67B85JRMC752,(01)03760000001021(17)280630(10)JD-002(21)67B85JRMC752,Amoxicilline 500 mg,03760000001021,JD-002,synthetique,occlusion,3,447,245,227,227,800,600,0.15
degradees/6FFVWQE9FPF4_flou1.png,6FFVWQE9FPF4,(01)03760000001014(17)280630(10)JD-001(21)6FFVWQE9FPF4,Paracetamol 500 mg,03760000001014,JD-001,synthetique,flou,1,262,213,211,211,800,600,3.0
degradees/6FFVWQE9FPF4_flou2.png,6FFVWQE9FPF4,(01)03760000001014(17)280630(10)JD-001(21)6FFVWQE9FPF4,Paracetamol 500 mg,03760000001014,JD-001,synthetique,flou,2,262,213,211,211,800,600,5.0
degradees/6FFVWQE9FPF4_flou3.png,6FFVWQE9FPF4,(01)03760000001014(17)280630(10)JD-001(21)6FFVWQE9FPF4,Paracetamol 500 mg,03760000001014,JD-001,synthetique,flou,3,262,213,211,211,800,600,6.0
degradees/6FFVWQE9FPF4_occlusion1.png,6FFVWQE9FPF4,(01)03760000001014(17)280630(10)JD-001(21)6FFVWQE9FPF4,Paracetamol 500 mg,03760000001014,JD-001,synthetique,occlusion,1,262,213,211,211,800,600,0.05
degradees/6FFVWQE9FPF4_occlusion2.png,6FFVWQE9FPF4,(01)03760000001014(17)280630(10)JD-001(21)6FFVWQE9FPF4,Paracetamol 500 mg,03760000001014,JD-001,synthetique,occlusion,2,262,213,211,211,800,600,0.1
degradees/6FFVWQE9FPF4_occlusion3.png,6FFVWQE9FPF4,(01)03760000001014(17)280630(10)JD-001(21)6FFVWQE9FPF4,Paracetamol 500 mg,03760000001014,JD-001,synthetique,occlusion,3,262,213,211,211,800,600,0.15
degradees/6M39XNCN9CBX_flou1.png,6M39XNCN9CBX,(01)03760000001014(17)280630(10)JD-001(21)6M39XNCN9CBX,Paracetamol 500 mg,03760000001014,JD-001,synthetique,flou,1,392,171,280,280,800,600,3.0
degradees/6M39XNCN9CBX_flou2.png,6M39XNCN9CBX,(01)03760000001014(17)280630(10)JD-001(21)6M39XNCN9CBX,Paracetamol 500 mg,03760000001014,JD-001,synthetique,flou,2,392,171,280,280,800,600,5.0
degradees/6M39XNCN9CBX_flou3.png,6M39XNCN9CBX,(01)03760000001014(17)280630(10)JD-001(21)6M39XNCN9CBX,Paracetamol 500 mg,03760000001014,JD-001,synthetique,flou,3,392,171,280,280,800,600,6.0
degradees/6M39XNCN9CBX_occlusion1.png,6M39XNCN9CBX,(01)03760000001014(17)280630(10)JD-001(21)6M39XNCN9CBX,Paracetamol 500 mg,03760000001014,JD-001,synthetique,occlusion,1,392,171,280,280,800,600,0.05
degradees/6M39XNCN9CBX_occlusion2.png,6M39XNCN9CBX,(01)03760000001014(17)280630(10)JD-001(21)6M39XNCN9CBX,Paracetamol 500 mg,03760000001014,JD-001,synthetique,occlusion,2,392,171,280,280,800,600,0.1
degradees/6M39XNCN9CBX_occlusion3.png,6M39XNCN9CBX,(01)03760000001014(17)280630(10)JD-001(21)6M39XNCN9CBX,Paracetamol 500 mg,03760000001014,JD-001,synthetique,occlusion,3,392,171,280,280,800,600,0.15
degradees/6PJS7JW9JXZ3_flou1.png,6PJS7JW9JXZ3,(01)03760000001045(17)280630(10)JD-004(21)6PJS7JW9JXZ3,Metformine 850 mg,03760000001045,JD-004,synthetique,flou,1,250,283,256,256,800,600,3.0
degradees/6PJS7JW9JXZ3_flou2.png,6PJS7JW9JXZ3,(01)03760000001045(17)280630(10)JD-004(21)6PJS7JW9JXZ3,Metformine 850 mg,03760000001045,JD-004,synthetique,flou,2,250,283,256,256,800,600,5.0
degradees/6PJS7JW9JXZ3_flou3.png,6PJS7JW9JXZ3,(01)03760000001045(17)280630(10)JD-004(21)6PJS7JW9JXZ3,Metformine 850 mg,03760000001045,JD-004,synthetique,flou,3,250,283,256,256,800,600,6.0
degradees/6PJS7JW9JXZ3_occlusion1.png,6PJS7JW9JXZ3,(01)03760000001045(17)280630(10)JD-004(21)6PJS7JW9JXZ3,Metformine 850 mg,03760000001045,JD-004,synthetique,occlusion,1,250,283,256,256,800,600,0.05
degradees/6PJS7JW9JXZ3_occlusion2.png,6PJS7JW9JXZ3,(01)03760000001045(17)280630(10)JD-004(21)6PJS7JW9JXZ3,Metformine 850 mg,03760000001045,JD-004,synthetique,occlusion,2,250,283,256,256,800,600,0.1
degradees/6PJS7JW9JXZ3_occlusion3.png,6PJS7JW9JXZ3,(01)03760000001045(17)280630(10)JD-004(21)6PJS7JW9JXZ3,Metformine 850 mg,03760000001045,JD-004,synthetique,occlusion,3,250,283,256,256,800,600,0.15
degradees/6SA8B95VKUSZ_flou1.png,6SA8B95VKUSZ,(01)03760000001038(17)280630(10)JD-003(21)6SA8B95VKUSZ,Ibuprofene 400 mg,03760000001038,JD-003,synthetique,flou,1,132,194,244,244,800,600,3.0
degradees/6SA8B95VKUSZ_flou2.png,6SA8B95VKUSZ,(01)03760000001038(17)280630(10)JD-003(21)6SA8B95VKUSZ,Ibuprofene 400 mg,03760000001038,JD-003,synthetique,flou,2,132,194,244,244,800,600,5.0
degradees/6SA8B95VKUSZ_flou3.png,6SA8B95VKUSZ,(01)03760000001038(17)280630(10)JD-003(21)6SA8B95VKUSZ,Ibuprofene 400 mg,03760000001038,JD-003,synthetique,flou,3,132,194,244,244,800,600,6.0
degradees/6SA8B95VKUSZ_occlusion1.png,6SA8B95VKUSZ,(01)03760000001038(17)280630(10)JD-003(21)6SA8B95VKUSZ,Ibuprofene 400 mg,03760000001038,JD-003,synthetique,occlusion,1,132,194,244,244,800,600,0.05
degradees/6SA8B95VKUSZ_occlusion2.png,6SA8B95VKUSZ,(01)03760000001038(17)280630(10)JD-003(21)6SA8B95VKUSZ,Ibuprofene 400 mg,03760000001038,JD-003,synthetique,occlusion,2,132,194,244,244,800,600,0.1
degradees/6SA8B95VKUSZ_occlusion3.png,6SA8B95VKUSZ,(01)03760000001038(17)280630(10)JD-003(21)6SA8B95VKUSZ,Ibuprofene 400 mg,03760000001038,JD-003,synthetique,occlusion,3,132,194,244,244,800,600,0.15
degradees/7286S9BXWRUA_flou1.png,7286S9BXWRUA,(01)03760000001021(17)280630(10)JD-002(21)7286S9BXWRUA,Amoxicilline 500 mg,03760000001021,JD-002,synthetique,flou,1,312,207,257,257,800,600,3.0
degradees/7286S9BXWRUA_flou2.png,7286S9BXWRUA,(01)03760000001021(17)280630(10)JD-002(21)7286S9BXWRUA,Amoxicilline 500 mg,03760000001021,JD-002,synthetique,flou,2,312,207,257,257,800,600,5.0
degradees/7286S9BXWRUA_flou3.png,7286S9BXWRUA,(01)03760000001021(17)280630(10)JD-002(21)7286S9BXWRUA,Amoxicilline 500 mg,03760000001021,JD-002,synthetique,flou,3,312,207,257,257,800,600,6.0
degradees/7286S9BXWRUA_occlusion1.png,7286S9BXWRUA,(01)03760000001021(17)280630(10)JD-002(21)7286S9BXWRUA,Amoxicilline 500 mg,03760000001021,JD-002,synthetique,occlusion,1,312,207,257,257,800,600,0.05
degradees/7286S9BXWRUA_occlusion2.png,7286S9BXWRUA,(01)03760000001021(17)280630(10)JD-002(21)7286S9BXWRUA,Amoxicilline 500 mg,03760000001021,JD-002,synthetique,occlusion,2,312,207,257,257,800,600,0.1
degradees/7286S9BXWRUA_occlusion3.png,7286S9BXWRUA,(01)03760000001021(17)280630(10)JD-002(21)7286S9BXWRUA,Amoxicilline 500 mg,03760000001021,JD-002,synthetique,occlusion,3,312,207,257,257,800,600,0.15
degradees/7348WR7PD5RW_flou1.png,7348WR7PD5RW,(01)03760000001021(17)280630(10)JD-002(21)7348WR7PD5RW,Amoxicilline 500 mg,03760000001021,JD-002,synthetique,flou,1,344,205,252,252,800,600,3.0
degradees/7348WR7PD5RW_flou2.png,7348WR7PD5RW,(01)03760000001021(17)280630(10)JD-002(21)7348WR7PD5RW,Amoxicilline 500 mg,03760000001021,JD-002,synthetique,flou,2,344,205,252,252,800,600,5.0
degradees/7348WR7PD5RW_flou3.png,7348WR7PD5RW,(01)03760000001021(17)280630(10)JD-002(21)7348WR7PD5RW,Amoxicilline 500 mg,03760000001021,JD-002,synthetique,flou,3,344,205,252,252,800,600,6.0
degradees/7348WR7PD5RW_occlusion1.png,7348WR7PD5RW,(01)03760000001021(17)280630(10)JD-002(21)7348WR7PD5RW,Amoxicilline 500 mg,03760000001021,JD-002,synthetique,occlusion,1,344,205,252,252,800,600,0.05
degradees/7348WR7PD5RW_occlusion2.png,7348WR7PD5RW,(01)03760000001021(17)280630(10)JD-002(21)7348WR7PD5RW,Amoxicilline 500 mg,03760000001021,JD-002,synthetique,occlusion,2,344,205,252,252,800,600,0.1
degradees/7348WR7PD5RW_occlusion3.png,7348WR7PD5RW,(01)03760000001021(17)280630(10)JD-002(21)7348WR7PD5RW,Amoxicilline 500 mg,03760000001021,JD-002,synthetique,occlusion,3,344,205,252,252,800,600,0.15
degradees/7DA7QD4PBY7W_flou1.png,7DA7QD4PBY7W,(01)03760000001014(17)280630(10)JD-001(21)7DA7QD4PBY7W,Paracetamol 500 mg,03760000001014,JD-001,synthetique,flou,1,136,221,316,316,800,600,3.0
degradees/7DA7QD4PBY7W_flou2.png,7DA7QD4PBY7W,(01)03760000001014(17)280630(10)JD-001(21)7DA7QD4PBY7W,Paracetamol 500 mg,03760000001014,JD-001,synthetique,flou,2,136,221,316,316,800,600,5.0
degradees/7DA7QD4PBY7W_flou3.png,7DA7QD4PBY7W,(01)03760000001014(17)280630(10)JD-001(21)7DA7QD4PBY7W,Paracetamol 500 mg,03760000001014,JD-001,synthetique,flou,3,136,221,316,316,800,600,6.0
degradees/7DA7QD4PBY7W_occlusion1.png,7DA7QD4PBY7W,(01)03760000001014(17)280630(10)JD-001(21)7DA7QD4PBY7W,Paracetamol 500 mg,03760000001014,JD-001,synthetique,occlusion,1,136,221,316,316,800,600,0.05
degradees/7DA7QD4PBY7W_occlusion2.png,7DA7QD4PBY7W,(01)03760000001014(17)280630(10)JD-001(21)7DA7QD4PBY7W,Paracetamol 500 mg,03760000001014,JD-001,synthetique,occlusion,2,136,221,316,316,800,600,0.1
degradees/7DA7QD4PBY7W_occlusion3.png,7DA7QD4PBY7W,(01)03760000001014(17)280630(10)JD-001(21)7DA7QD4PBY7W,Paracetamol 500 mg,03760000001014,JD-001,synthetique,occlusion,3,136,221,316,316,800,600,0.15
degradees/7WDEGGKNADCF_flou1.png,7WDEGGKNADCF,(01)03760000001021(17)280630(10)JD-002(21)7WDEGGKNADCF,Amoxicilline 500 mg,03760000001021,JD-002,synthetique,flou,1,419,222,305,305,800,600,3.0
degradees/7WDEGGKNADCF_flou2.png,7WDEGGKNADCF,(01)03760000001021(17)280630(10)JD-002(21)7WDEGGKNADCF,Amoxicilline 500 mg,03760000001021,JD-002,synthetique,flou,2,419,222,305,305,800,600,5.0
degradees/7WDEGGKNADCF_flou3.png,7WDEGGKNADCF,(01)03760000001021(17)280630(10)JD-002(21)7WDEGGKNADCF,Amoxicilline 500 mg,03760000001021,JD-002,synthetique,flou,3,419,222,305,305,800,600,6.0
degradees/7WDEGGKNADCF_occlusion1.png,7WDEGGKNADCF,(01)03760000001021(17)280630(10)JD-002(21)7WDEGGKNADCF,Amoxicilline 500 mg,03760000001021,JD-002,synthetique,occlusion,1,419,222,305,305,800,600,0.05
degradees/7WDEGGKNADCF_occlusion2.png,7WDEGGKNADCF,(01)03760000001021(17)280630(10)JD-002(21)7WDEGGKNADCF,Amoxicilline 500 mg,03760000001021,JD-002,synthetique,occlusion,2,419,222,305,305,800,600,0.1
degradees/7WDEGGKNADCF_occlusion3.png,7WDEGGKNADCF,(01)03760000001021(17)280630(10)JD-002(21)7WDEGGKNADCF,Amoxicilline 500 mg,03760000001021,JD-002,synthetique,occlusion,3,419,222,305,305,800,600,0.15
degradees/7WJ3T5YX683X_flou1.png,7WJ3T5YX683X,(01)03760000001014(17)280630(10)JD-001(21)7WJ3T5YX683X,Paracetamol 500 mg,03760000001014,JD-001,synthetique,flou,1,313,220,263,125,800,600,3.0
degradees/7WJ3T5YX683X_flou2.png,7WJ3T5YX683X,(01)03760000001014(17)280630(10)JD-001(21)7WJ3T5YX683X,Paracetamol 500 mg,03760000001014,JD-001,synthetique,flou,2,313,220,263,125,800,600,5.0
degradees/7WJ3T5YX683X_flou3.png,7WJ3T5YX683X,(01)03760000001014(17)280630(10)JD-001(21)7WJ3T5YX683X,Paracetamol 500 mg,03760000001014,JD-001,synthetique,flou,3,313,220,263,125,800,600,6.0
degradees/7WJ3T5YX683X_occlusion1.png,7WJ3T5YX683X,(01)03760000001014(17)280630(10)JD-001(21)7WJ3T5YX683X,Paracetamol 500 mg,03760000001014,JD-001,synthetique,occlusion,1,313,220,263,125,800,600,0.05
degradees/7WJ3T5YX683X_occlusion2.png,7WJ3T5YX683X,(01)03760000001014(17)280630(10)JD-001(21)7WJ3T5YX683X,Paracetamol 500 mg,03760000001014,JD-001,synthetique,occlusion,2,313,220,263,125,800,600,0.1
degradees/7WJ3T5YX683X_occlusion3.png,7WJ3T5YX683X,(01)03760000001014(17)280630(10)JD-001(21)7WJ3T5YX683X,Paracetamol 500 mg,03760000001014,JD-001,synthetique,occlusion,3,313,220,263,125,800,600,0.15
degradees/87Q4GGZ9PC34_flou1.png,87Q4GGZ9PC34,(01)03760000001014(17)280630(10)JD-001(21)87Q4GGZ9PC34,Paracetamol 500 mg,03760000001014,JD-001,synthetique,flou,1,263,293,241,241,800,600,3.0
degradees/87Q4GGZ9PC34_flou2.png,87Q4GGZ9PC34,(01)03760000001014(17)280630(10)JD-001(21)87Q4GGZ9PC34,Paracetamol 500 mg,03760000001014,JD-001,synthetique,flou,2,263,293,241,241,800,600,5.0
degradees/87Q4GGZ9PC34_flou3.png,87Q4GGZ9PC34,(01)03760000001014(17)280630(10)JD-001(21)87Q4GGZ9PC34,Paracetamol 500 mg,03760000001014,JD-001,synthetique,flou,3,263,293,241,241,800,600,6.0
degradees/87Q4GGZ9PC34_occlusion1.png,87Q4GGZ9PC34,(01)03760000001014(17)280630(10)JD-001(21)87Q4GGZ9PC34,Paracetamol 500 mg,03760000001014,JD-001,synthetique,occlusion,1,263,293,241,241,800,600,0.05
degradees/87Q4GGZ9PC34_occlusion2.png,87Q4GGZ9PC34,(01)03760000001014(17)280630(10)JD-001(21)87Q4GGZ9PC34,Paracetamol 500 mg,03760000001014,JD-001,synthetique,occlusion,2,263,293,241,241,800,600,0.1
degradees/87Q4GGZ9PC34_occlusion3.png,87Q4GGZ9PC34,(01)03760000001014(17)280630(10)JD-001(21)87Q4GGZ9PC34,Paracetamol 500 mg,03760000001014,JD-001,synthetique,occlusion,3,263,293,241,241,800,600,0.15
degradees/9FWWBGMGJEDJ_flou1.png,9FWWBGMGJEDJ,(01)03760000001038(17)280630(10)JD-003(21)9FWWBGMGJEDJ,Ibuprofene 400 mg,03760000001038,JD-003,synthetique,flou,1,276,214,296,296,800,600,3.0
degradees/9FWWBGMGJEDJ_flou2.png,9FWWBGMGJEDJ,(01)03760000001038(17)280630(10)JD-003(21)9FWWBGMGJEDJ,Ibuprofene 400 mg,03760000001038,JD-003,synthetique,flou,2,276,214,296,296,800,600,5.0
degradees/9FWWBGMGJEDJ_flou3.png,9FWWBGMGJEDJ,(01)03760000001038(17)280630(10)JD-003(21)9FWWBGMGJEDJ,Ibuprofene 400 mg,03760000001038,JD-003,synthetique,flou,3,276,214,296,296,800,600,6.0
degradees/9FWWBGMGJEDJ_occlusion1.png,9FWWBGMGJEDJ,(01)03760000001038(17)280630(10)JD-003(21)9FWWBGMGJEDJ,Ibuprofene 400 mg,03760000001038,JD-003,synthetique,occlusion,1,276,214,296,296,800,600,0.05
degradees/9FWWBGMGJEDJ_occlusion2.png,9FWWBGMGJEDJ,(01)03760000001038(17)280630(10)JD-003(21)9FWWBGMGJEDJ,Ibuprofene 400 mg,03760000001038,JD-003,synthetique,occlusion,2,276,214,296,296,800,600,0.1
degradees/9FWWBGMGJEDJ_occlusion3.png,9FWWBGMGJEDJ,(01)03760000001038(17)280630(10)JD-003(21)9FWWBGMGJEDJ,Ibuprofene 400 mg,03760000001038,JD-003,synthetique,occlusion,3,276,214,296,296,800,600,0.15
degradees/9RFVUR2XJUG7_flou1.png,9RFVUR2XJUG7,(01)03760000001038(17)280630(10)JD-003(21)9RFVUR2XJUG7,Ibuprofene 400 mg,03760000001038,JD-003,synthetique,flou,1,239,277,252,252,800,600,3.0
degradees/9RFVUR2XJUG7_flou2.png,9RFVUR2XJUG7,(01)03760000001038(17)280630(10)JD-003(21)9RFVUR2XJUG7,Ibuprofene 400 mg,03760000001038,JD-003,synthetique,flou,2,239,277,252,252,800,600,5.0
degradees/9RFVUR2XJUG7_flou3.png,9RFVUR2XJUG7,(01)03760000001038(17)280630(10)JD-003(21)9RFVUR2XJUG7,Ibuprofene 400 mg,03760000001038,JD-003,synthetique,flou,3,239,277,252,252,800,600,6.0
degradees/9RFVUR2XJUG7_occlusion1.png,9RFVUR2XJUG7,(01)03760000001038(17)280630(10)JD-003(21)9RFVUR2XJUG7,Ibuprofene 400 mg,03760000001038,JD-003,synthetique,occlusion,1,239,277,252,252,800,600,0.05
degradees/9RFVUR2XJUG7_occlusion2.png,9RFVUR2XJUG7,(01)03760000001038(17)280630(10)JD-003(21)9RFVUR2XJUG7,Ibuprofene 400 mg,03760000001038,JD-003,synthetique,occlusion,2,239,277,252,252,800,600,0.1
degradees/9RFVUR2XJUG7_occlusion3.png,9RFVUR2XJUG7,(01)03760000001038(17)280630(10)JD-003(21)9RFVUR2XJUG7,Ibuprofene 400 mg,03760000001038,JD-003,synthetique,occlusion,3,239,277,252,252,800,600,0.15
degradees/9SDKR85UG4YX_flou1.png,9SDKR85UG4YX,(01)03760000001038(17)280630(10)JD-003(21)9SDKR85UG4YX,Ibuprofene 400 mg,03760000001038,JD-003,synthetique,flou,1,213,239,200,200,800,600,3.0
degradees/9SDKR85UG4YX_flou2.png,9SDKR85UG4YX,(01)03760000001038(17)280630(10)JD-003(21)9SDKR85UG4YX,Ibuprofene 400 mg,03760000001038,JD-003,synthetique,flou,2,213,239,200,200,800,600,5.0
degradees/9SDKR85UG4YX_flou3.png,9SDKR85UG4YX,(01)03760000001038(17)280630(10)JD-003(21)9SDKR85UG4YX,Ibuprofene 400 mg,03760000001038,JD-003,synthetique,flou,3,213,239,200,200,800,600,6.0
degradees/9SDKR85UG4YX_occlusion1.png,9SDKR85UG4YX,(01)03760000001038(17)280630(10)JD-003(21)9SDKR85UG4YX,Ibuprofene 400 mg,03760000001038,JD-003,synthetique,occlusion,1,213,239,200,200,800,600,0.05
degradees/9SDKR85UG4YX_occlusion2.png,9SDKR85UG4YX,(01)03760000001038(17)280630(10)JD-003(21)9SDKR85UG4YX,Ibuprofene 400 mg,03760000001038,JD-003,synthetique,occlusion,2,213,239,200,200,800,600,0.1
degradees/9SDKR85UG4YX_occlusion3.png,9SDKR85UG4YX,(01)03760000001038(17)280630(10)JD-003(21)9SDKR85UG4YX,Ibuprofene 400 mg,03760000001038,JD-003,synthetique,occlusion,3,213,239,200,200,800,600,0.15
degradees/A4WV3V7CNZF5_flou1.png,A4WV3V7CNZF5,(01)03760000001021(17)280630(10)JD-002(21)A4WV3V7CNZF5,Amoxicilline 500 mg,03760000001021,JD-002,synthetique,flou,1,223,197,284,284,800,600,3.0
degradees/A4WV3V7CNZF5_flou2.png,A4WV3V7CNZF5,(01)03760000001021(17)280630(10)JD-002(21)A4WV3V7CNZF5,Amoxicilline 500 mg,03760000001021,JD-002,synthetique,flou,2,223,197,284,284,800,600,5.0
degradees/A4WV3V7CNZF5_flou3.png,A4WV3V7CNZF5,(01)03760000001021(17)280630(10)JD-002(21)A4WV3V7CNZF5,Amoxicilline 500 mg,03760000001021,JD-002,synthetique,flou,3,223,197,284,284,800,600,6.0
degradees/A4WV3V7CNZF5_occlusion1.png,A4WV3V7CNZF5,(01)03760000001021(17)280630(10)JD-002(21)A4WV3V7CNZF5,Amoxicilline 500 mg,03760000001021,JD-002,synthetique,occlusion,1,223,197,284,284,800,600,0.05
degradees/A4WV3V7CNZF5_occlusion2.png,A4WV3V7CNZF5,(01)03760000001021(17)280630(10)JD-002(21)A4WV3V7CNZF5,Amoxicilline 500 mg,03760000001021,JD-002,synthetique,occlusion,2,223,197,284,284,800,600,0.1
degradees/A4WV3V7CNZF5_occlusion3.png,A4WV3V7CNZF5,(01)03760000001021(17)280630(10)JD-002(21)A4WV3V7CNZF5,Amoxicilline 500 mg,03760000001021,JD-002,synthetique,occlusion,3,223,197,284,284,800,600,0.15
degradees/AX9DY6DWCU6A_flou1.png,AX9DY6DWCU6A,(01)03760000001045(17)280630(10)JD-004(21)AX9DY6DWCU6A,Metformine 850 mg,03760000001045,JD-004,synthetique,flou,1,183,187,209,209,800,600,3.0
degradees/AX9DY6DWCU6A_flou2.png,AX9DY6DWCU6A,(01)03760000001045(17)280630(10)JD-004(21)AX9DY6DWCU6A,Metformine 850 mg,03760000001045,JD-004,synthetique,flou,2,183,187,209,209,800,600,5.0
degradees/AX9DY6DWCU6A_flou3.png,AX9DY6DWCU6A,(01)03760000001045(17)280630(10)JD-004(21)AX9DY6DWCU6A,Metformine 850 mg,03760000001045,JD-004,synthetique,flou,3,183,187,209,209,800,600,6.0
degradees/AX9DY6DWCU6A_occlusion1.png,AX9DY6DWCU6A,(01)03760000001045(17)280630(10)JD-004(21)AX9DY6DWCU6A,Metformine 850 mg,03760000001045,JD-004,synthetique,occlusion,1,183,187,209,209,800,600,0.05
degradees/AX9DY6DWCU6A_occlusion2.png,AX9DY6DWCU6A,(01)03760000001045(17)280630(10)JD-004(21)AX9DY6DWCU6A,Metformine 850 mg,03760000001045,JD-004,synthetique,occlusion,2,183,187,209,209,800,600,0.1
degradees/AX9DY6DWCU6A_occlusion3.png,AX9DY6DWCU6A,(01)03760000001045(17)280630(10)JD-004(21)AX9DY6DWCU6A,Metformine 850 mg,03760000001045,JD-004,synthetique,occlusion,3,183,187,209,209,800,600,0.15
degradees/B22BUXF7NPSD_flou1.png,B22BUXF7NPSD,(01)03760000001021(17)280630(10)JD-002(21)B22BUXF7NPSD,Amoxicilline 500 mg,03760000001021,JD-002,synthetique,flou,1,229,223,284,135,800,600,3.0
degradees/B22BUXF7NPSD_flou2.png,B22BUXF7NPSD,(01)03760000001021(17)280630(10)JD-002(21)B22BUXF7NPSD,Amoxicilline 500 mg,03760000001021,JD-002,synthetique,flou,2,229,223,284,135,800,600,5.0
degradees/B22BUXF7NPSD_flou3.png,B22BUXF7NPSD,(01)03760000001021(17)280630(10)JD-002(21)B22BUXF7NPSD,Amoxicilline 500 mg,03760000001021,JD-002,synthetique,flou,3,229,223,284,135,800,600,6.0
degradees/B22BUXF7NPSD_occlusion1.png,B22BUXF7NPSD,(01)03760000001021(17)280630(10)JD-002(21)B22BUXF7NPSD,Amoxicilline 500 mg,03760000001021,JD-002,synthetique,occlusion,1,229,223,284,135,800,600,0.05
degradees/B22BUXF7NPSD_occlusion2.png,B22BUXF7NPSD,(01)03760000001021(17)280630(10)JD-002(21)B22BUXF7NPSD,Amoxicilline 500 mg,03760000001021,JD-002,synthetique,occlusion,2,229,223,284,135,800,600,0.1
degradees/B22BUXF7NPSD_occlusion3.png,B22BUXF7NPSD,(01)03760000001021(17)280630(10)JD-002(21)B22BUXF7NPSD,Amoxicilline 500 mg,03760000001021,JD-002,synthetique,occlusion,3,229,223,284,135,800,600,0.15
degradees/B45TWQRYGWZ3_flou1.png,B45TWQRYGWZ3,(01)03760000001014(17)280630(10)JD-001(21)B45TWQRYGWZ3,Paracetamol 500 mg,03760000001014,JD-001,synthetique,flou,1,265,285,265,126,800,600,3.0
degradees/B45TWQRYGWZ3_flou2.png,B45TWQRYGWZ3,(01)03760000001014(17)280630(10)JD-001(21)B45TWQRYGWZ3,Paracetamol 500 mg,03760000001014,JD-001,synthetique,flou,2,265,285,265,126,800,600,5.0
degradees/B45TWQRYGWZ3_flou3.png,B45TWQRYGWZ3,(01)03760000001014(17)280630(10)JD-001(21)B45TWQRYGWZ3,Paracetamol 500 mg,03760000001014,JD-001,synthetique,flou,3,265,285,265,126,800,600,6.0
degradees/B45TWQRYGWZ3_occlusion1.png,B45TWQRYGWZ3,(01)03760000001014(17)280630(10)JD-001(21)B45TWQRYGWZ3,Paracetamol 500 mg,03760000001014,JD-001,synthetique,occlusion,1,265,285,265,126,800,600,0.05
degradees/B45TWQRYGWZ3_occlusion2.png,B45TWQRYGWZ3,(01)03760000001014(17)280630(10)JD-001(21)B45TWQRYGWZ3,Paracetamol 500 mg,03760000001014,JD-001,synthetique,occlusion,2,265,285,265,126,800,600,0.1
degradees/B45TWQRYGWZ3_occlusion3.png,B45TWQRYGWZ3,(01)03760000001014(17)280630(10)JD-001(21)B45TWQRYGWZ3,Paracetamol 500 mg,03760000001014,JD-001,synthetique,occlusion,3,265,285,265,126,800,600,0.15
degradees/BSZAJXR9ZP6M_flou1.png,BSZAJXR9ZP6M,(01)03760000001014(17)280630(10)JD-001(21)BSZAJXR9ZP6M,Paracetamol 500 mg,03760000001014,JD-001,synthetique,flou,1,317,189,270,270,800,600,3.0
degradees/BSZAJXR9ZP6M_flou2.png,BSZAJXR9ZP6M,(01)03760000001014(17)280630(10)JD-001(21)BSZAJXR9ZP6M,Paracetamol 500 mg,03760000001014,JD-001,synthetique,flou,2,317,189,270,270,800,600,5.0
degradees/BSZAJXR9ZP6M_flou3.png,BSZAJXR9ZP6M,(01)03760000001014(17)280630(10)JD-001(21)BSZAJXR9ZP6M,Paracetamol 500 mg,03760000001014,JD-001,synthetique,flou,3,317,189,270,270,800,600,6.0
degradees/BSZAJXR9ZP6M_occlusion1.png,BSZAJXR9ZP6M,(01)03760000001014(17)280630(10)JD-001(21)BSZAJXR9ZP6M,Paracetamol 500 mg,03760000001014,JD-001,synthetique,occlusion,1,317,189,270,270,800,600,0.05
degradees/BSZAJXR9ZP6M_occlusion2.png,BSZAJXR9ZP6M,(01)03760000001014(17)280630(10)JD-001(21)BSZAJXR9ZP6M,Paracetamol 500 mg,03760000001014,JD-001,synthetique,occlusion,2,317,189,270,270,800,600,0.1
degradees/BSZAJXR9ZP6M_occlusion3.png,BSZAJXR9ZP6M,(01)03760000001014(17)280630(10)JD-001(21)BSZAJXR9ZP6M,Paracetamol 500 mg,03760000001014,JD-001,synthetique,occlusion,3,317,189,270,270,800,600,0.15
degradees/BYMVU78WJK4N_flou1.png,BYMVU78WJK4N,(01)03760000001045(17)280630(10)JD-004(21)BYMVU78WJK4N,Metformine 850 mg,03760000001045,JD-004,synthetique,flou,1,398,318,218,218,800,600,3.0
degradees/BYMVU78WJK4N_flou2.png,BYMVU78WJK4N,(01)03760000001045(17)280630(10)JD-004(21)BYMVU78WJK4N,Metformine 850 mg,03760000001045,JD-004,synthetique,flou,2,398,318,218,218,800,600,5.0
degradees/BYMVU78WJK4N_flou3.png,BYMVU78WJK4N,(01)03760000001045(17)280630(10)JD-004(21)BYMVU78WJK4N,Metformine 850 mg,03760000001045,JD-004,synthetique,flou,3,398,318,218,218,800,600,6.0
degradees/BYMVU78WJK4N_occlusion1.png,BYMVU78WJK4N,(01)03760000001045(17)280630(10)JD-004(21)BYMVU78WJK4N,Metformine 850 mg,03760000001045,JD-004,synthetique,occlusion,1,398,318,218,218,800,600,0.05
degradees/BYMVU78WJK4N_occlusion2.png,BYMVU78WJK4N,(01)03760000001045(17)280630(10)JD-004(21)BYMVU78WJK4N,Metformine 850 mg,03760000001045,JD-004,synthetique,occlusion,2,398,318,218,218,800,600,0.1
degradees/BYMVU78WJK4N_occlusion3.png,BYMVU78WJK4N,(01)03760000001045(17)280630(10)JD-004(21)BYMVU78WJK4N,Metformine 850 mg,03760000001045,JD-004,synthetique,occlusion,3,398,318,218,218,800,600,0.15
degradees/CAU4D9NCJGDS_flou1.png,CAU4D9NCJGDS,(01)03760000001038(17)280630(10)JD-003(21)CAU4D9NCJGDS,Ibuprofene 400 mg,03760000001038,JD-003,synthetique,flou,1,247,235,266,266,800,600,3.0
degradees/CAU4D9NCJGDS_flou2.png,CAU4D9NCJGDS,(01)03760000001038(17)280630(10)JD-003(21)CAU4D9NCJGDS,Ibuprofene 400 mg,03760000001038,JD-003,synthetique,flou,2,247,235,266,266,800,600,5.0
degradees/CAU4D9NCJGDS_flou3.png,CAU4D9NCJGDS,(01)03760000001038(17)280630(10)JD-003(21)CAU4D9NCJGDS,Ibuprofene 400 mg,03760000001038,JD-003,synthetique,flou,3,247,235,266,266,800,600,6.0
degradees/CAU4D9NCJGDS_occlusion1.png,CAU4D9NCJGDS,(01)03760000001038(17)280630(10)JD-003(21)CAU4D9NCJGDS,Ibuprofene 400 mg,03760000001038,JD-003,synthetique,occlusion,1,247,235,266,266,800,600,0.05
degradees/CAU4D9NCJGDS_occlusion2.png,CAU4D9NCJGDS,(01)03760000001038(17)280630(10)JD-003(21)CAU4D9NCJGDS,Ibuprofene 400 mg,03760000001038,JD-003,synthetique,occlusion,2,247,235,266,266,800,600,0.1
degradees/CAU4D9NCJGDS_occlusion3.png,CAU4D9NCJGDS,(01)03760000001038(17)280630(10)JD-003(21)CAU4D9NCJGDS,Ibuprofene 400 mg,03760000001038,JD-003,synthetique,occlusion,3,247,235,266,266,800,600,0.15
degradees/CBV4W4999GA2_flou1.png,CBV4W4999GA2,(01)03760000001038(17)280630(10)JD-003(21)CBV4W4999GA2,Ibuprofene 400 mg,03760000001038,JD-003,synthetique,flou,1,237,268,204,97,800,600,3.0
degradees/CBV4W4999GA2_flou2.png,CBV4W4999GA2,(01)03760000001038(17)280630(10)JD-003(21)CBV4W4999GA2,Ibuprofene 400 mg,03760000001038,JD-003,synthetique,flou,2,237,268,204,97,800,600,5.0
degradees/CBV4W4999GA2_flou3.png,CBV4W4999GA2,(01)03760000001038(17)280630(10)JD-003(21)CBV4W4999GA2,Ibuprofene 400 mg,03760000001038,JD-003,synthetique,flou,3,237,268,204,97,800,600,6.0
degradees/CBV4W4999GA2_occlusion1.png,CBV4W4999GA2,(01)03760000001038(17)280630(10)JD-003(21)CBV4W4999GA2,Ibuprofene 400 mg,03760000001038,JD-003,synthetique,occlusion,1,237,268,204,97,800,600,0.05
degradees/CBV4W4999GA2_occlusion2.png,CBV4W4999GA2,(01)03760000001038(17)280630(10)JD-003(21)CBV4W4999GA2,Ibuprofene 400 mg,03760000001038,JD-003,synthetique,occlusion,2,237,268,204,97,800,600,0.1
degradees/CBV4W4999GA2_occlusion3.png,CBV4W4999GA2,(01)03760000001038(17)280630(10)JD-003(21)CBV4W4999GA2,Ibuprofene 400 mg,03760000001038,JD-003,synthetique,occlusion,3,237,268,204,97,800,600,0.15
degradees/CCCVXFKDCGKN_flou1.png,CCCVXFKDCGKN,(01)03760000001038(17)280630(10)JD-003(21)CCCVXFKDCGKN,Ibuprofene 400 mg,03760000001038,JD-003,synthetique,flou,1,380,229,250,250,800,600,3.0
degradees/CCCVXFKDCGKN_flou2.png,CCCVXFKDCGKN,(01)03760000001038(17)280630(10)JD-003(21)CCCVXFKDCGKN,Ibuprofene 400 mg,03760000001038,JD-003,synthetique,flou,2,380,229,250,250,800,600,5.0
degradees/CCCVXFKDCGKN_flou3.png,CCCVXFKDCGKN,(01)03760000001038(17)280630(10)JD-003(21)CCCVXFKDCGKN,Ibuprofene 400 mg,03760000001038,JD-003,synthetique,flou,3,380,229,250,250,800,600,6.0
degradees/CCCVXFKDCGKN_occlusion1.png,CCCVXFKDCGKN,(01)03760000001038(17)280630(10)JD-003(21)CCCVXFKDCGKN,Ibuprofene 400 mg,03760000001038,JD-003,synthetique,occlusion,1,380,229,250,250,800,600,0.05
degradees/CCCVXFKDCGKN_occlusion2.png,CCCVXFKDCGKN,(01)03760000001038(17)280630(10)JD-003(21)CCCVXFKDCGKN,Ibuprofene 400 mg,03760000001038,JD-003,synthetique,occlusion,2,380,229,250,250,800,600,0.1
degradees/CCCVXFKDCGKN_occlusion3.png,CCCVXFKDCGKN,(01)03760000001038(17)280630(10)JD-003(21)CCCVXFKDCGKN,Ibuprofene 400 mg,03760000001038,JD-003,synthetique,occlusion,3,380,229,250,250,800,600,0.15
degradees/CFJKTJ93C33J_flou1.png,CFJKTJ93C33J,(01)03760000001045(17)280630(10)JD-004(21)CFJKTJ93C33J,Metformine 850 mg,03760000001045,JD-004,synthetique,flou,1,237,177,303,144,800,600,3.0
degradees/CFJKTJ93C33J_flou2.png,CFJKTJ93C33J,(01)03760000001045(17)280630(10)JD-004(21)CFJKTJ93C33J,Metformine 850 mg,03760000001045,JD-004,synthetique,flou,2,237,177,303,144,800,600,5.0
degradees/CFJKTJ93C33J_flou3.png,CFJKTJ93C33J,(01)03760000001045(17)280630(10)JD-004(21)CFJKTJ93C33J,Metformine 850 mg,03760000001045,JD-004,synthetique,flou,3,237,177,303,144,800,600,6.0
degradees/CFJKTJ93C33J_occlusion1.png,CFJKTJ93C33J,(01)03760000001045(17)280630(10)JD-004(21)CFJKTJ93C33J,Metformine 850 mg,03760000001045,JD-004,synthetique,occlusion,1,237,177,303,144,800,600,0.05
degradees/CFJKTJ93C33J_occlusion2.png,CFJKTJ93C33J,(01)03760000001045(17)280630(10)JD-004(21)CFJKTJ93C33J,Metformine 850 mg,03760000001045,JD-004,synthetique,occlusion,2,237,177,303,144,800,600,0.1
degradees/CFJKTJ93C33J_occlusion3.png,CFJKTJ93C33J,(01)03760000001045(17)280630(10)JD-004(21)CFJKTJ93C33J,Metformine 850 mg,03760000001045,JD-004,synthetique,occlusion,3,237,177,303,144,800,600,0.15
degradees/CXGGG6QJ4HP8_flou1.png,CXGGG6QJ4HP8,(01)03760000001021(17)280630(10)JD-002(21)CXGGG6QJ4HP8,Amoxicilline 500 mg,03760000001021,JD-002,synthetique,flou,1,379,221,281,281,800,600,3.0
degradees/CXGGG6QJ4HP8_flou2.png,CXGGG6QJ4HP8,(01)03760000001021(17)280630(10)JD-002(21)CXGGG6QJ4HP8,Amoxicilline 500 mg,03760000001021,JD-002,synthetique,flou,2,379,221,281,281,800,600,5.0
degradees/CXGGG6QJ4HP8_flou3.png,CXGGG6QJ4HP8,(01)03760000001021(17)280630(10)JD-002(21)CXGGG6QJ4HP8,Amoxicilline 500 mg,03760000001021,JD-002,synthetique,flou,3,379,221,281,281,800,600,6.0
degradees/CXGGG6QJ4HP8_occlusion1.png,CXGGG6QJ4HP8,(01)03760000001021(17)280630(10)JD-002(21)CXGGG6QJ4HP8,Amoxicilline 500 mg,03760000001021,JD-002,synthetique,occlusion,1,379,221,281,281,800,600,0.05
degradees/CXGGG6QJ4HP8_occlusion2.png,CXGGG6QJ4HP8,(01)03760000001021(17)280630(10)JD-002(21)CXGGG6QJ4HP8,Amoxicilline 500 mg,03760000001021,JD-002,synthetique,occlusion,2,379,221,281,281,800,600,0.1
degradees/CXGGG6QJ4HP8_occlusion3.png,CXGGG6QJ4HP8,(01)03760000001021(17)280630(10)JD-002(21)CXGGG6QJ4HP8,Amoxicilline 500 mg,03760000001021,JD-002,synthetique,occlusion,3,379,221,281,281,800,600,0.15
degradees/DDTC76YYH86B_flou1.png,DDTC76YYH86B,(01)03760000001014(17)280630(10)JD-001(21)DDTC76YYH86B,Paracetamol 500 mg,03760000001014,JD-001,synthetique,flou,1,213,347,313,148,800,600,3.0
degradees/DDTC76YYH86B_flou2.png,DDTC76YYH86B,(01)03760000001014(17)280630(10)JD-001(21)DDTC76YYH86B,Paracetamol 500 mg,03760000001014,JD-001,synthetique,flou,2,213,347,313,148,800,600,5.0
degradees/DDTC76YYH86B_flou3.png,DDTC76YYH86B,(01)03760000001014(17)280630(10)JD-001(21)DDTC76YYH86B,Paracetamol 500 mg,03760000001014,JD-001,synthetique,flou,3,213,347,313,148,800,600,6.0
degradees/DDTC76YYH86B_occlusion1.png,DDTC76YYH86B,(01)03760000001014(17)280630(10)JD-001(21)DDTC76YYH86B,Paracetamol 500 mg,03760000001014,JD-001,synthetique,occlusion,1,213,347,313,148,800,600,0.05
degradees/DDTC76YYH86B_occlusion2.png,DDTC76YYH86B,(01)03760000001014(17)280630(10)JD-001(21)DDTC76YYH86B,Paracetamol 500 mg,03760000001014,JD-001,synthetique,occlusion,2,213,347,313,148,800,600,0.1
degradees/DDTC76YYH86B_occlusion3.png,DDTC76YYH86B,(01)03760000001014(17)280630(10)JD-001(21)DDTC76YYH86B,Paracetamol 500 mg,03760000001014,JD-001,synthetique,occlusion,3,213,347,313,148,800,600,0.15
degradees/DUYA58ATYFNA_flou1.png,DUYA58ATYFNA,(01)03760000001045(17)280630(10)JD-004(21)DUYA58ATYFNA,Metformine 850 mg,03760000001045,JD-004,synthetique,flou,1,78,305,200,200,800,600,3.0
degradees/DUYA58ATYFNA_flou2.png,DUYA58ATYFNA,(01)03760000001045(17)280630(10)JD-004(21)DUYA58ATYFNA,Metformine 850 mg,03760000001045,JD-004,synthetique,flou,2,78,305,200,200,800,600,5.0
degradees/DUYA58ATYFNA_flou3.png,DUYA58ATYFNA,(01)03760000001045(17)280630(10)JD-004(21)DUYA58ATYFNA,Metformine 850 mg,03760000001045,JD-004,synthetique,flou,3,78,305,200,200,800,600,6.0
degradees/DUYA58ATYFNA_occlusion1.png,DUYA58ATYFNA,(01)03760000001045(17)280630(10)JD-004(21)DUYA58ATYFNA,Metformine 850 mg,03760000001045,JD-004,synthetique,occlusion,1,78,305,200,200,800,600,0.05
degradees/DUYA58ATYFNA_occlusion2.png,DUYA58ATYFNA,(01)03760000001045(17)280630(10)JD-004(21)DUYA58ATYFNA,Metformine 850 mg,03760000001045,JD-004,synthetique,occlusion,2,78,305,200,200,800,600,0.1
degradees/DUYA58ATYFNA_occlusion3.png,DUYA58ATYFNA,(01)03760000001045(17)280630(10)JD-004(21)DUYA58ATYFNA,Metformine 850 mg,03760000001045,JD-004,synthetique,occlusion,3,78,305,200,200,800,600,0.15
degradees/DVY9Y3D5Y9H9_flou1.png,DVY9Y3D5Y9H9,(01)03760000001045(17)280630(10)JD-004(21)DVY9Y3D5Y9H9,Metformine 850 mg,03760000001045,JD-004,synthetique,flou,1,255,219,305,305,800,600,3.0
degradees/DVY9Y3D5Y9H9_flou2.png,DVY9Y3D5Y9H9,(01)03760000001045(17)280630(10)JD-004(21)DVY9Y3D5Y9H9,Metformine 850 mg,03760000001045,JD-004,synthetique,flou,2,255,219,305,305,800,600,5.0
degradees/DVY9Y3D5Y9H9_flou3.png,DVY9Y3D5Y9H9,(01)03760000001045(17)280630(10)JD-004(21)DVY9Y3D5Y9H9,Metformine 850 mg,03760000001045,JD-004,synthetique,flou,3,255,219,305,305,800,600,6.0
degradees/DVY9Y3D5Y9H9_occlusion1.png,DVY9Y3D5Y9H9,(01)03760000001045(17)280630(10)JD-004(21)DVY9Y3D5Y9H9,Metformine 850 mg,03760000001045,JD-004,synthetique,occlusion,1,255,219,305,305,800,600,0.05
degradees/DVY9Y3D5Y9H9_occlusion2.png,DVY9Y3D5Y9H9,(01)03760000001045(17)280630(10)JD-004(21)DVY9Y3D5Y9H9,Metformine 850 mg,03760000001045,JD-004,synthetique,occlusion,2,255,219,305,305,800,600,0.1
degradees/DVY9Y3D5Y9H9_occlusion3.png,DVY9Y3D5Y9H9,(01)03760000001045(17)280630(10)JD-004(21)DVY9Y3D5Y9H9,Metformine 850 mg,03760000001045,JD-004,synthetique,occlusion,3,255,219,305,305,800,600,0.15
degradees/E2VC7KN5WYSE_flou1.png,E2VC7KN5WYSE,(01)03760000001038(17)280630(10)JD-003(21)E2VC7KN5WYSE,Ibuprofene 400 mg,03760000001038,JD-003,synthetique,flou,1,381,235,239,239,800,600,3.0
degradees/E2VC7KN5WYSE_flou2.png,E2VC7KN5WYSE,(01)03760000001038(17)280630(10)JD-003(21)E2VC7KN5WYSE,Ibuprofene 400 mg,03760000001038,JD-003,synthetique,flou,2,381,235,239,239,800,600,5.0
degradees/E2VC7KN5WYSE_flou3.png,E2VC7KN5WYSE,(01)03760000001038(17)280630(10)JD-003(21)E2VC7KN5WYSE,Ibuprofene 400 mg,03760000001038,JD-003,synthetique,flou,3,381,235,239,239,800,600,6.0
degradees/E2VC7KN5WYSE_occlusion1.png,E2VC7KN5WYSE,(01)03760000001038(17)280630(10)JD-003(21)E2VC7KN5WYSE,Ibuprofene 400 mg,03760000001038,JD-003,synthetique,occlusion,1,381,235,239,239,800,600,0.05
degradees/E2VC7KN5WYSE_occlusion2.png,E2VC7KN5WYSE,(01)03760000001038(17)280630(10)JD-003(21)E2VC7KN5WYSE,Ibuprofene 400 mg,03760000001038,JD-003,synthetique,occlusion,2,381,235,239,239,800,600,0.1
degradees/E2VC7KN5WYSE_occlusion3.png,E2VC7KN5WYSE,(01)03760000001038(17)280630(10)JD-003(21)E2VC7KN5WYSE,Ibuprofene 400 mg,03760000001038,JD-003,synthetique,occlusion,3,381,235,239,239,800,600,0.15
degradees/FJYM8CXPNDN3_flou1.png,FJYM8CXPNDN3,(01)03760000001038(17)280630(10)JD-003(21)FJYM8CXPNDN3,Ibuprofene 400 mg,03760000001038,JD-003,synthetique,flou,1,101,193,236,236,800,600,3.0
degradees/FJYM8CXPNDN3_flou2.png,FJYM8CXPNDN3,(01)03760000001038(17)280630(10)JD-003(21)FJYM8CXPNDN3,Ibuprofene 400 mg,03760000001038,JD-003,synthetique,flou,2,101,193,236,236,800,600,5.0
degradees/FJYM8CXPNDN3_flou3.png,FJYM8CXPNDN3,(01)03760000001038(17)280630(10)JD-003(21)FJYM8CXPNDN3,Ibuprofene 400 mg,03760000001038,JD-003,synthetique,flou,3,101,193,236,236,800,600,6.0
degradees/FJYM8CXPNDN3_occlusion1.png,FJYM8CXPNDN3,(01)03760000001038(17)280630(10)JD-003(21)FJYM8CXPNDN3,Ibuprofene 400 mg,03760000001038,JD-003,synthetique,occlusion,1,101,193,236,236,800,600,0.05
degradees/FJYM8CXPNDN3_occlusion2.png,FJYM8CXPNDN3,(01)03760000001038(17)280630(10)JD-003(21)FJYM8CXPNDN3,Ibuprofene 400 mg,03760000001038,JD-003,synthetique,occlusion,2,101,193,236,236,800,600,0.1
degradees/FJYM8CXPNDN3_occlusion3.png,FJYM8CXPNDN3,(01)03760000001038(17)280630(10)JD-003(21)FJYM8CXPNDN3,Ibuprofene 400 mg,03760000001038,JD-003,synthetique,occlusion,3,101,193,236,236,800,600,0.15
degradees/GAZSGFJYV4R9_flou1.png,GAZSGFJYV4R9,(01)03760000001021(17)280630(10)JD-002(21)GAZSGFJYV4R9,Amoxicilline 500 mg,03760000001021,JD-002,synthetique,flou,1,225,231,309,309,800,600,3.0
degradees/GAZSGFJYV4R9_flou2.png,GAZSGFJYV4R9,(01)03760000001021(17)280630(10)JD-002(21)GAZSGFJYV4R9,Amoxicilline 500 mg,03760000001021,JD-002,synthetique,flou,2,225,231,309,309,800,600,5.0
degradees/GAZSGFJYV4R9_flou3.png,GAZSGFJYV4R9,(01)03760000001021(17)280630(10)JD-002(21)GAZSGFJYV4R9,Amoxicilline 500 mg,03760000001021,JD-002,synthetique,flou,3,225,231,309,309,800,600,6.0
degradees/GAZSGFJYV4R9_occlusion1.png,GAZSGFJYV4R9,(01)03760000001021(17)280630(10)JD-002(21)GAZSGFJYV4R9,Amoxicilline 500 mg,03760000001021,JD-002,synthetique,occlusion,1,225,231,309,309,800,600,0.05
degradees/GAZSGFJYV4R9_occlusion2.png,GAZSGFJYV4R9,(01)03760000001021(17)280630(10)JD-002(21)GAZSGFJYV4R9,Amoxicilline 500 mg,03760000001021,JD-002,synthetique,occlusion,2,225,231,309,309,800,600,0.1
degradees/GAZSGFJYV4R9_occlusion3.png,GAZSGFJYV4R9,(01)03760000001021(17)280630(10)JD-002(21)GAZSGFJYV4R9,Amoxicilline 500 mg,03760000001021,JD-002,synthetique,occlusion,3,225,231,309,309,800,600,0.15
degradees/GEWG4F7P34C2_flou1.png,GEWG4F7P34C2,(01)03760000001045(17)280630(10)JD-004(21)GEWG4F7P34C2,Metformine 850 mg,03760000001045,JD-004,synthetique,flou,1,85,203,242,242,800,600,3.0
degradees/GEWG4F7P34C2_flou2.png,GEWG4F7P34C2,(01)03760000001045(17)280630(10)JD-004(21)GEWG4F7P34C2,Metformine 850 mg,03760000001045,JD-004,synthetique,flou,2,85,203,242,242,800,600,5.0
degradees/GEWG4F7P34C2_flou3.png,GEWG4F7P34C2,(01)03760000001045(17)280630(10)JD-004(21)GEWG4F7P34C2,Metformine 850 mg,03760000001045,JD-004,synthetique,flou,3,85,203,242,242,800,600,6.0
degradees/GEWG4F7P34C2_occlusion1.png,GEWG4F7P34C2,(01)03760000001045(17)280630(10)JD-004(21)GEWG4F7P34C2,Metformine 850 mg,03760000001045,JD-004,synthetique,occlusion,1,85,203,242,242,800,600,0.05
degradees/GEWG4F7P34C2_occlusion2.png,GEWG4F7P34C2,(01)03760000001045(17)280630(10)JD-004(21)GEWG4F7P34C2,Metformine 850 mg,03760000001045,JD-004,synthetique,occlusion,2,85,203,242,242,800,600,0.1
degradees/GEWG4F7P34C2_occlusion3.png,GEWG4F7P34C2,(01)03760000001045(17)280630(10)JD-004(21)GEWG4F7P34C2,Metformine 850 mg,03760000001045,JD-004,synthetique,occlusion,3,85,203,242,242,800,600,0.15
degradees/GG6NW7WVPK8U_flou1.png,GG6NW7WVPK8U,(01)03760000001038(17)280630(10)JD-003(21)GG6NW7WVPK8U,Ibuprofene 400 mg,03760000001038,JD-003,synthetique,flou,1,367,263,243,243,800,600,3.0
degradees/GG6NW7WVPK8U_flou2.png,GG6NW7WVPK8U,(01)03760000001038(17)280630(10)JD-003(21)GG6NW7WVPK8U,Ibuprofene 400 mg,03760000001038,JD-003,synthetique,flou,2,367,263,243,243,800,600,5.0
degradees/GG6NW7WVPK8U_flou3.png,GG6NW7WVPK8U,(01)03760000001038(17)280630(10)JD-003(21)GG6NW7WVPK8U,Ibuprofene 400 mg,03760000001038,JD-003,synthetique,flou,3,367,263,243,243,800,600,6.0
degradees/GG6NW7WVPK8U_occlusion1.png,GG6NW7WVPK8U,(01)03760000001038(17)280630(10)JD-003(21)GG6NW7WVPK8U,Ibuprofene 400 mg,03760000001038,JD-003,synthetique,occlusion,1,367,263,243,243,800,600,0.05
degradees/GG6NW7WVPK8U_occlusion2.png,GG6NW7WVPK8U,(01)03760000001038(17)280630(10)JD-003(21)GG6NW7WVPK8U,Ibuprofene 400 mg,03760000001038,JD-003,synthetique,occlusion,2,367,263,243,243,800,600,0.1
degradees/GG6NW7WVPK8U_occlusion3.png,GG6NW7WVPK8U,(01)03760000001038(17)280630(10)JD-003(21)GG6NW7WVPK8U,Ibuprofene 400 mg,03760000001038,JD-003,synthetique,occlusion,3,367,263,243,243,800,600,0.15
degradees/GK6AUJ3FNB2A_flou1.png,GK6AUJ3FNB2A,(01)03760000001014(17)280630(10)JD-001(21)GK6AUJ3FNB2A,Paracetamol 500 mg,03760000001014,JD-001,synthetique,flou,1,183,201,289,289,800,600,3.0
degradees/GK6AUJ3FNB2A_flou2.png,GK6AUJ3FNB2A,(01)03760000001014(17)280630(10)JD-001(21)GK6AUJ3FNB2A,Paracetamol 500 mg,03760000001014,JD-001,synthetique,flou,2,183,201,289,289,800,600,5.0
degradees/GK6AUJ3FNB2A_flou3.png,GK6AUJ3FNB2A,(01)03760000001014(17)280630(10)JD-001(21)GK6AUJ3FNB2A,Paracetamol 500 mg,03760000001014,JD-001,synthetique,flou,3,183,201,289,289,800,600,6.0
degradees/GK6AUJ3FNB2A_occlusion1.png,GK6AUJ3FNB2A,(01)03760000001014(17)280630(10)JD-001(21)GK6AUJ3FNB2A,Paracetamol 500 mg,03760000001014,JD-001,synthetique,occlusion,1,183,201,289,289,800,600,0.05
degradees/GK6AUJ3FNB2A_occlusion2.png,GK6AUJ3FNB2A,(01)03760000001014(17)280630(10)JD-001(21)GK6AUJ3FNB2A,Paracetamol 500 mg,03760000001014,JD-001,synthetique,occlusion,2,183,201,289,289,800,600,0.1
degradees/GK6AUJ3FNB2A_occlusion3.png,GK6AUJ3FNB2A,(01)03760000001014(17)280630(10)JD-001(21)GK6AUJ3FNB2A,Paracetamol 500 mg,03760000001014,JD-001,synthetique,occlusion,3,183,201,289,289,800,600,0.15
degradees/GN53K2KR29EQ_flou1.png,GN53K2KR29EQ,(01)03760000001014(17)280630(10)JD-001(21)GN53K2KR29EQ,Paracetamol 500 mg,03760000001014,JD-001,synthetique,flou,1,310,271,268,127,800,600,3.0
degradees/GN53K2KR29EQ_flou2.png,GN53K2KR29EQ,(01)03760000001014(17)280630(10)JD-001(21)GN53K2KR29EQ,Paracetamol 500 mg,03760000001014,JD-001,synthetique,flou,2,310,271,268,127,800,600,5.0
degradees/GN53K2KR29EQ_flou3.png,GN53K2KR29EQ,(01)03760000001014(17)280630(10)JD-001(21)GN53K2KR29EQ,Paracetamol 500 mg,03760000001014,JD-001,synthetique,flou,3,310,271,268,127,800,600,6.0
degradees/GN53K2KR29EQ_occlusion1.png,GN53K2KR29EQ,(01)03760000001014(17)280630(10)JD-001(21)GN53K2KR29EQ,Paracetamol 500 mg,03760000001014,JD-001,synthetique,occlusion,1,310,271,268,127,800,600,0.05
degradees/GN53K2KR29EQ_occlusion2.png,GN53K2KR29EQ,(01)03760000001014(17)280630(10)JD-001(21)GN53K2KR29EQ,Paracetamol 500 mg,03760000001014,JD-001,synthetique,occlusion,2,310,271,268,127,800,600,0.1
degradees/GN53K2KR29EQ_occlusion3.png,GN53K2KR29EQ,(01)03760000001014(17)280630(10)JD-001(21)GN53K2KR29EQ,Paracetamol 500 mg,03760000001014,JD-001,synthetique,occlusion,3,310,271,268,127,800,600,0.15
degradees/GNJP32BC6A27_flou1.png,GNJP32BC6A27,(01)03760000001014(17)280630(10)JD-001(21)GNJP32BC6A27,Paracetamol 500 mg,03760000001014,JD-001,synthetique,flou,1,414,308,223,106,800,600,3.0
degradees/GNJP32BC6A27_flou2.png,GNJP32BC6A27,(01)03760000001014(17)280630(10)JD-001(21)GNJP32BC6A27,Paracetamol 500 mg,03760000001014,JD-001,synthetique,flou,2,414,308,223,106,800,600,5.0
degradees/GNJP32BC6A27_flou3.png,GNJP32BC6A27,(01)03760000001014(17)280630(10)JD-001(21)GNJP32BC6A27,Paracetamol 500 mg,03760000001014,JD-001,synthetique,flou,3,414,308,223,106,800,600,6.0
degradees/GNJP32BC6A27_occlusion1.png,GNJP32BC6A27,(01)03760000001014(17)280630(10)JD-001(21)GNJP32BC6A27,Paracetamol 500 mg,03760000001014,JD-001,synthetique,occlusion,1,414,308,223,106,800,600,0.05
degradees/GNJP32BC6A27_occlusion2.png,GNJP32BC6A27,(01)03760000001014(17)280630(10)JD-001(21)GNJP32BC6A27,Paracetamol 500 mg,03760000001014,JD-001,synthetique,occlusion,2,414,308,223,106,800,600,0.1
degradees/GNJP32BC6A27_occlusion3.png,GNJP32BC6A27,(01)03760000001014(17)280630(10)JD-001(21)GNJP32BC6A27,Paracetamol 500 mg,03760000001014,JD-001,synthetique,occlusion,3,414,308,223,106,800,600,0.15
degradees/GSG77HV5P9YC_flou1.png,GSG77HV5P9YC,(01)03760000001014(17)280630(10)JD-001(21)GSG77HV5P9YC,Paracetamol 500 mg,03760000001014,JD-001,synthetique,flou,1,406,219,315,315,800,600,3.0
degradees/GSG77HV5P9YC_flou2.png,GSG77HV5P9YC,(01)03760000001014(17)280630(10)JD-001(21)GSG77HV5P9YC,Paracetamol 500 mg,03760000001014,JD-001,synthetique,flou,2,406,219,315,315,800,600,5.0
degradees/GSG77HV5P9YC_flou3.png,GSG77HV5P9YC,(01)03760000001014(17)280630(10)JD-001(21)GSG77HV5P9YC,Paracetamol 500 mg,03760000001014,JD-001,synthetique,flou,3,406,219,315,315,800,600,6.0
degradees/GSG77HV5P9YC_occlusion1.png,GSG77HV5P9YC,(01)03760000001014(17)280630(10)JD-001(21)GSG77HV5P9YC,Paracetamol 500 mg,03760000001014,JD-001,synthetique,occlusion,1,406,219,315,315,800,600,0.05
degradees/GSG77HV5P9YC_occlusion2.png,GSG77HV5P9YC,(01)03760000001014(17)280630(10)JD-001(21)GSG77HV5P9YC,Paracetamol 500 mg,03760000001014,JD-001,synthetique,occlusion,2,406,219,315,315,800,600,0.1
degradees/GSG77HV5P9YC_occlusion3.png,GSG77HV5P9YC,(01)03760000001014(17)280630(10)JD-001(21)GSG77HV5P9YC,Paracetamol 500 mg,03760000001014,JD-001,synthetique,occlusion,3,406,219,315,315,800,600,0.15
degradees/GZEVRQX6C53B_flou1.png,GZEVRQX6C53B,(01)03760000001038(17)280630(10)JD-003(21)GZEVRQX6C53B,Ibuprofene 400 mg,03760000001038,JD-003,synthetique,flou,1,286,235,316,150,800,600,3.0
degradees/GZEVRQX6C53B_flou2.png,GZEVRQX6C53B,(01)03760000001038(17)280630(10)JD-003(21)GZEVRQX6C53B,Ibuprofene 400 mg,03760000001038,JD-003,synthetique,flou,2,286,235,316,150,800,600,5.0
degradees/GZEVRQX6C53B_flou3.png,GZEVRQX6C53B,(01)03760000001038(17)280630(10)JD-003(21)GZEVRQX6C53B,Ibuprofene 400 mg,03760000001038,JD-003,synthetique,flou,3,286,235,316,150,800,600,6.0
degradees/GZEVRQX6C53B_occlusion1.png,GZEVRQX6C53B,(01)03760000001038(17)280630(10)JD-003(21)GZEVRQX6C53B,Ibuprofene 400 mg,03760000001038,JD-003,synthetique,occlusion,1,286,235,316,150,800,600,0.05
degradees/GZEVRQX6C53B_occlusion2.png,GZEVRQX6C53B,(01)03760000001038(17)280630(10)JD-003(21)GZEVRQX6C53B,Ibuprofene 400 mg,03760000001038,JD-003,synthetique,occlusion,2,286,235,316,150,800,600,0.1
degradees/GZEVRQX6C53B_occlusion3.png,GZEVRQX6C53B,(01)03760000001038(17)280630(10)JD-003(21)GZEVRQX6C53B,Ibuprofene 400 mg,03760000001038,JD-003,synthetique,occlusion,3,286,235,316,150,800,600,0.15
degradees/H5GSTVP6AHZJ_flou1.png,H5GSTVP6AHZJ,(01)03760000001021(17)280630(10)JD-002(21)H5GSTVP6AHZJ,Amoxicilline 500 mg,03760000001021,JD-002,synthetique,flou,1,108,313,219,219,800,600,3.0
degradees/H5GSTVP6AHZJ_flou2.png,H5GSTVP6AHZJ,(01)03760000001021(17)280630(10)JD-002(21)H5GSTVP6AHZJ,Amoxicilline 500 mg,03760000001021,JD-002,synthetique,flou,2,108,313,219,219,800,600,5.0
degradees/H5GSTVP6AHZJ_flou3.png,H5GSTVP6AHZJ,(01)03760000001021(17)280630(10)JD-002(21)H5GSTVP6AHZJ,Amoxicilline 500 mg,03760000001021,JD-002,synthetique,flou,3,108,313,219,219,800,600,6.0
degradees/H5GSTVP6AHZJ_occlusion1.png,H5GSTVP6AHZJ,(01)03760000001021(17)280630(10)JD-002(21)H5GSTVP6AHZJ,Amoxicilline 500 mg,03760000001021,JD-002,synthetique,occlusion,1,108,313,219,219,800,600,0.05
degradees/H5GSTVP6AHZJ_occlusion2.png,H5GSTVP6AHZJ,(01)03760000001021(17)280630(10)JD-002(21)H5GSTVP6AHZJ,Amoxicilline 500 mg,03760000001021,JD-002,synthetique,occlusion,2,108,313,219,219,800,600,0.1
degradees/H5GSTVP6AHZJ_occlusion3.png,H5GSTVP6AHZJ,(01)03760000001021(17)280630(10)JD-002(21)H5GSTVP6AHZJ,Amoxicilline 500 mg,03760000001021,JD-002,synthetique,occlusion,3,108,313,219,219,800,600,0.15
degradees/H96SG6WPHHGF_flou1.png,H96SG6WPHHGF,(01)03760000001038(17)280630(10)JD-003(21)H96SG6WPHHGF,Ibuprofene 400 mg,03760000001038,JD-003,synthetique,flou,1,70,179,232,110,800,600,3.0
degradees/H96SG6WPHHGF_flou2.png,H96SG6WPHHGF,(01)03760000001038(17)280630(10)JD-003(21)H96SG6WPHHGF,Ibuprofene 400 mg,03760000001038,JD-003,synthetique,flou,2,70,179,232,110,800,600,5.0
degradees/H96SG6WPHHGF_flou3.png,H96SG6WPHHGF,(01)03760000001038(17)280630(10)JD-003(21)H96SG6WPHHGF,Ibuprofene 400 mg,03760000001038,JD-003,synthetique,flou,3,70,179,232,110,800,600,6.0
degradees/H96SG6WPHHGF_occlusion1.png,H96SG6WPHHGF,(01)03760000001038(17)280630(10)JD-003(21)H96SG6WPHHGF,Ibuprofene 400 mg,03760000001038,JD-003,synthetique,occlusion,1,70,179,232,110,800,600,0.05
degradees/H96SG6WPHHGF_occlusion2.png,H96SG6WPHHGF,(01)03760000001038(17)280630(10)JD-003(21)H96SG6WPHHGF,Ibuprofene 400 mg,03760000001038,JD-003,synthetique,occlusion,2,70,179,232,110,800,600,0.1
degradees/H96SG6WPHHGF_occlusion3.png,H96SG6WPHHGF,(01)03760000001038(17)280630(10)JD-003(21)H96SG6WPHHGF,Ibuprofene 400 mg,03760000001038,JD-003,synthetique,occlusion,3,70,179,232,110,800,600,0.15
degradees/HM2DT6QHGQTG_flou1.png,HM2DT6QHGQTG,(01)03760000001021(17)280630(10)JD-002(21)HM2DT6QHGQTG,Amoxicilline 500 mg,03760000001021,JD-002,synthetique,flou,1,495,208,236,236,800,600,3.0
degradees/HM2DT6QHGQTG_flou2.png,HM2DT6QHGQTG,(01)03760000001021(17)280630(10)JD-002(21)HM2DT6QHGQTG,Amoxicilline 500 mg,03760000001021,JD-002,synthetique,flou,2,495,208,236,236,800,600,5.0
degradees/HM2DT6QHGQTG_flou3.png,HM2DT6QHGQTG,(01)03760000001021(17)280630(10)JD-002(21)HM2DT6QHGQTG,Amoxicilline 500 mg,03760000001021,JD-002,synthetique,flou,3,495,208,236,236,800,600,6.0
degradees/HM2DT6QHGQTG_occlusion1.png,HM2DT6QHGQTG,(01)03760000001021(17)280630(10)JD-002(21)HM2DT6QHGQTG,Amoxicilline 500 mg,03760000001021,JD-002,synthetique,occlusion,1,495,208,236,236,800,600,0.05
degradees/HM2DT6QHGQTG_occlusion2.png,HM2DT6QHGQTG,(01)03760000001021(17)280630(10)JD-002(21)HM2DT6QHGQTG,Amoxicilline 500 mg,03760000001021,JD-002,synthetique,occlusion,2,495,208,236,236,800,600,0.1
degradees/HM2DT6QHGQTG_occlusion3.png,HM2DT6QHGQTG,(01)03760000001021(17)280630(10)JD-002(21)HM2DT6QHGQTG,Amoxicilline 500 mg,03760000001021,JD-002,synthetique,occlusion,3,495,208,236,236,800,600,0.15
degradees/HX57EJ35CSE2_flou1.png,HX57EJ35CSE2,(01)03760000001021(17)280630(10)JD-002(21)HX57EJ35CSE2,Amoxicilline 500 mg,03760000001021,JD-002,synthetique,flou,1,375,186,212,100,800,600,3.0
degradees/HX57EJ35CSE2_flou2.png,HX57EJ35CSE2,(01)03760000001021(17)280630(10)JD-002(21)HX57EJ35CSE2,Amoxicilline 500 mg,03760000001021,JD-002,synthetique,flou,2,375,186,212,100,800,600,5.0
degradees/HX57EJ35CSE2_flou3.png,HX57EJ35CSE2,(01)03760000001021(17)280630(10)JD-002(21)HX57EJ35CSE2,Amoxicilline 500 mg,03760000001021,JD-002,synthetique,flou,3,375,186,212,100,800,600,6.0
degradees/HX57EJ35CSE2_occlusion1.png,HX57EJ35CSE2,(01)03760000001021(17)280630(10)JD-002(21)HX57EJ35CSE2,Amoxicilline 500 mg,03760000001021,JD-002,synthetique,occlusion,1,375,186,212,100,800,600,0.05
degradees/HX57EJ35CSE2_occlusion2.png,HX57EJ35CSE2,(01)03760000001021(17)280630(10)JD-002(21)HX57EJ35CSE2,Amoxicilline 500 mg,03760000001021,JD-002,synthetique,occlusion,2,375,186,212,100,800,600,0.1
degradees/HX57EJ35CSE2_occlusion3.png,HX57EJ35CSE2,(01)03760000001021(17)280630(10)JD-002(21)HX57EJ35CSE2,Amoxicilline 500 mg,03760000001021,JD-002,synthetique,occlusion,3,375,186,212,100,800,600,0.15
degradees/J65EVVKE9M8G_flou1.png,J65EVVKE9M8G,(01)03760000001014(17)280630(10)JD-001(21)J65EVVKE9M8G,Paracetamol 500 mg,03760000001014,JD-001,synthetique,flou,1,96,193,258,122,800,600,3.0
degradees/J65EVVKE9M8G_flou2.png,J65EVVKE9M8G,(01)03760000001014(17)280630(10)JD-001(21)J65EVVKE9M8G,Paracetamol 500 mg,03760000001014,JD-001,synthetique,flou,2,96,193,258,122,800,600,5.0
degradees/J65EVVKE9M8G_flou3.png,J65EVVKE9M8G,(01)03760000001014(17)280630(10)JD-001(21)J65EVVKE9M8G,Paracetamol 500 mg,03760000001014,JD-001,synthetique,flou,3,96,193,258,122,800,600,6.0
degradees/J65EVVKE9M8G_occlusion1.png,J65EVVKE9M8G,(01)03760000001014(17)280630(10)JD-001(21)J65EVVKE9M8G,Paracetamol 500 mg,03760000001014,JD-001,synthetique,occlusion,1,96,193,258,122,800,600,0.05
degradees/J65EVVKE9M8G_occlusion2.png,J65EVVKE9M8G,(01)03760000001014(17)280630(10)JD-001(21)J65EVVKE9M8G,Paracetamol 500 mg,03760000001014,JD-001,synthetique,occlusion,2,96,193,258,122,800,600,0.1
degradees/J65EVVKE9M8G_occlusion3.png,J65EVVKE9M8G,(01)03760000001014(17)280630(10)JD-001(21)J65EVVKE9M8G,Paracetamol 500 mg,03760000001014,JD-001,synthetique,occlusion,3,96,193,258,122,800,600,0.15
degradees/J67PB2DDCXDR_flou1.png,J67PB2DDCXDR,(01)03760000001045(17)280630(10)JD-004(21)J67PB2DDCXDR,Metformine 850 mg,03760000001045,JD-004,synthetique,flou,1,65,387,243,115,800,600,3.0
degradees/J67PB2DDCXDR_flou2.png,J67PB2DDCXDR,(01)03760000001045(17)280630(10)JD-004(21)J67PB2DDCXDR,Metformine 850 mg,03760000001045,JD-004,synthetique,flou,2,65,387,243,115,800,600,5.0
degradees/J67PB2DDCXDR_flou3.png,J67PB2DDCXDR,(01)03760000001045(17)280630(10)JD-004(21)J67PB2DDCXDR,Metformine 850 mg,03760000001045,JD-004,synthetique,flou,3,65,387,243,115,800,600,6.0
degradees/J67PB2DDCXDR_occlusion1.png,J67PB2DDCXDR,(01)03760000001045(17)280630(10)JD-004(21)J67PB2DDCXDR,Metformine 850 mg,03760000001045,JD-004,synthetique,occlusion,1,65,387,243,115,800,600,0.05
degradees/J67PB2DDCXDR_occlusion2.png,J67PB2DDCXDR,(01)03760000001045(17)280630(10)JD-004(21)J67PB2DDCXDR,Metformine 850 mg,03760000001045,JD-004,synthetique,occlusion,2,65,387,243,115,800,600,0.1
degradees/J67PB2DDCXDR_occlusion3.png,J67PB2DDCXDR,(01)03760000001045(17)280630(10)JD-004(21)J67PB2DDCXDR,Metformine 850 mg,03760000001045,JD-004,synthetique,occlusion,3,65,387,243,115,800,600,0.15
degradees/JAWD8EZPEMPH_flou1.png,JAWD8EZPEMPH,(01)03760000001021(17)280630(10)JD-002(21)JAWD8EZPEMPH,Amoxicilline 500 mg,03760000001021,JD-002,synthetique,flou,1,440,218,273,273,800,600,3.0
degradees/JAWD8EZPEMPH_flou2.png,JAWD8EZPEMPH,(01)03760000001021(17)280630(10)JD-002(21)JAWD8EZPEMPH,Amoxicilline 500 mg,03760000001021,JD-002,synthetique,flou,2,440,218,273,273,800,600,5.0
degradees/JAWD8EZPEMPH_flou3.png,JAWD8EZPEMPH,(01)03760000001021(17)280630(10)JD-002(21)JAWD8EZPEMPH,Amoxicilline 500 mg,03760000001021,JD-002,synthetique,flou,3,440,218,273,273,800,600,6.0
degradees/JAWD8EZPEMPH_occlusion1.png,JAWD8EZPEMPH,(01)03760000001021(17)280630(10)JD-002(21)JAWD8EZPEMPH,Amoxicilline 500 mg,03760000001021,JD-002,synthetique,occlusion,1,440,218,273,273,800,600,0.05
degradees/JAWD8EZPEMPH_occlusion2.png,JAWD8EZPEMPH,(01)03760000001021(17)280630(10)JD-002(21)JAWD8EZPEMPH,Amoxicilline 500 mg,03760000001021,JD-002,synthetique,occlusion,2,440,218,273,273,800,600,0.1
degradees/JAWD8EZPEMPH_occlusion3.png,JAWD8EZPEMPH,(01)03760000001021(17)280630(10)JD-002(21)JAWD8EZPEMPH,Amoxicilline 500 mg,03760000001021,JD-002,synthetique,occlusion,3,440,218,273,273,800,600,0.15
degradees/JKVH5WPWFPFA_flou1.png,JKVH5WPWFPFA,(01)03760000001014(17)280630(10)JD-001(21)JKVH5WPWFPFA,Paracetamol 500 mg,03760000001014,JD-001,synthetique,flou,1,308,218,267,267,800,600,3.0
degradees/JKVH5WPWFPFA_flou2.png,JKVH5WPWFPFA,(01)03760000001014(17)280630(10)JD-001(21)JKVH5WPWFPFA,Paracetamol 500 mg,03760000001014,JD-001,synthetique,flou,2,308,218,267,267,800,600,5.0
degradees/JKVH5WPWFPFA_flou3.png,JKVH5WPWFPFA,(01)03760000001014(17)280630(10)JD-001(21)JKVH5WPWFPFA,Paracetamol 500 mg,03760000001014,JD-001,synthetique,flou,3,308,218,267,267,800,600,6.0
degradees/JKVH5WPWFPFA_occlusion1.png,JKVH5WPWFPFA,(01)03760000001014(17)280630(10)JD-001(21)JKVH5WPWFPFA,Paracetamol 500 mg,03760000001014,JD-001,synthetique,occlusion,1,308,218,267,267,800,600,0.05
degradees/JKVH5WPWFPFA_occlusion2.png,JKVH5WPWFPFA,(01)03760000001014(17)280630(10)JD-001(21)JKVH5WPWFPFA,Paracetamol 500 mg,03760000001014,JD-001,synthetique,occlusion,2,308,218,267,267,800,600,0.1
degradees/JKVH5WPWFPFA_occlusion3.png,JKVH5WPWFPFA,(01)03760000001014(17)280630(10)JD-001(21)JKVH5WPWFPFA,Paracetamol 500 mg,03760000001014,JD-001,synthetique,occlusion,3,308,218,267,267,800,600,0.15
degradees/JWN3KT2TG4ZE_flou1.png,JWN3KT2TG4ZE,(01)03760000001021(17)280630(10)JD-002(21)JWN3KT2TG4ZE,Amoxicilline 500 mg,03760000001021,JD-002,synthetique,flou,1,296,261,268,268,800,600,3.0
degradees/JWN3KT2TG4ZE_flou2.png,JWN3KT2TG4ZE,(01)03760000001021(17)280630(10)JD-002(21)JWN3KT2TG4ZE,Amoxicilline 500 mg,03760000001021,JD-002,synthetique,flou,2,296,261,268,268,800,600,5.0
degradees/JWN3KT2TG4ZE_flou3.png,JWN3KT2TG4ZE,(01)03760000001021(17)280630(10)JD-002(21)JWN3KT2TG4ZE,Amoxicilline 500 mg,03760000001021,JD-002,synthetique,flou,3,296,261,268,268,800,600,6.0
degradees/JWN3KT2TG4ZE_occlusion1.png,JWN3KT2TG4ZE,(01)03760000001021(17)280630(10)JD-002(21)JWN3KT2TG4ZE,Amoxicilline 500 mg,03760000001021,JD-002,synthetique,occlusion,1,296,261,268,268,800,600,0.05
degradees/JWN3KT2TG4ZE_occlusion2.png,JWN3KT2TG4ZE,(01)03760000001021(17)280630(10)JD-002(21)JWN3KT2TG4ZE,Amoxicilline 500 mg,03760000001021,JD-002,synthetique,occlusion,2,296,261,268,268,800,600,0.1
degradees/JWN3KT2TG4ZE_occlusion3.png,JWN3KT2TG4ZE,(01)03760000001021(17)280630(10)JD-002(21)JWN3KT2TG4ZE,Amoxicilline 500 mg,03760000001021,JD-002,synthetique,occlusion,3,296,261,268,268,800,600,0.15
degradees/JWYR4HHMJYST_flou1.png,JWYR4HHMJYST,(01)03760000001014(17)280630(10)JD-001(21)JWYR4HHMJYST,Paracetamol 500 mg,03760000001014,JD-001,synthetique,flou,1,468,193,236,236,800,600,3.0
degradees/JWYR4HHMJYST_flou2.png,JWYR4HHMJYST,(01)03760000001014(17)280630(10)JD-001(21)JWYR4HHMJYST,Paracetamol 500 mg,03760000001014,JD-001,synthetique,flou,2,468,193,236,236,800,600,5.0
degradees/JWYR4HHMJYST_flou3.png,JWYR4HHMJYST,(01)03760000001014(17)280630(10)JD-001(21)JWYR4HHMJYST,Paracetamol 500 mg,03760000001014,JD-001,synthetique,flou,3,468,193,236,236,800,600,6.0
degradees/JWYR4HHMJYST_occlusion1.png,JWYR4HHMJYST,(01)03760000001014(17)280630(10)JD-001(21)JWYR4HHMJYST,Paracetamol 500 mg,03760000001014,JD-001,synthetique,occlusion,1,468,193,236,236,800,600,0.05
degradees/JWYR4HHMJYST_occlusion2.png,JWYR4HHMJYST,(01)03760000001014(17)280630(10)JD-001(21)JWYR4HHMJYST,Paracetamol 500 mg,03760000001014,JD-001,synthetique,occlusion,2,468,193,236,236,800,600,0.1
degradees/JWYR4HHMJYST_occlusion3.png,JWYR4HHMJYST,(01)03760000001014(17)280630(10)JD-001(21)JWYR4HHMJYST,Paracetamol 500 mg,03760000001014,JD-001,synthetique,occlusion,3,468,193,236,236,800,600,0.15
degradees/K5E268PN66YY_flou1.png,K5E268PN66YY,(01)03760000001038(17)280630(10)JD-003(21)K5E268PN66YY,Ibuprofene 400 mg,03760000001038,JD-003,synthetique,flou,1,177,420,222,105,800,600,3.0
degradees/K5E268PN66YY_flou2.png,K5E268PN66YY,(01)03760000001038(17)280630(10)JD-003(21)K5E268PN66YY,Ibuprofene 400 mg,03760000001038,JD-003,synthetique,flou,2,177,420,222,105,800,600,5.0
degradees/K5E268PN66YY_flou3.png,K5E268PN66YY,(01)03760000001038(17)280630(10)JD-003(21)K5E268PN66YY,Ibuprofene 400 mg,03760000001038,JD-003,synthetique,flou,3,177,420,222,105,800,600,6.0
degradees/K5E268PN66YY_occlusion1.png,K5E268PN66YY,(01)03760000001038(17)280630(10)JD-003(21)K5E268PN66YY,Ibuprofene 400 mg,03760000001038,JD-003,synthetique,occlusion,1,177,420,222,105,800,600,0.05
degradees/K5E268PN66YY_occlusion2.png,K5E268PN66YY,(01)03760000001038(17)280630(10)JD-003(21)K5E268PN66YY,Ibuprofene 400 mg,03760000001038,JD-003,synthetique,occlusion,2,177,420,222,105,800,600,0.1
degradees/K5E268PN66YY_occlusion3.png,K5E268PN66YY,(01)03760000001038(17)280630(10)JD-003(21)K5E268PN66YY,Ibuprofene 400 mg,03760000001038,JD-003,synthetique,occlusion,3,177,420,222,105,800,600,0.15
degradees/KDEPAJE8NQ59_flou1.png,KDEPAJE8NQ59,(01)03760000001014(17)280630(10)JD-001(21)KDEPAJE8NQ59,Paracetamol 500 mg,03760000001014,JD-001,synthetique,flou,1,416,323,229,108,800,600,3.0
degradees/KDEPAJE8NQ59_flou2.png,KDEPAJE8NQ59,(01)03760000001014(17)280630(10)JD-001(21)KDEPAJE8NQ59,Paracetamol 500 mg,03760000001014,JD-001,synthetique,flou,2,416,323,229,108,800,600,5.0
degradees/KDEPAJE8NQ59_flou3.png,KDEPAJE8NQ59,(01)03760000001014(17)280630(10)JD-001(21)KDEPAJE8NQ59,Paracetamol 500 mg,03760000001014,JD-001,synthetique,flou,3,416,323,229,108,800,600,6.0
degradees/KDEPAJE8NQ59_occlusion1.png,KDEPAJE8NQ59,(01)03760000001014(17)280630(10)JD-001(21)KDEPAJE8NQ59,Paracetamol 500 mg,03760000001014,JD-001,synthetique,occlusion,1,416,323,229,108,800,600,0.05
degradees/KDEPAJE8NQ59_occlusion2.png,KDEPAJE8NQ59,(01)03760000001014(17)280630(10)JD-001(21)KDEPAJE8NQ59,Paracetamol 500 mg,03760000001014,JD-001,synthetique,occlusion,2,416,323,229,108,800,600,0.1
degradees/KDEPAJE8NQ59_occlusion3.png,KDEPAJE8NQ59,(01)03760000001014(17)280630(10)JD-001(21)KDEPAJE8NQ59,Paracetamol 500 mg,03760000001014,JD-001,synthetique,occlusion,3,416,323,229,108,800,600,0.15
degradees/KHK2VWW7KZ4H_flou1.png,KHK2VWW7KZ4H,(01)03760000001045(17)280630(10)JD-004(21)KHK2VWW7KZ4H,Metformine 850 mg,03760000001045,JD-004,synthetique,flou,1,91,232,277,277,800,600,3.0
degradees/KHK2VWW7KZ4H_flou2.png,KHK2VWW7KZ4H,(01)03760000001045(17)280630(10)JD-004(21)KHK2VWW7KZ4H,Metformine 850 mg,03760000001045,JD-004,synthetique,flou,2,91,232,277,277,800,600,5.0
degradees/KHK2VWW7KZ4H_flou3.png,KHK2VWW7KZ4H,(01)03760000001045(17)280630(10)JD-004(21)KHK2VWW7KZ4H,Metformine 850 mg,03760000001045,JD-004,synthetique,flou,3,91,232,277,277,800,600,6.0
degradees/KHK2VWW7KZ4H_occlusion1.png,KHK2VWW7KZ4H,(01)03760000001045(17)280630(10)JD-004(21)KHK2VWW7KZ4H,Metformine 850 mg,03760000001045,JD-004,synthetique,occlusion,1,91,232,277,277,800,600,0.05
degradees/KHK2VWW7KZ4H_occlusion2.png,KHK2VWW7KZ4H,(01)03760000001045(17)280630(10)JD-004(21)KHK2VWW7KZ4H,Metformine 850 mg,03760000001045,JD-004,synthetique,occlusion,2,91,232,277,277,800,600,0.1
degradees/KHK2VWW7KZ4H_occlusion3.png,KHK2VWW7KZ4H,(01)03760000001045(17)280630(10)JD-004(21)KHK2VWW7KZ4H,Metformine 850 mg,03760000001045,JD-004,synthetique,occlusion,3,91,232,277,277,800,600,0.15
degradees/KKX5JW6UFGYW_flou1.png,KKX5JW6UFGYW,(01)03760000001014(17)280630(10)JD-001(21)KKX5JW6UFGYW,Paracetamol 500 mg,03760000001014,JD-001,synthetique,flou,1,318,298,208,208,800,600,3.0
degradees/KKX5JW6UFGYW_flou2.png,KKX5JW6UFGYW,(01)03760000001014(17)280630(10)JD-001(21)KKX5JW6UFGYW,Paracetamol 500 mg,03760000001014,JD-001,synthetique,flou,2,318,298,208,208,800,600,5.0
degradees/KKX5JW6UFGYW_flou3.png,KKX5JW6UFGYW,(01)03760000001014(17)280630(10)JD-001(21)KKX5JW6UFGYW,Paracetamol 500 mg,03760000001014,JD-001,synthetique,flou,3,318,298,208,208,800,600,6.0
degradees/KKX5JW6UFGYW_occlusion1.png,KKX5JW6UFGYW,(01)03760000001014(17)280630(10)JD-001(21)KKX5JW6UFGYW,Paracetamol 500 mg,03760000001014,JD-001,synthetique,occlusion,1,318,298,208,208,800,600,0.05
degradees/KKX5JW6UFGYW_occlusion2.png,KKX5JW6UFGYW,(01)03760000001014(17)280630(10)JD-001(21)KKX5JW6UFGYW,Paracetamol 500 mg,03760000001014,JD-001,synthetique,occlusion,2,318,298,208,208,800,600,0.1
degradees/KKX5JW6UFGYW_occlusion3.png,KKX5JW6UFGYW,(01)03760000001014(17)280630(10)JD-001(21)KKX5JW6UFGYW,Paracetamol 500 mg,03760000001014,JD-001,synthetique,occlusion,3,318,298,208,208,800,600,0.15
degradees/KNSP8ZB63PQ7_flou1.png,KNSP8ZB63PQ7,(01)03760000001045(17)280630(10)JD-004(21)KNSP8ZB63PQ7,Metformine 850 mg,03760000001045,JD-004,synthetique,flou,1,427,184,310,310,800,600,3.0
degradees/KNSP8ZB63PQ7_flou2.png,KNSP8ZB63PQ7,(01)03760000001045(17)280630(10)JD-004(21)KNSP8ZB63PQ7,Metformine 850 mg,03760000001045,JD-004,synthetique,flou,2,427,184,310,310,800,600,5.0
degradees/KNSP8ZB63PQ7_flou3.png,KNSP8ZB63PQ7,(01)03760000001045(17)280630(10)JD-004(21)KNSP8ZB63PQ7,Metformine 850 mg,03760000001045,JD-004,synthetique,flou,3,427,184,310,310,800,600,6.0
degradees/KNSP8ZB63PQ7_occlusion1.png,KNSP8ZB63PQ7,(01)03760000001045(17)280630(10)JD-004(21)KNSP8ZB63PQ7,Metformine 850 mg,03760000001045,JD-004,synthetique,occlusion,1,427,184,310,310,800,600,0.05
degradees/KNSP8ZB63PQ7_occlusion2.png,KNSP8ZB63PQ7,(01)03760000001045(17)280630(10)JD-004(21)KNSP8ZB63PQ7,Metformine 850 mg,03760000001045,JD-004,synthetique,occlusion,2,427,184,310,310,800,600,0.1
degradees/KNSP8ZB63PQ7_occlusion3.png,KNSP8ZB63PQ7,(01)03760000001045(17)280630(10)JD-004(21)KNSP8ZB63PQ7,Metformine 850 mg,03760000001045,JD-004,synthetique,occlusion,3,427,184,310,310,800,600,0.15
degradees/KWTW49SRYPSQ_flou1.png,KWTW49SRYPSQ,(01)03760000001045(17)280630(10)JD-004(21)KWTW49SRYPSQ,Metformine 850 mg,03760000001045,JD-004,synthetique,flou,1,293,227,292,292,800,600,3.0
degradees/KWTW49SRYPSQ_flou2.png,KWTW49SRYPSQ,(01)03760000001045(17)280630(10)JD-004(21)KWTW49SRYPSQ,Metformine 850 mg,03760000001045,JD-004,synthetique,flou,2,293,227,292,292,800,600,5.0
degradees/KWTW49SRYPSQ_flou3.png,KWTW49SRYPSQ,(01)03760000001045(17)280630(10)JD-004(21)KWTW49SRYPSQ,Metformine 850 mg,03760000001045,JD-004,synthetique,flou,3,293,227,292,292,800,600,6.0
degradees/KWTW49SRYPSQ_occlusion1.png,KWTW49SRYPSQ,(01)03760000001045(17)280630(10)JD-004(21)KWTW49SRYPSQ,Metformine 850 mg,03760000001045,JD-004,synthetique,occlusion,1,293,227,292,292,800,600,0.05
degradees/KWTW49SRYPSQ_occlusion2.png,KWTW49SRYPSQ,(01)03760000001045(17)280630(10)JD-004(21)KWTW49SRYPSQ,Metformine 850 mg,03760000001045,JD-004,synthetique,occlusion,2,293,227,292,292,800,600,0.1
degradees/KWTW49SRYPSQ_occlusion3.png,KWTW49SRYPSQ,(01)03760000001045(17)280630(10)JD-004(21)KWTW49SRYPSQ,Metformine 850 mg,03760000001045,JD-004,synthetique,occlusion,3,293,227,292,292,800,600,0.15
degradees/KZPA2E624F39_flou1.png,KZPA2E624F39,(01)03760000001038(17)280630(10)JD-003(21)KZPA2E624F39,Ibuprofene 400 mg,03760000001038,JD-003,synthetique,flou,1,241,200,298,141,800,600,3.0
degradees/KZPA2E624F39_flou2.png,KZPA2E624F39,(01)03760000001038(17)280630(10)JD-003(21)KZPA2E624F39,Ibuprofene 400 mg,03760000001038,JD-003,synthetique,flou,2,241,200,298,141,800,600,5.0
degradees/KZPA2E624F39_flou3.png,KZPA2E624F39,(01)03760000001038(17)280630(10)JD-003(21)KZPA2E624F39,Ibuprofene 400 mg,03760000001038,JD-003,synthetique,flou,3,241,200,298,141,800,600,6.0
degradees/KZPA2E624F39_occlusion1.png,KZPA2E624F39,(01)03760000001038(17)280630(10)JD-003(21)KZPA2E624F39,Ibuprofene 400 mg,03760000001038,JD-003,synthetique,occlusion,1,241,200,298,141,800,600,0.05
degradees/KZPA2E624F39_occlusion2.png,KZPA2E624F39,(01)03760000001038(17)280630(10)JD-003(21)KZPA2E624F39,Ibuprofene 400 mg,03760000001038,JD-003,synthetique,occlusion,2,241,200,298,141,800,600,0.1
degradees/KZPA2E624F39_occlusion3.png,KZPA2E624F39,(01)03760000001038(17)280630(10)JD-003(21)KZPA2E624F39,Ibuprofene 400 mg,03760000001038,JD-003,synthetique,occlusion,3,241,200,298,141,800,600,0.15
degradees/M5WGQJAJAQS5_flou1.png,M5WGQJAJAQS5,(01)03760000001014(17)280630(10)JD-001(21)M5WGQJAJAQS5,Paracetamol 500 mg,03760000001014,JD-001,synthetique,flou,1,297,180,295,295,800,600,3.0
degradees/M5WGQJAJAQS5_flou2.png,M5WGQJAJAQS5,(01)03760000001014(17)280630(10)JD-001(21)M5WGQJAJAQS5,Paracetamol 500 mg,03760000001014,JD-001,synthetique,flou,2,297,180,295,295,800,600,5.0
degradees/M5WGQJAJAQS5_flou3.png,M5WGQJAJAQS5,(01)03760000001014(17)280630(10)JD-001(21)M5WGQJAJAQS5,Paracetamol 500 mg,03760000001014,JD-001,synthetique,flou,3,297,180,295,295,800,600,6.0
degradees/M5WGQJAJAQS5_occlusion1.png,M5WGQJAJAQS5,(01)03760000001014(17)280630(10)JD-001(21)M5WGQJAJAQS5,Paracetamol 500 mg,03760000001014,JD-001,synthetique,occlusion,1,297,180,295,295,800,600,0.05
degradees/M5WGQJAJAQS5_occlusion2.png,M5WGQJAJAQS5,(01)03760000001014(17)280630(10)JD-001(21)M5WGQJAJAQS5,Paracetamol 500 mg,03760000001014,JD-001,synthetique,occlusion,2,297,180,295,295,800,600,0.1
degradees/M5WGQJAJAQS5_occlusion3.png,M5WGQJAJAQS5,(01)03760000001014(17)280630(10)JD-001(21)M5WGQJAJAQS5,Paracetamol 500 mg,03760000001014,JD-001,synthetique,occlusion,3,297,180,295,295,800,600,0.15
degradees/MYN3Z6KWTR55_flou1.png,MYN3Z6KWTR55,(01)03760000001014(17)280630(10)JD-001(21)MYN3Z6KWTR55,Paracetamol 500 mg,03760000001014,JD-001,synthetique,flou,1,122,364,248,117,800,600,3.0
degradees/MYN3Z6KWTR55_flou2.png,MYN3Z6KWTR55,(01)03760000001014(17)280630(10)JD-001(21)MYN3Z6KWTR55,Paracetamol 500 mg,03760000001014,JD-001,synthetique,flou,2,122,364,248,117,800,600,5.0
degradees/MYN3Z6KWTR55_flou3.png,MYN3Z6KWTR55,(01)03760000001014(17)280630(10)JD-001(21)MYN3Z6KWTR55,Paracetamol 500 mg,03760000001014,JD-001,synthetique,flou,3,122,364,248,117,800,600,6.0
degradees/MYN3Z6KWTR55_occlusion1.png,MYN3Z6KWTR55,(01)03760000001014(17)280630(10)JD-001(21)MYN3Z6KWTR55,Paracetamol 500 mg,03760000001014,JD-001,synthetique,occlusion,1,122,364,248,117,800,600,0.05
degradees/MYN3Z6KWTR55_occlusion2.png,MYN3Z6KWTR55,(01)03760000001014(17)280630(10)JD-001(21)MYN3Z6KWTR55,Paracetamol 500 mg,03760000001014,JD-001,synthetique,occlusion,2,122,364,248,117,800,600,0.1
degradees/MYN3Z6KWTR55_occlusion3.png,MYN3Z6KWTR55,(01)03760000001014(17)280630(10)JD-001(21)MYN3Z6KWTR55,Paracetamol 500 mg,03760000001014,JD-001,synthetique,occlusion,3,122,364,248,117,800,600,0.15
degradees/N4ZK3NTTHQVZ_flou1.png,N4ZK3NTTHQVZ,(01)03760000001021(17)280630(10)JD-002(21)N4ZK3NTTHQVZ,Amoxicilline 500 mg,03760000001021,JD-002,synthetique,flou,1,89,207,240,240,800,600,3.0
degradees/N4ZK3NTTHQVZ_flou2.png,N4ZK3NTTHQVZ,(01)03760000001021(17)280630(10)JD-002(21)N4ZK3NTTHQVZ,Amoxicilline 500 mg,03760000001021,JD-002,synthetique,flou,2,89,207,240,240,800,600,5.0
degradees/N4ZK3NTTHQVZ_flou3.png,N4ZK3NTTHQVZ,(01)03760000001021(17)280630(10)JD-002(21)N4ZK3NTTHQVZ,Amoxicilline 500 mg,03760000001021,JD-002,synthetique,flou,3,89,207,240,240,800,600,6.0
degradees/N4ZK3NTTHQVZ_occlusion1.png,N4ZK3NTTHQVZ,(01)03760000001021(17)280630(10)JD-002(21)N4ZK3NTTHQVZ,Amoxicilline 500 mg,03760000001021,JD-002,synthetique,occlusion,1,89,207,240,240,800,600,0.05
degradees/N4ZK3NTTHQVZ_occlusion2.png,N4ZK3NTTHQVZ,(01)03760000001021(17)280630(10)JD-002(21)N4ZK3NTTHQVZ,Amoxicilline 500 mg,03760000001021,JD-002,synthetique,occlusion,2,89,207,240,240,800,600,0.1
degradees/N4ZK3NTTHQVZ_occlusion3.png,N4ZK3NTTHQVZ,(01)03760000001021(17)280630(10)JD-002(21)N4ZK3NTTHQVZ,Amoxicilline 500 mg,03760000001021,JD-002,synthetique,occlusion,3,89,207,240,240,800,600,0.15
degradees/NZ5XXFEBQVWQ_flou1.png,NZ5XXFEBQVWQ,(01)03760000001045(17)280630(10)JD-004(21)NZ5XXFEBQVWQ,Metformine 850 mg,03760000001045,JD-004,synthetique,flou,1,301,253,273,273,800,600,3.0
degradees/NZ5XXFEBQVWQ_flou2.png,NZ5XXFEBQVWQ,(01)03760000001045(17)280630(10)JD-004(21)NZ5XXFEBQVWQ,Metformine 850 mg,03760000001045,JD-004,synthetique,flou,2,301,253,273,273,800,600,5.0
degradees/NZ5XXFEBQVWQ_flou3.png,NZ5XXFEBQVWQ,(01)03760000001045(17)280630(10)JD-004(21)NZ5XXFEBQVWQ,Metformine 850 mg,03760000001045,JD-004,synthetique,flou,3,301,253,273,273,800,600,6.0
degradees/NZ5XXFEBQVWQ_occlusion1.png,NZ5XXFEBQVWQ,(01)03760000001045(17)280630(10)JD-004(21)NZ5XXFEBQVWQ,Metformine 850 mg,03760000001045,JD-004,synthetique,occlusion,1,301,253,273,273,800,600,0.05
degradees/NZ5XXFEBQVWQ_occlusion2.png,NZ5XXFEBQVWQ,(01)03760000001045(17)280630(10)JD-004(21)NZ5XXFEBQVWQ,Metformine 850 mg,03760000001045,JD-004,synthetique,occlusion,2,301,253,273,273,800,600,0.1
degradees/NZ5XXFEBQVWQ_occlusion3.png,NZ5XXFEBQVWQ,(01)03760000001045(17)280630(10)JD-004(21)NZ5XXFEBQVWQ,Metformine 850 mg,03760000001045,JD-004,synthetique,occlusion,3,301,253,273,273,800,600,0.15
degradees/P563G27CHA3T_flou1.png,P563G27CHA3T,(01)03760000001045(17)280630(10)JD-004(21)P563G27CHA3T,Metformine 850 mg,03760000001045,JD-004,synthetique,flou,1,335,411,243,115,800,600,3.0
degradees/P563G27CHA3T_flou2.png,P563G27CHA3T,(01)03760000001045(17)280630(10)JD-004(21)P563G27CHA3T,Metformine 850 mg,03760000001045,JD-004,synthetique,flou,2,335,411,243,115,800,600,5.0
degradees/P563G27CHA3T_flou3.png,P563G27CHA3T,(01)03760000001045(17)280630(10)JD-004(21)P563G27CHA3T,Metformine 850 mg,03760000001045,JD-004,synthetique,flou,3,335,411,243,115,800,600,6.0
degradees/P563G27CHA3T_occlusion1.png,P563G27CHA3T,(01)03760000001045(17)280630(10)JD-004(21)P563G27CHA3T,Metformine 850 mg,03760000001045,JD-004,synthetique,occlusion,1,335,411,243,115,800,600,0.05
degradees/P563G27CHA3T_occlusion2.png,P563G27CHA3T,(01)03760000001045(17)280630(10)JD-004(21)P563G27CHA3T,Metformine 850 mg,03760000001045,JD-004,synthetique,occlusion,2,335,411,243,115,800,600,0.1
degradees/P563G27CHA3T_occlusion3.png,P563G27CHA3T,(01)03760000001045(17)280630(10)JD-004(21)P563G27CHA3T,Metformine 850 mg,03760000001045,JD-004,synthetique,occlusion,3,335,411,243,115,800,600,0.15
degradees/Q2K5G9UFZRUQ_flou1.png,Q2K5G9UFZRUQ,(01)03760000001045(17)280630(10)JD-004(21)Q2K5G9UFZRUQ,Metformine 850 mg,03760000001045,JD-004,synthetique,flou,1,73,257,238,238,800,600,3.0
degradees/Q2K5G9UFZRUQ_flou2.png,Q2K5G9UFZRUQ,(01)03760000001045(17)280630(10)JD-004(21)Q2K5G9UFZRUQ,Metformine 850 mg,03760000001045,JD-004,synthetique,flou,2,73,257,238,238,800,600,5.0
degradees/Q2K5G9UFZRUQ_flou3.png,Q2K5G9UFZRUQ,(01)03760000001045(17)280630(10)JD-004(21)Q2K5G9UFZRUQ,Metformine 850 mg,03760000001045,JD-004,synthetique,flou,3,73,257,238,238,800,600,6.0
degradees/Q2K5G9UFZRUQ_occlusion1.png,Q2K5G9UFZRUQ,(01)03760000001045(17)280630(10)JD-004(21)Q2K5G9UFZRUQ,Metformine 850 mg,03760000001045,JD-004,synthetique,occlusion,1,73,257,238,238,800,600,0.05
degradees/Q2K5G9UFZRUQ_occlusion2.png,Q2K5G9UFZRUQ,(01)03760000001045(17)280630(10)JD-004(21)Q2K5G9UFZRUQ,Metformine 850 mg,03760000001045,JD-004,synthetique,occlusion,2,73,257,238,238,800,600,0.1
degradees/Q2K5G9UFZRUQ_occlusion3.png,Q2K5G9UFZRUQ,(01)03760000001045(17)280630(10)JD-004(21)Q2K5G9UFZRUQ,Metformine 850 mg,03760000001045,JD-004,synthetique,occlusion,3,73,257,238,238,800,600,0.15
degradees/QQ8WP67NYAE9_flou1.png,QQ8WP67NYAE9,(01)03760000001045(17)280630(10)JD-004(21)QQ8WP67NYAE9,Metformine 850 mg,03760000001045,JD-004,synthetique,flou,1,198,225,272,272,800,600,3.0
degradees/QQ8WP67NYAE9_flou2.png,QQ8WP67NYAE9,(01)03760000001045(17)280630(10)JD-004(21)QQ8WP67NYAE9,Metformine 850 mg,03760000001045,JD-004,synthetique,flou,2,198,225,272,272,800,600,5.0
degradees/QQ8WP67NYAE9_flou3.png,QQ8WP67NYAE9,(01)03760000001045(17)280630(10)JD-004(21)QQ8WP67NYAE9,Metformine 850 mg,03760000001045,JD-004,synthetique,flou,3,198,225,272,272,800,600,6.0
degradees/QQ8WP67NYAE9_occlusion1.png,QQ8WP67NYAE9,(01)03760000001045(17)280630(10)JD-004(21)QQ8WP67NYAE9,Metformine 850 mg,03760000001045,JD-004,synthetique,occlusion,1,198,225,272,272,800,600,0.05
degradees/QQ8WP67NYAE9_occlusion2.png,QQ8WP67NYAE9,(01)03760000001045(17)280630(10)JD-004(21)QQ8WP67NYAE9,Metformine 850 mg,03760000001045,JD-004,synthetique,occlusion,2,198,225,272,272,800,600,0.1
degradees/QQ8WP67NYAE9_occlusion3.png,QQ8WP67NYAE9,(01)03760000001045(17)280630(10)JD-004(21)QQ8WP67NYAE9,Metformine 850 mg,03760000001045,JD-004,synthetique,occlusion,3,198,225,272,272,800,600,0.15
degradees/QXWQJHNVBCEF_flou1.png,QXWQJHNVBCEF,(01)03760000001038(17)280630(10)JD-003(21)QXWQJHNVBCEF,Ibuprofene 400 mg,03760000001038,JD-003,synthetique,flou,1,388,181,280,280,800,600,3.0
degradees/QXWQJHNVBCEF_flou2.png,QXWQJHNVBCEF,(01)03760000001038(17)280630(10)JD-003(21)QXWQJHNVBCEF,Ibuprofene 400 mg,03760000001038,JD-003,synthetique,flou,2,388,181,280,280,800,600,5.0
degradees/QXWQJHNVBCEF_flou3.png,QXWQJHNVBCEF,(01)03760000001038(17)280630(10)JD-003(21)QXWQJHNVBCEF,Ibuprofene 400 mg,03760000001038,JD-003,synthetique,flou,3,388,181,280,280,800,600,6.0
degradees/QXWQJHNVBCEF_occlusion1.png,QXWQJHNVBCEF,(01)03760000001038(17)280630(10)JD-003(21)QXWQJHNVBCEF,Ibuprofene 400 mg,03760000001038,JD-003,synthetique,occlusion,1,388,181,280,280,800,600,0.05
degradees/QXWQJHNVBCEF_occlusion2.png,QXWQJHNVBCEF,(01)03760000001038(17)280630(10)JD-003(21)QXWQJHNVBCEF,Ibuprofene 400 mg,03760000001038,JD-003,synthetique,occlusion,2,388,181,280,280,800,600,0.1
degradees/QXWQJHNVBCEF_occlusion3.png,QXWQJHNVBCEF,(01)03760000001038(17)280630(10)JD-003(21)QXWQJHNVBCEF,Ibuprofene 400 mg,03760000001038,JD-003,synthetique,occlusion,3,388,181,280,280,800,600,0.15
degradees/R2BTMTRDB8K5_flou1.png,R2BTMTRDB8K5,(01)03760000001045(17)280630(10)JD-004(21)R2BTMTRDB8K5,Metformine 850 mg,03760000001045,JD-004,synthetique,flou,1,178,208,257,257,800,600,3.0
degradees/R2BTMTRDB8K5_flou2.png,R2BTMTRDB8K5,(01)03760000001045(17)280630(10)JD-004(21)R2BTMTRDB8K5,Metformine 850 mg,03760000001045,JD-004,synthetique,flou,2,178,208,257,257,800,600,5.0
degradees/R2BTMTRDB8K5_flou3.png,R2BTMTRDB8K5,(01)03760000001045(17)280630(10)JD-004(21)R2BTMTRDB8K5,Metformine 850 mg,03760000001045,JD-004,synthetique,flou,3,178,208,257,257,800,600,6.0
degradees/R2BTMTRDB8K5_occlusion1.png,R2BTMTRDB8K5,(01)03760000001045(17)280630(10)JD-004(21)R2BTMTRDB8K5,Metformine 850 mg,03760000001045,JD-004,synthetique,occlusion,1,178,208,257,257,800,600,0.05
degradees/R2BTMTRDB8K5_occlusion2.png,R2BTMTRDB8K5,(01)03760000001045(17)280630(10)JD-004(21)R2BTMTRDB8K5,Metformine 850 mg,03760000001045,JD-004,synthetique,occlusion,2,178,208,257,257,800,600,0.1
degradees/R2BTMTRDB8K5_occlusion3.png,R2BTMTRDB8K5,(01)03760000001045(17)280630(10)JD-004(21)R2BTMTRDB8K5,Metformine 850 mg,03760000001045,JD-004,synthetique,occlusion,3,178,208,257,257,800,600,0.15
degradees/SEU4AGGCGF9T_flou1.png,SEU4AGGCGF9T,(01)03760000001021(17)280630(10)JD-002(21)SEU4AGGCGF9T,Amoxicilline 500 mg,03760000001021,JD-002,synthetique,flou,1,261,184,203,203,800,600,3.0
degradees/SEU4AGGCGF9T_flou2.png,SEU4AGGCGF9T,(01)03760000001021(17)280630(10)JD-002(21)SEU4AGGCGF9T,Amoxicilline 500 mg,03760000001021,JD-002,synthetique,flou,2,261,184,203,203,800,600,5.0
degradees/SEU4AGGCGF9T_flou3.png,SEU4AGGCGF9T,(01)03760000001021(17)280630(10)JD-002(21)SEU4AGGCGF9T,Amoxicilline 500 mg,03760000001021,JD-002,synthetique,flou,3,261,184,203,203,800,600,6.0
degradees/SEU4AGGCGF9T_occlusion1.png,SEU4AGGCGF9T,(01)03760000001021(17)280630(10)JD-002(21)SEU4AGGCGF9T,Amoxicilline 500 mg,03760000001021,JD-002,synthetique,occlusion,1,261,184,203,203,800,600,0.05
degradees/SEU4AGGCGF9T_occlusion2.png,SEU4AGGCGF9T,(01)03760000001021(17)280630(10)JD-002(21)SEU4AGGCGF9T,Amoxicilline 500 mg,03760000001021,JD-002,synthetique,occlusion,2,261,184,203,203,800,600,0.1
degradees/SEU4AGGCGF9T_occlusion3.png,SEU4AGGCGF9T,(01)03760000001021(17)280630(10)JD-002(21)SEU4AGGCGF9T,Amoxicilline 500 mg,03760000001021,JD-002,synthetique,occlusion,3,261,184,203,203,800,600,0.15
degradees/SGWJ2ZM59SG9_flou1.png,SGWJ2ZM59SG9,(01)03760000001021(17)280630(10)JD-002(21)SGWJ2ZM59SG9,Amoxicilline 500 mg,03760000001021,JD-002,synthetique,flou,1,264,194,312,312,800,600,3.0
degradees/SGWJ2ZM59SG9_flou2.png,SGWJ2ZM59SG9,(01)03760000001021(17)280630(10)JD-002(21)SGWJ2ZM59SG9,Amoxicilline 500 mg,03760000001021,JD-002,synthetique,flou,2,264,194,312,312,800,600,5.0
degradees/SGWJ2ZM59SG9_flou3.png,SGWJ2ZM59SG9,(01)03760000001021(17)280630(10)JD-002(21)SGWJ2ZM59SG9,Amoxicilline 500 mg,03760000001021,JD-002,synthetique,flou,3,264,194,312,312,800,600,6.0
degradees/SGWJ2ZM59SG9_occlusion1.png,SGWJ2ZM59SG9,(01)03760000001021(17)280630(10)JD-002(21)SGWJ2ZM59SG9,Amoxicilline 500 mg,03760000001021,JD-002,synthetique,occlusion,1,264,194,312,312,800,600,0.05
degradees/SGWJ2ZM59SG9_occlusion2.png,SGWJ2ZM59SG9,(01)03760000001021(17)280630(10)JD-002(21)SGWJ2ZM59SG9,Amoxicilline 500 mg,03760000001021,JD-002,synthetique,occlusion,2,264,194,312,312,800,600,0.1
degradees/SGWJ2ZM59SG9_occlusion3.png,SGWJ2ZM59SG9,(01)03760000001021(17)280630(10)JD-002(21)SGWJ2ZM59SG9,Amoxicilline 500 mg,03760000001021,JD-002,synthetique,occlusion,3,264,194,312,312,800,600,0.15
degradees/SRM7GEJZ9WVD_flou1.png,SRM7GEJZ9WVD,(01)03760000001021(17)280630(10)JD-002(21)SRM7GEJZ9WVD,Amoxicilline 500 mg,03760000001021,JD-002,synthetique,flou,1,485,243,228,228,800,600,3.0
degradees/SRM7GEJZ9WVD_flou2.png,SRM7GEJZ9WVD,(01)03760000001021(17)280630(10)JD-002(21)SRM7GEJZ9WVD,Amoxicilline 500 mg,03760000001021,JD-002,synthetique,flou,2,485,243,228,228,800,600,5.0
degradees/SRM7GEJZ9WVD_flou3.png,SRM7GEJZ9WVD,(01)03760000001021(17)280630(10)JD-002(21)SRM7GEJZ9WVD,Amoxicilline 500 mg,03760000001021,JD-002,synthetique,flou,3,485,243,228,228,800,600,6.0
degradees/SRM7GEJZ9WVD_occlusion1.png,SRM7GEJZ9WVD,(01)03760000001021(17)280630(10)JD-002(21)SRM7GEJZ9WVD,Amoxicilline 500 mg,03760000001021,JD-002,synthetique,occlusion,1,485,243,228,228,800,600,0.05
degradees/SRM7GEJZ9WVD_occlusion2.png,SRM7GEJZ9WVD,(01)03760000001021(17)280630(10)JD-002(21)SRM7GEJZ9WVD,Amoxicilline 500 mg,03760000001021,JD-002,synthetique,occlusion,2,485,243,228,228,800,600,0.1
degradees/SRM7GEJZ9WVD_occlusion3.png,SRM7GEJZ9WVD,(01)03760000001021(17)280630(10)JD-002(21)SRM7GEJZ9WVD,Amoxicilline 500 mg,03760000001021,JD-002,synthetique,occlusion,3,485,243,228,228,800,600,0.15
degradees/T8VEWN34PKXQ_flou1.png,T8VEWN34PKXQ,(01)03760000001014(17)280630(10)JD-001(21)T8VEWN34PKXQ,Paracetamol 500 mg,03760000001014,JD-001,synthetique,flou,1,298,221,319,319,800,600,3.0
degradees/T8VEWN34PKXQ_flou2.png,T8VEWN34PKXQ,(01)03760000001014(17)280630(10)JD-001(21)T8VEWN34PKXQ,Paracetamol 500 mg,03760000001014,JD-001,synthetique,flou,2,298,221,319,319,800,600,5.0
degradees/T8VEWN34PKXQ_flou3.png,T8VEWN34PKXQ,(01)03760000001014(17)280630(10)JD-001(21)T8VEWN34PKXQ,Paracetamol 500 mg,03760000001014,JD-001,synthetique,flou,3,298,221,319,319,800,600,6.0
degradees/T8VEWN34PKXQ_occlusion1.png,T8VEWN34PKXQ,(01)03760000001014(17)280630(10)JD-001(21)T8VEWN34PKXQ,Paracetamol 500 mg,03760000001014,JD-001,synthetique,occlusion,1,298,221,319,319,800,600,0.05
degradees/T8VEWN34PKXQ_occlusion2.png,T8VEWN34PKXQ,(01)03760000001014(17)280630(10)JD-001(21)T8VEWN34PKXQ,Paracetamol 500 mg,03760000001014,JD-001,synthetique,occlusion,2,298,221,319,319,800,600,0.1
degradees/T8VEWN34PKXQ_occlusion3.png,T8VEWN34PKXQ,(01)03760000001014(17)280630(10)JD-001(21)T8VEWN34PKXQ,Paracetamol 500 mg,03760000001014,JD-001,synthetique,occlusion,3,298,221,319,319,800,600,0.15
degradees/TCHDUCEHM3UZ_flou1.png,TCHDUCEHM3UZ,(01)03760000001021(17)280630(10)JD-002(21)TCHDUCEHM3UZ,Amoxicilline 500 mg,03760000001021,JD-002,synthetique,flou,1,338,193,306,306,800,600,3.0
degradees/TCHDUCEHM3UZ_flou2.png,TCHDUCEHM3UZ,(01)03760000001021(17)280630(10)JD-002(21)TCHDUCEHM3UZ,Amoxicilline 500 mg,03760000001021,JD-002,synthetique,flou,2,338,193,306,306,800,600,5.0
degradees/TCHDUCEHM3UZ_flou3.png,TCHDUCEHM3UZ,(01)03760000001021(17)280630(10)JD-002(21)TCHDUCEHM3UZ,Amoxicilline 500 mg,03760000001021,JD-002,synthetique,flou,3,338,193,306,306,800,600,6.0
degradees/TCHDUCEHM3UZ_occlusion1.png,TCHDUCEHM3UZ,(01)03760000001021(17)280630(10)JD-002(21)TCHDUCEHM3UZ,Amoxicilline 500 mg,03760000001021,JD-002,synthetique,occlusion,1,338,193,306,306,800,600,0.05
degradees/TCHDUCEHM3UZ_occlusion2.png,TCHDUCEHM3UZ,(01)03760000001021(17)280630(10)JD-002(21)TCHDUCEHM3UZ,Amoxicilline 500 mg,03760000001021,JD-002,synthetique,occlusion,2,338,193,306,306,800,600,0.1
degradees/TCHDUCEHM3UZ_occlusion3.png,TCHDUCEHM3UZ,(01)03760000001021(17)280630(10)JD-002(21)TCHDUCEHM3UZ,Amoxicilline 500 mg,03760000001021,JD-002,synthetique,occlusion,3,338,193,306,306,800,600,0.15
degradees/TWPZYC99YZFU_flou1.png,TWPZYC99YZFU,(01)03760000001045(17)280630(10)JD-004(21)TWPZYC99YZFU,Metformine 850 mg,03760000001045,JD-004,synthetique,flou,1,183,236,294,294,800,600,3.0
degradees/TWPZYC99YZFU_flou2.png,TWPZYC99YZFU,(01)03760000001045(17)280630(10)JD-004(21)TWPZYC99YZFU,Metformine 850 mg,03760000001045,JD-004,synthetique,flou,2,183,236,294,294,800,600,5.0
degradees/TWPZYC99YZFU_flou3.png,TWPZYC99YZFU,(01)03760000001045(17)280630(10)JD-004(21)TWPZYC99YZFU,Metformine 850 mg,03760000001045,JD-004,synthetique,flou,3,183,236,294,294,800,600,6.0
degradees/TWPZYC99YZFU_occlusion1.png,TWPZYC99YZFU,(01)03760000001045(17)280630(10)JD-004(21)TWPZYC99YZFU,Metformine 850 mg,03760000001045,JD-004,synthetique,occlusion,1,183,236,294,294,800,600,0.05
degradees/TWPZYC99YZFU_occlusion2.png,TWPZYC99YZFU,(01)03760000001045(17)280630(10)JD-004(21)TWPZYC99YZFU,Metformine 850 mg,03760000001045,JD-004,synthetique,occlusion,2,183,236,294,294,800,600,0.1
degradees/TWPZYC99YZFU_occlusion3.png,TWPZYC99YZFU,(01)03760000001045(17)280630(10)JD-004(21)TWPZYC99YZFU,Metformine 850 mg,03760000001045,JD-004,synthetique,occlusion,3,183,236,294,294,800,600,0.15
degradees/U5VG3UQUYG39_flou1.png,U5VG3UQUYG39,(01)03760000001014(17)280630(10)JD-001(21)U5VG3UQUYG39,Paracetamol 500 mg,03760000001014,JD-001,synthetique,flou,1,94,200,237,112,800,600,3.0
degradees/U5VG3UQUYG39_flou2.png,U5VG3UQUYG39,(01)03760000001014(17)280630(10)JD-001(21)U5VG3UQUYG39,Paracetamol 500 mg,03760000001014,JD-001,synthetique,flou,2,94,200,237,112,800,600,5.0
degradees/U5VG3UQUYG39_flou3.png,U5VG3UQUYG39,(01)03760000001014(17)280630(10)JD-001(21)U5VG3UQUYG39,Paracetamol 500 mg,03760000001014,JD-001,synthetique,flou,3,94,200,237,112,800,600,6.0
degradees/U5VG3UQUYG39_occlusion1.png,U5VG3UQUYG39,(01)03760000001014(17)280630(10)JD-001(21)U5VG3UQUYG39,Paracetamol 500 mg,03760000001014,JD-001,synthetique,occlusion,1,94,200,237,112,800,600,0.05
degradees/U5VG3UQUYG39_occlusion2.png,U5VG3UQUYG39,(01)03760000001014(17)280630(10)JD-001(21)U5VG3UQUYG39,Paracetamol 500 mg,03760000001014,JD-001,synthetique,occlusion,2,94,200,237,112,800,600,0.1
degradees/U5VG3UQUYG39_occlusion3.png,U5VG3UQUYG39,(01)03760000001014(17)280630(10)JD-001(21)U5VG3UQUYG39,Paracetamol 500 mg,03760000001014,JD-001,synthetique,occlusion,3,94,200,237,112,800,600,0.15
degradees/V6UZCQZJ8J9D_flou1.png,V6UZCQZJ8J9D,(01)03760000001021(17)280630(10)JD-002(21)V6UZCQZJ8J9D,Amoxicilline 500 mg,03760000001021,JD-002,synthetique,flou,1,343,203,254,254,800,600,3.0
degradees/V6UZCQZJ8J9D_flou2.png,V6UZCQZJ8J9D,(01)03760000001021(17)280630(10)JD-002(21)V6UZCQZJ8J9D,Amoxicilline 500 mg,03760000001021,JD-002,synthetique,flou,2,343,203,254,254,800,600,5.0
degradees/V6UZCQZJ8J9D_flou3.png,V6UZCQZJ8J9D,(01)03760000001021(17)280630(10)JD-002(21)V6UZCQZJ8J9D,Amoxicilline 500 mg,03760000001021,JD-002,synthetique,flou,3,343,203,254,254,800,600,6.0
degradees/V6UZCQZJ8J9D_occlusion1.png,V6UZCQZJ8J9D,(01)03760000001021(17)280630(10)JD-002(21)V6UZCQZJ8J9D,Amoxicilline 500 mg,03760000001021,JD-002,synthetique,occlusion,1,343,203,254,254,800,600,0.05
degradees/V6UZCQZJ8J9D_occlusion2.png,V6UZCQZJ8J9D,(01)03760000001021(17)280630(10)JD-002(21)V6UZCQZJ8J9D,Amoxicilline 500 mg,03760000001021,JD-002,synthetique,occlusion,2,343,203,254,254,800,600,0.1
degradees/V6UZCQZJ8J9D_occlusion3.png,V6UZCQZJ8J9D,(01)03760000001021(17)280630(10)JD-002(21)V6UZCQZJ8J9D,Amoxicilline 500 mg,03760000001021,JD-002,synthetique,occlusion,3,343,203,254,254,800,600,0.15
degradees/VGJZTGF24JT8_flou1.png,VGJZTGF24JT8,(01)03760000001045(17)280630(10)JD-004(21)VGJZTGF24JT8,Metformine 850 mg,03760000001045,JD-004,synthetique,flou,1,157,204,299,299,800,600,3.0
degradees/VGJZTGF24JT8_flou2.png,VGJZTGF24JT8,(01)03760000001045(17)280630(10)JD-004(21)VGJZTGF24JT8,Metformine 850 mg,03760000001045,JD-004,synthetique,flou,2,157,204,299,299,800,600,5.0
degradees/VGJZTGF24JT8_flou3.png,VGJZTGF24JT8,(01)03760000001045(17)280630(10)JD-004(21)VGJZTGF24JT8,Metformine 850 mg,03760000001045,JD-004,synthetique,flou,3,157,204,299,299,800,600,6.0
degradees/VGJZTGF24JT8_occlusion1.png,VGJZTGF24JT8,(01)03760000001045(17)280630(10)JD-004(21)VGJZTGF24JT8,Metformine 850 mg,03760000001045,JD-004,synthetique,occlusion,1,157,204,299,299,800,600,0.05
degradees/VGJZTGF24JT8_occlusion2.png,VGJZTGF24JT8,(01)03760000001045(17)280630(10)JD-004(21)VGJZTGF24JT8,Metformine 850 mg,03760000001045,JD-004,synthetique,occlusion,2,157,204,299,299,800,600,0.1
degradees/VGJZTGF24JT8_occlusion3.png,VGJZTGF24JT8,(01)03760000001045(17)280630(10)JD-004(21)VGJZTGF24JT8,Metformine 850 mg,03760000001045,JD-004,synthetique,occlusion,3,157,204,299,299,800,600,0.15
degradees/WANUJWZPKFSZ_flou1.png,WANUJWZPKFSZ,(01)03760000001045(17)280630(10)JD-004(21)WANUJWZPKFSZ,Metformine 850 mg,03760000001045,JD-004,synthetique,flou,1,306,194,240,240,800,600,3.0
degradees/WANUJWZPKFSZ_flou2.png,WANUJWZPKFSZ,(01)03760000001045(17)280630(10)JD-004(21)WANUJWZPKFSZ,Metformine 850 mg,03760000001045,JD-004,synthetique,flou,2,306,194,240,240,800,600,5.0
degradees/WANUJWZPKFSZ_flou3.png,WANUJWZPKFSZ,(01)03760000001045(17)280630(10)JD-004(21)WANUJWZPKFSZ,Metformine 850 mg,03760000001045,JD-004,synthetique,flou,3,306,194,240,240,800,600,6.0
degradees/WANUJWZPKFSZ_occlusion1.png,WANUJWZPKFSZ,(01)03760000001045(17)280630(10)JD-004(21)WANUJWZPKFSZ,Metformine 850 mg,03760000001045,JD-004,synthetique,occlusion,1,306,194,240,240,800,600,0.05
degradees/WANUJWZPKFSZ_occlusion2.png,WANUJWZPKFSZ,(01)03760000001045(17)280630(10)JD-004(21)WANUJWZPKFSZ,Metformine 850 mg,03760000001045,JD-004,synthetique,occlusion,2,306,194,240,240,800,600,0.1
degradees/WANUJWZPKFSZ_occlusion3.png,WANUJWZPKFSZ,(01)03760000001045(17)280630(10)JD-004(21)WANUJWZPKFSZ,Metformine 850 mg,03760000001045,JD-004,synthetique,occlusion,3,306,194,240,240,800,600,0.15
degradees/WGWDQBDB3S4B_flou1.png,WGWDQBDB3S4B,(01)03760000001021(17)280630(10)JD-002(21)WGWDQBDB3S4B,Amoxicilline 500 mg,03760000001021,JD-002,synthetique,flou,1,398,209,315,315,800,600,3.0
degradees/WGWDQBDB3S4B_flou2.png,WGWDQBDB3S4B,(01)03760000001021(17)280630(10)JD-002(21)WGWDQBDB3S4B,Amoxicilline 500 mg,03760000001021,JD-002,synthetique,flou,2,398,209,315,315,800,600,5.0
degradees/WGWDQBDB3S4B_flou3.png,WGWDQBDB3S4B,(01)03760000001021(17)280630(10)JD-002(21)WGWDQBDB3S4B,Amoxicilline 500 mg,03760000001021,JD-002,synthetique,flou,3,398,209,315,315,800,600,6.0
degradees/WGWDQBDB3S4B_occlusion1.png,WGWDQBDB3S4B,(01)03760000001021(17)280630(10)JD-002(21)WGWDQBDB3S4B,Amoxicilline 500 mg,03760000001021,JD-002,synthetique,occlusion,1,398,209,315,315,800,600,0.05
degradees/WGWDQBDB3S4B_occlusion2.png,WGWDQBDB3S4B,(01)03760000001021(17)280630(10)JD-002(21)WGWDQBDB3S4B,Amoxicilline 500 mg,03760000001021,JD-002,synthetique,occlusion,2,398,209,315,315,800,600,0.1
degradees/WGWDQBDB3S4B_occlusion3.png,WGWDQBDB3S4B,(01)03760000001021(17)280630(10)JD-002(21)WGWDQBDB3S4B,Amoxicilline 500 mg,03760000001021,JD-002,synthetique,occlusion,3,398,209,315,315,800,600,0.15
degradees/X42GVSWJMYTF_flou1.png,X42GVSWJMYTF,(01)03760000001038(17)280630(10)JD-003(21)X42GVSWJMYTF,Ibuprofene 400 mg,03760000001038,JD-003,synthetique,flou,1,370,285,264,125,800,600,3.0
degradees/X42GVSWJMYTF_flou2.png,X42GVSWJMYTF,(01)03760000001038(17)280630(10)JD-003(21)X42GVSWJMYTF,Ibuprofene 400 mg,03760000001038,JD-003,synthetique,flou,2,370,285,264,125,800,600,5.0
degradees/X42GVSWJMYTF_flou3.png,X42GVSWJMYTF,(01)03760000001038(17)280630(10)JD-003(21)X42GVSWJMYTF,Ibuprofene 400 mg,03760000001038,JD-003,synthetique,flou,3,370,285,264,125,800,600,6.0
degradees/X42GVSWJMYTF_occlusion1.png,X42GVSWJMYTF,(01)03760000001038(17)280630(10)JD-003(21)X42GVSWJMYTF,Ibuprofene 400 mg,03760000001038,JD-003,synthetique,occlusion,1,370,285,264,125,800,600,0.05
degradees/X42GVSWJMYTF_occlusion2.png,X42GVSWJMYTF,(01)03760000001038(17)280630(10)JD-003(21)X42GVSWJMYTF,Ibuprofene 400 mg,03760000001038,JD-003,synthetique,occlusion,2,370,285,264,125,800,600,0.1
degradees/X42GVSWJMYTF_occlusion3.png,X42GVSWJMYTF,(01)03760000001038(17)280630(10)JD-003(21)X42GVSWJMYTF,Ibuprofene 400 mg,03760000001038,JD-003,synthetique,occlusion,3,370,285,264,125,800,600,0.15
degradees/X5XH6MC35VU6_flou1.png,X5XH6MC35VU6,(01)03760000001038(17)280630(10)JD-003(21)X5XH6MC35VU6,Ibuprofene 400 mg,03760000001038,JD-003,synthetique,flou,1,84,183,307,307,800,600,3.0
degradees/X5XH6MC35VU6_flou2.png,X5XH6MC35VU6,(01)03760000001038(17)280630(10)JD-003(21)X5XH6MC35VU6,Ibuprofene 400 mg,03760000001038,JD-003,synthetique,flou,2,84,183,307,307,800,600,5.0
degradees/X5XH6MC35VU6_flou3.png,X5XH6MC35VU6,(01)03760000001038(17)280630(10)JD-003(21)X5XH6MC35VU6,Ibuprofene 400 mg,03760000001038,JD-003,synthetique,flou,3,84,183,307,307,800,600,6.0
degradees/X5XH6MC35VU6_occlusion1.png,X5XH6MC35VU6,(01)03760000001038(17)280630(10)JD-003(21)X5XH6MC35VU6,Ibuprofene 400 mg,03760000001038,JD-003,synthetique,occlusion,1,84,183,307,307,800,600,0.05
degradees/X5XH6MC35VU6_occlusion2.png,X5XH6MC35VU6,(01)03760000001038(17)280630(10)JD-003(21)X5XH6MC35VU6,Ibuprofene 400 mg,03760000001038,JD-003,synthetique,occlusion,2,84,183,307,307,800,600,0.1
degradees/X5XH6MC35VU6_occlusion3.png,X5XH6MC35VU6,(01)03760000001038(17)280630(10)JD-003(21)X5XH6MC35VU6,Ibuprofene 400 mg,03760000001038,JD-003,synthetique,occlusion,3,84,183,307,307,800,600,0.15
degradees/X8N7AP8MGDA5_flou1.png,X8N7AP8MGDA5,(01)03760000001045(17)280630(10)JD-004(21)X8N7AP8MGDA5,Metformine 850 mg,03760000001045,JD-004,synthetique,flou,1,336,252,255,255,800,600,3.0
degradees/X8N7AP8MGDA5_flou2.png,X8N7AP8MGDA5,(01)03760000001045(17)280630(10)JD-004(21)X8N7AP8MGDA5,Metformine 850 mg,03760000001045,JD-004,synthetique,flou,2,336,252,255,255,800,600,5.0
degradees/X8N7AP8MGDA5_flou3.png,X8N7AP8MGDA5,(01)03760000001045(17)280630(10)JD-004(21)X8N7AP8MGDA5,Metformine 850 mg,03760000001045,JD-004,synthetique,flou,3,336,252,255,255,800,600,6.0
degradees/X8N7AP8MGDA5_occlusion1.png,X8N7AP8MGDA5,(01)03760000001045(17)280630(10)JD-004(21)X8N7AP8MGDA5,Metformine 850 mg,03760000001045,JD-004,synthetique,occlusion,1,336,252,255,255,800,600,0.05
degradees/X8N7AP8MGDA5_occlusion2.png,X8N7AP8MGDA5,(01)03760000001045(17)280630(10)JD-004(21)X8N7AP8MGDA5,Metformine 850 mg,03760000001045,JD-004,synthetique,occlusion,2,336,252,255,255,800,600,0.1
degradees/X8N7AP8MGDA5_occlusion3.png,X8N7AP8MGDA5,(01)03760000001045(17)280630(10)JD-004(21)X8N7AP8MGDA5,Metformine 850 mg,03760000001045,JD-004,synthetique,occlusion,3,336,252,255,255,800,600,0.15
degradees/XAD8P577VQYB_flou1.png,XAD8P577VQYB,(01)03760000001038(17)280630(10)JD-003(21)XAD8P577VQYB,Ibuprofene 400 mg,03760000001038,JD-003,synthetique,flou,1,431,241,286,286,800,600,3.0
degradees/XAD8P577VQYB_flou2.png,XAD8P577VQYB,(01)03760000001038(17)280630(10)JD-003(21)XAD8P577VQYB,Ibuprofene 400 mg,03760000001038,JD-003,synthetique,flou,2,431,241,286,286,800,600,5.0
degradees/XAD8P577VQYB_flou3.png,XAD8P577VQYB,(01)03760000001038(17)280630(10)JD-003(21)XAD8P577VQYB,Ibuprofene 400 mg,03760000001038,JD-003,synthetique,flou,3,431,241,286,286,800,600,6.0
degradees/XAD8P577VQYB_occlusion1.png,XAD8P577VQYB,(01)03760000001038(17)280630(10)JD-003(21)XAD8P577VQYB,Ibuprofene 400 mg,03760000001038,JD-003,synthetique,occlusion,1,431,241,286,286,800,600,0.05
degradees/XAD8P577VQYB_occlusion2.png,XAD8P577VQYB,(01)03760000001038(17)280630(10)JD-003(21)XAD8P577VQYB,Ibuprofene 400 mg,03760000001038,JD-003,synthetique,occlusion,2,431,241,286,286,800,600,0.1
degradees/XAD8P577VQYB_occlusion3.png,XAD8P577VQYB,(01)03760000001038(17)280630(10)JD-003(21)XAD8P577VQYB,Ibuprofene 400 mg,03760000001038,JD-003,synthetique,occlusion,3,431,241,286,286,800,600,0.15
degradees/XZZPNRVGURYZ_flou1.png,XZZPNRVGURYZ,(01)03760000001045(17)280630(10)JD-004(21)XZZPNRVGURYZ,Metformine 850 mg,03760000001045,JD-004,synthetique,flou,1,187,212,310,310,800,600,3.0
degradees/XZZPNRVGURYZ_flou2.png,XZZPNRVGURYZ,(01)03760000001045(17)280630(10)JD-004(21)XZZPNRVGURYZ,Metformine 850 mg,03760000001045,JD-004,synthetique,flou,2,187,212,310,310,800,600,5.0
degradees/XZZPNRVGURYZ_flou3.png,XZZPNRVGURYZ,(01)03760000001045(17)280630(10)JD-004(21)XZZPNRVGURYZ,Metformine 850 mg,03760000001045,JD-004,synthetique,flou,3,187,212,310,310,800,600,6.0
degradees/XZZPNRVGURYZ_occlusion1.png,XZZPNRVGURYZ,(01)03760000001045(17)280630(10)JD-004(21)XZZPNRVGURYZ,Metformine 850 mg,03760000001045,JD-004,synthetique,occlusion,1,187,212,310,310,800,600,0.05
degradees/XZZPNRVGURYZ_occlusion2.png,XZZPNRVGURYZ,(01)03760000001045(17)280630(10)JD-004(21)XZZPNRVGURYZ,Metformine 850 mg,03760000001045,JD-004,synthetique,occlusion,2,187,212,310,310,800,600,0.1
degradees/XZZPNRVGURYZ_occlusion3.png,XZZPNRVGURYZ,(01)03760000001045(17)280630(10)JD-004(21)XZZPNRVGURYZ,Metformine 850 mg,03760000001045,JD-004,synthetique,occlusion,3,187,212,310,310,800,600,0.15
degradees/YEU3QGNJZNU2_flou1.png,YEU3QGNJZNU2,(01)03760000001045(17)280630(10)JD-004(21)YEU3QGNJZNU2,Metformine 850 mg,03760000001045,JD-004,synthetique,flou,1,300,223,283,283,800,600,3.0
degradees/YEU3QGNJZNU2_flou2.png,YEU3QGNJZNU2,(01)03760000001045(17)280630(10)JD-004(21)YEU3QGNJZNU2,Metformine 850 mg,03760000001045,JD-004,synthetique,flou,2,300,223,283,283,800,600,5.0
degradees/YEU3QGNJZNU2_flou3.png,YEU3QGNJZNU2,(01)03760000001045(17)280630(10)JD-004(21)YEU3QGNJZNU2,Metformine 850 mg,03760000001045,JD-004,synthetique,flou,3,300,223,283,283,800,600,6.0
degradees/YEU3QGNJZNU2_occlusion1.png,YEU3QGNJZNU2,(01)03760000001045(17)280630(10)JD-004(21)YEU3QGNJZNU2,Metformine 850 mg,03760000001045,JD-004,synthetique,occlusion,1,300,223,283,283,800,600,0.05
degradees/YEU3QGNJZNU2_occlusion2.png,YEU3QGNJZNU2,(01)03760000001045(17)280630(10)JD-004(21)YEU3QGNJZNU2,Metformine 850 mg,03760000001045,JD-004,synthetique,occlusion,2,300,223,283,283,800,600,0.1
degradees/YEU3QGNJZNU2_occlusion3.png,YEU3QGNJZNU2,(01)03760000001045(17)280630(10)JD-004(21)YEU3QGNJZNU2,Metformine 850 mg,03760000001045,JD-004,synthetique,occlusion,3,300,223,283,283,800,600,0.15
degradees/YFMPEXF37RB5_flou1.png,YFMPEXF37RB5,(01)03760000001038(17)280630(10)JD-003(21)YFMPEXF37RB5,Ibuprofene 400 mg,03760000001038,JD-003,synthetique,flou,1,231,184,263,263,800,600,3.0
degradees/YFMPEXF37RB5_flou2.png,YFMPEXF37RB5,(01)03760000001038(17)280630(10)JD-003(21)YFMPEXF37RB5,Ibuprofene 400 mg,03760000001038,JD-003,synthetique,flou,2,231,184,263,263,800,600,5.0
degradees/YFMPEXF37RB5_flou3.png,YFMPEXF37RB5,(01)03760000001038(17)280630(10)JD-003(21)YFMPEXF37RB5,Ibuprofene 400 mg,03760000001038,JD-003,synthetique,flou,3,231,184,263,263,800,600,6.0
degradees/YFMPEXF37RB5_occlusion1.png,YFMPEXF37RB5,(01)03760000001038(17)280630(10)JD-003(21)YFMPEXF37RB5,Ibuprofene 400 mg,03760000001038,JD-003,synthetique,occlusion,1,231,184,263,263,800,600,0.05
degradees/YFMPEXF37RB5_occlusion2.png,YFMPEXF37RB5,(01)03760000001038(17)280630(10)JD-003(21)YFMPEXF37RB5,Ibuprofene 400 mg,03760000001038,JD-003,synthetique,occlusion,2,231,184,263,263,800,600,0.1
degradees/YFMPEXF37RB5_occlusion3.png,YFMPEXF37RB5,(01)03760000001038(17)280630(10)JD-003(21)YFMPEXF37RB5,Ibuprofene 400 mg,03760000001038,JD-003,synthetique,occlusion,3,231,184,263,263,800,600,0.15
degradees/YNXJ5BVB54E6_flou1.png,YNXJ5BVB54E6,(01)03760000001014(17)280630(10)JD-001(21)YNXJ5BVB54E6,Paracetamol 500 mg,03760000001014,JD-001,synthetique,flou,1,61,226,212,212,800,600,3.0
degradees/YNXJ5BVB54E6_flou2.png,YNXJ5BVB54E6,(01)03760000001014(17)280630(10)JD-001(21)YNXJ5BVB54E6,Paracetamol 500 mg,03760000001014,JD-001,synthetique,flou,2,61,226,212,212,800,600,5.0
degradees/YNXJ5BVB54E6_flou3.png,YNXJ5BVB54E6,(01)03760000001014(17)280630(10)JD-001(21)YNXJ5BVB54E6,Paracetamol 500 mg,03760000001014,JD-001,synthetique,flou,3,61,226,212,212,800,600,6.0
degradees/YNXJ5BVB54E6_occlusion1.png,YNXJ5BVB54E6,(01)03760000001014(17)280630(10)JD-001(21)YNXJ5BVB54E6,Paracetamol 500 mg,03760000001014,JD-001,synthetique,occlusion,1,61,226,212,212,800,600,0.05
degradees/YNXJ5BVB54E6_occlusion2.png,YNXJ5BVB54E6,(01)03760000001014(17)280630(10)JD-001(21)YNXJ5BVB54E6,Paracetamol 500 mg,03760000001014,JD-001,synthetique,occlusion,2,61,226,212,212,800,600,0.1
degradees/YNXJ5BVB54E6_occlusion3.png,YNXJ5BVB54E6,(01)03760000001014(17)280630(10)JD-001(21)YNXJ5BVB54E6,Paracetamol 500 mg,03760000001014,JD-001,synthetique,occlusion,3,61,226,212,212,800,600,0.15
degradees/Z8M8BY6DAC87_flou1.png,Z8M8BY6DAC87,(01)03760000001021(17)280630(10)JD-002(21)Z8M8BY6DAC87,Amoxicilline 500 mg,03760000001021,JD-002,synthetique,flou,1,480,231,245,116,800,600,3.0
degradees/Z8M8BY6DAC87_flou2.png,Z8M8BY6DAC87,(01)03760000001021(17)280630(10)JD-002(21)Z8M8BY6DAC87,Amoxicilline 500 mg,03760000001021,JD-002,synthetique,flou,2,480,231,245,116,800,600,5.0
degradees/Z8M8BY6DAC87_flou3.png,Z8M8BY6DAC87,(01)03760000001021(17)280630(10)JD-002(21)Z8M8BY6DAC87,Amoxicilline 500 mg,03760000001021,JD-002,synthetique,flou,3,480,231,245,116,800,600,6.0
degradees/Z8M8BY6DAC87_occlusion1.png,Z8M8BY6DAC87,(01)03760000001021(17)280630(10)JD-002(21)Z8M8BY6DAC87,Amoxicilline 500 mg,03760000001021,JD-002,synthetique,occlusion,1,480,231,245,116,800,600,0.05
degradees/Z8M8BY6DAC87_occlusion2.png,Z8M8BY6DAC87,(01)03760000001021(17)280630(10)JD-002(21)Z8M8BY6DAC87,Amoxicilline 500 mg,03760000001021,JD-002,synthetique,occlusion,2,480,231,245,116,800,600,0.1
degradees/Z8M8BY6DAC87_occlusion3.png,Z8M8BY6DAC87,(01)03760000001021(17)280630(10)JD-002(21)Z8M8BY6DAC87,Amoxicilline 500 mg,03760000001021,JD-002,synthetique,occlusion,3,480,231,245,116,800,600,0.15
degradees/ZA2Y3GYAE4CP_flou1.png,ZA2Y3GYAE4CP,(01)03760000001014(17)280630(10)JD-001(21)ZA2Y3GYAE4CP,Paracetamol 500 mg,03760000001014,JD-001,synthetique,flou,1,80,186,226,226,800,600,3.0
degradees/ZA2Y3GYAE4CP_flou2.png,ZA2Y3GYAE4CP,(01)03760000001014(17)280630(10)JD-001(21)ZA2Y3GYAE4CP,Paracetamol 500 mg,03760000001014,JD-001,synthetique,flou,2,80,186,226,226,800,600,5.0
degradees/ZA2Y3GYAE4CP_flou3.png,ZA2Y3GYAE4CP,(01)03760000001014(17)280630(10)JD-001(21)ZA2Y3GYAE4CP,Paracetamol 500 mg,03760000001014,JD-001,synthetique,flou,3,80,186,226,226,800,600,6.0
degradees/ZA2Y3GYAE4CP_occlusion1.png,ZA2Y3GYAE4CP,(01)03760000001014(17)280630(10)JD-001(21)ZA2Y3GYAE4CP,Paracetamol 500 mg,03760000001014,JD-001,synthetique,occlusion,1,80,186,226,226,800,600,0.05
degradees/ZA2Y3GYAE4CP_occlusion2.png,ZA2Y3GYAE4CP,(01)03760000001014(17)280630(10)JD-001(21)ZA2Y3GYAE4CP,Paracetamol 500 mg,03760000001014,JD-001,synthetique,occlusion,2,80,186,226,226,800,600,0.1
degradees/ZA2Y3GYAE4CP_occlusion3.png,ZA2Y3GYAE4CP,(01)03760000001014(17)280630(10)JD-001(21)ZA2Y3GYAE4CP,Paracetamol 500 mg,03760000001014,JD-001,synthetique,occlusion,3,80,186,226,226,800,600,0.15
degradees/ZCSR2B2WDEXS_flou1.png,ZCSR2B2WDEXS,(01)03760000001045(17)280630(10)JD-004(21)ZCSR2B2WDEXS,Metformine 850 mg,03760000001045,JD-004,synthetique,flou,1,207,226,279,279,800,600,3.0
degradees/ZCSR2B2WDEXS_flou2.png,ZCSR2B2WDEXS,(01)03760000001045(17)280630(10)JD-004(21)ZCSR2B2WDEXS,Metformine 850 mg,03760000001045,JD-004,synthetique,flou,2,207,226,279,279,800,600,5.0
degradees/ZCSR2B2WDEXS_flou3.png,ZCSR2B2WDEXS,(01)03760000001045(17)280630(10)JD-004(21)ZCSR2B2WDEXS,Metformine 850 mg,03760000001045,JD-004,synthetique,flou,3,207,226,279,279,800,600,6.0
degradees/ZCSR2B2WDEXS_occlusion1.png,ZCSR2B2WDEXS,(01)03760000001045(17)280630(10)JD-004(21)ZCSR2B2WDEXS,Metformine 850 mg,03760000001045,JD-004,synthetique,occlusion,1,207,226,279,279,800,600,0.05
degradees/ZCSR2B2WDEXS_occlusion2.png,ZCSR2B2WDEXS,(01)03760000001045(17)280630(10)JD-004(21)ZCSR2B2WDEXS,Metformine 850 mg,03760000001045,JD-004,synthetique,occlusion,2,207,226,279,279,800,600,0.1
degradees/ZCSR2B2WDEXS_occlusion3.png,ZCSR2B2WDEXS,(01)03760000001045(17)280630(10)JD-004(21)ZCSR2B2WDEXS,Metformine 850 mg,03760000001045,JD-004,synthetique,occlusion,3,207,226,279,279,800,600,0.15
degradees/ZX9TNQM4FMJA_flou1.png,ZX9TNQM4FMJA,(01)03760000001038(17)280630(10)JD-003(21)ZX9TNQM4FMJA,Ibuprofene 400 mg,03760000001038,JD-003,synthetique,flou,1,417,212,212,212,800,600,3.0
degradees/ZX9TNQM4FMJA_flou2.png,ZX9TNQM4FMJA,(01)03760000001038(17)280630(10)JD-003(21)ZX9TNQM4FMJA,Ibuprofene 400 mg,03760000001038,JD-003,synthetique,flou,2,417,212,212,212,800,600,5.0
degradees/ZX9TNQM4FMJA_flou3.png,ZX9TNQM4FMJA,(01)03760000001038(17)280630(10)JD-003(21)ZX9TNQM4FMJA,Ibuprofene 400 mg,03760000001038,JD-003,synthetique,flou,3,417,212,212,212,800,600,6.0
degradees/ZX9TNQM4FMJA_occlusion1.png,ZX9TNQM4FMJA,(01)03760000001038(17)280630(10)JD-003(21)ZX9TNQM4FMJA,Ibuprofene 400 mg,03760000001038,JD-003,synthetique,occlusion,1,417,212,212,212,800,600,0.05
degradees/ZX9TNQM4FMJA_occlusion2.png,ZX9TNQM4FMJA,(01)03760000001038(17)280630(10)JD-003(21)ZX9TNQM4FMJA,Ibuprofene 400 mg,03760000001038,JD-003,synthetique,occlusion,2,417,212,212,212,800,600,0.1
degradees/ZX9TNQM4FMJA_occlusion3.png,ZX9TNQM4FMJA,(01)03760000001038(17)280630(10)JD-003(21)ZX9TNQM4FMJA,Ibuprofene 400 mg,03760000001038,JD-003,synthetique,occlusion,3,417,212,212,212,800,600,0.15
